source,section,family,record_kind,scenario,k,method,objective_kind,status,fingerprint,start_policy,operating_mode,horizon,warmup,validation,time_limit,variables,rows,movement_variables,passenger_variables,build_seconds,network_seconds,prepare_seconds,solve_seconds,served,unserved,relative_gap,termination,timestamp,git_commit,root_lp_certified,ub,ub_field,lb,lb_field,time,time_field,waiting,maximum_wait_seconds,diagnostic_headway_feasible,diagnostic_headway_violation_count,exported_trajectory_count,objective_semantics,curve_basis,curve_samples,curve_units,first_ub,first_ub_time,first_lb,last_ub_improvement_time,last_lb_improvement_time,curve_end,curve_best_ub,curve_best_lb,ub_improvements,ub_at_30s,lb_at_30s,ub_at_60s,lb_at_60s,ub_at_120s,lb_at_120s,ub_at_300s,lb_at_300s,solver_policy_time_limit_seconds,solver_policy_threads,ub_at_600s,lb_at_600s,ub_at_1800s,lb_at_1800s,ub_at_3600s,lb_at_3600s,model_stats_variables,model_stats_constraints,primary_lower_bound,primary_upper_bound,secondary_lower_bound,secondary_upper_bound
benchmarks/output/affine_timing_20260714/artifacts/20260714T214322Z__three_station_v0__ean_passenger_journey_time__exact_optimality__all/three_station_v0/ean_passenger_service_journey_time.json,root,affine_timing_20260714,artifact_snapshot,three_station_v0,,,,time_limit,,,,1200.0,,,300.0,82398,233193,,,,,,300.40515995025635,2428,1052,0.0651525878950434,,,,,2704689.090907703,objective_value_seconds,2528471.597183574,best_bound,300.40515995025635,runtime_seconds,,,,,15,reported_objective_verify_domain,solver_runtime,82,reported_objective_units,3435543.6363636353,0.07139182090759277,-1.3926637620897964e-12,134.08498883247375,162.90925788879395,300.40515995025635,2704689.0909083514,2528471.597183574,47,3028653.090909046,2463202.3554474544,2707295.3636363605,2504828.7617294486,2704713.454545449,2526950.5066153193,2704689.0909083514,2528471.597183574,,,,,,,,,,,,,,
benchmarks/output/affine_timing_20260714/artifacts/20260714T214829Z__three_station_v0__ean_passenger_journey_time__exact_optimality__candidate_horizon_pruning+single_ring_dominated_ride_pruning+slot_time_relaxation_strengthening+stop_skip_timing_affine/three_station_v0/ean_passenger_service_journey_time.json,root,affine_timing_20260714,artifact_snapshot,three_station_v0,,,,time_limit,,,,1200.0,,,300.0,82398,231900,,,,,,303.64192295074463,2424,1056,0.048284671984807744,,,,,2705130.181818168,objective_value_seconds,2574513.8583128746,best_bound,303.64192295074463,runtime_seconds,,,,,15,reported_objective_verify_domain,solver_runtime,86,reported_objective_units,3435543.6363636353,0.059764862060546875,-2.5579538487363607e-13,288.9052360057831,302.8501408100128,303.64192295074463,2705130.181818168,2574513.8583128746,48,3233330.9999999916,2270518.1313815587,2707159.000000024,2566603.2437500292,2705381.909090876,2569022.853970476,2705130.181818168,2572341.9928265046,,,,,,,,,,,,,,
benchmarks/output/affine_timing_20260714/results/20260714T214322Z__three_station_v0__ean_passenger_journey_time__exact_optimality__all.json,root,affine_timing_20260714,result_document,three_station_v0,,half_cabins_skip_wait,journey_time,,,,,,,,,82398,233193,,,,,,300.40515995025635,2428,1052,0.0651525878950434,,2026-07-14T21:48:25+00:00,5db36ecbe6bf26a4ba2e21d7a4014eb40d72d834,,2704689.090907703,objective_value_seconds,2528471.597183574,best_bound,300.40515995025635,runtime_seconds,,,,,,reported_objective_verify_domain,solver_runtime,82,reported_objective_units,3435543.6363636353,0.07139182090759277,-1.3926637620897964e-12,134.08498883247375,162.90925788879395,300.40515995025635,2704689.0909083514,2528471.597183574,47,3028653.090909046,2463202.3554474544,2707295.3636363605,2504828.7617294486,2704713.454545449,2526950.5066153193,2704689.0909083514,2528471.597183574,300.0,,,,,,,,,,,,,
benchmarks/output/affine_timing_20260714/results/20260714T214829Z__three_station_v0__ean_passenger_journey_time__exact_optimality__candidate_horizon_pruning+single_ring_dominated_ride_pruning+slot_time_relaxation_strengthening+stop_skip_timing_affine.json,root,affine_timing_20260714,result_document,three_station_v0,,half_cabins_skip_wait,journey_time,,,,,,,,,82398,231900,,,,,,303.64192295074463,2424,1056,0.048284671984807744,,2026-07-14T21:53:36+00:00,5db36ecbe6bf26a4ba2e21d7a4014eb40d72d834,,2705130.181818168,objective_value_seconds,2574513.8583128746,best_bound,303.64192295074463,runtime_seconds,,,,,,reported_objective_verify_domain,solver_runtime,86,reported_objective_units,3435543.6363636353,0.059764862060546875,-2.5579538487363607e-13,288.9052360057831,302.8501408100128,303.64192295074463,2705130.181818168,2574513.8583128746,48,3233330.9999999916,2270518.1313815587,2707159.000000024,2566603.2437500292,2705381.909090876,2569022.853970476,2705130.181818168,2572341.9928265046,300.0,,,,,,,,,,,,,
benchmarks/output/artifacts/20260513T121406Z__three_station_v0__ean_passenger_journey_time__exact_optimality__none/three_station_v0/ean_passenger_service_journey_time.json,root,artifacts,artifact_snapshot,three_station_v0,,,,interrupted,,,,1200.0,,,300.0,151974,484989,,,,,,11.654006004333496,896,2584,,,,,,3851870.545454546,objective_value_seconds,,,11.654006004333496,runtime_seconds,,,,,15,reported_objective_verify_domain,,0,reported_objective_units,,,,,,,,,,,,,,,,,,,,,,,,,,,,,,,
benchmarks/output/artifacts/20260513T122008Z__three_station_v0__ean_passenger_journey_time__exact_optimality__all/three_station_v0/ean_passenger_service_journey_time.json,root,artifacts,artifact_snapshot,three_station_v0,,,,time_limit,,,,1200.0,,,300.0,82398,232560,,,,,,300.1494560241699,2429,1051,0.06362006347323881,,,,,2704536.5454545342,objective_value_seconds,2532473.7587670228,best_bound,300.1494560241699,runtime_seconds,,,,,15,reported_objective_verify_domain,,0,reported_objective_units,,,,,,,,,,,,,,,,,,,,,,,,,,,,,,,
benchmarks/output/artifacts/20260513T122736Z__three_station_v0__ean_passenger_journey_time__exact_optimality__none/three_station_v0/ean_passenger_service_journey_time.json,root,artifacts,artifact_snapshot,three_station_v0,,,,time_limit,,,,1200.0,,,300.0,151974,484989,,,,,,300.2192630767822,2416,1064,0.0750822951429873,,,,,2705558.090909089,objective_value_seconds,2502418.5798009555,best_bound,300.2192630767822,runtime_seconds,,,,,15,reported_objective_verify_domain,,0,reported_objective_units,,,,,,,,,,,,,,,,,,,,,,,,,,,,,,,
benchmarks/output/artifacts/20260513T132325Z__three_station_v0__ean_passenger_journey_time__exact_optimality__candidate_horizon_pruning+single_ring_dominated_ride_pruning/three_station_v0/ean_passenger_service_journey_time.json,root,artifacts,artifact_snapshot,three_station_v0,,,,time_limit,,,,1200.0,,,300.0,82398,209568,,,,,,300.12758898735046,2416,1064,0.07726993551526662,,,,,2704867.6363636293,objective_value_seconds,2495862.68852448,best_bound,300.12758898735046,runtime_seconds,,,,,15,reported_objective_verify_domain,,0,reported_objective_units,,,,,,,,,,,,,,,,,,,,,,,,,,,,,,,
benchmarks/output/artifacts/20260513T134429Z__three_station_v0__ean_passenger_journey_time__exact_optimality__slot_time_relaxation_strengthening/three_station_v0/ean_passenger_service_journey_time.json,root,artifacts,artifact_snapshot,three_station_v0,,,,time_limit,,,,1200.0,,,300.0,151974,577557,,,,,,300.4756259918213,2400,1080,0.06649878844249567,,,,,2710448.8181818034,objective_value_seconds,2530207.2556373193,best_bound,300.4756259918213,runtime_seconds,,,,,15,reported_objective_verify_domain,,0,reported_objective_units,,,,,,,,,,,,,,,,,,,,,,,,,,,,,,,
benchmarks/output/artifacts/20260513T150615Z__three_station_v0__ean_passenger_journey_time__exact_optimality__all/three_station_v0/ean_passenger_service_journey_time.json,root,artifacts,artifact_snapshot,three_station_v0,,,,time_limit,,,,1200.0,,,300.0,82398,232560,,,,,,300.2175259590149,2429,1051,0.06362006347323881,,,,,2704536.5454545342,objective_value_seconds,2532473.7587670228,best_bound,300.2175259590149,runtime_seconds,,,,,15,reported_objective_verify_domain,,0,reported_objective_units,,,,,,,,,,,,,,,,,,,,,,,,,,,,,,,
benchmarks/output/artifacts/20260513T151210Z__three_station_v0__ean_passenger_journey_time__exact_optimality__candidate_horizon_pruning+single_ring_dominated_ride_pruning+slot_time_relaxation_strengthening+tight_big_m_bounds/three_station_v0/ean_passenger_service_journey_time.json,root,artifacts,artifact_snapshot,three_station_v0,,,,time_limit,,,,1200.0,,,300.0,82398,232560,,,,,,300.15192699432373,2436,1044,0.06575838484688913,,,,,2704439.2727272445,objective_value_seconds,2526599.7142362054,best_bound,300.15192699432373,runtime_seconds,,,,,15,reported_objective_verify_domain,,0,reported_objective_units,,,,,,,,,,,,,,,,,,,,,,,,,,,,,,,
benchmarks/output/artifacts/20260513T154655Z__three_station_v0__ean_passenger_journey_time__exact_optimality__all/three_station_v0/ean_passenger_service_journey_time.json,root,artifacts,artifact_snapshot,three_station_v0,,,,time_limit,,,,1200.0,,,300.0,82398,232560,,,,,,300.51821398735046,2429,1051,0.06362560305092586,,,,,2704552.5454544807,objective_value_seconds,2532473.7587670228,best_bound,300.51821398735046,runtime_seconds,,,,,15,reported_objective_verify_domain,,0,reported_objective_units,,,,,,,,,,,,,,,,,,,,,,,,,,,,,,,
benchmarks/output/artifacts/20260513T155229Z__three_station_v0__ean_passenger_journey_time__exact_optimality__candidate_horizon_pruning+single_ring_dominated_ride_pruning+slot_time_relaxation_strengthening+tight_big_m_bounds/three_station_v0/ean_passenger_service_journey_time.json,root,artifacts,artifact_snapshot,three_station_v0,,,,time_limit,,,,1200.0,,,300.0,82398,232560,,,,,,300.37942910194397,2418,1062,0.05250314409635947,,,,,2705022.636363601,objective_value_seconds,2563000.4431026885,best_bound,300.37942910194397,runtime_seconds,,,,,15,reported_objective_verify_domain,,0,reported_objective_units,,,,,,,,,,,,,,,,,,,,,,,,,,,,,,,
benchmarks/output/artifacts/20260722T205547Z__five_station_optimized_initial_placement_double_all_stop_skip_wait_v0__ean_passenger_journey_time__quick_good_solution__optimized_all_stop__network__all/five_station_optimized_initial_placement_double_all_stop_skip_wait_v0/ean_passenger_service_journey_time.json,root,artifacts,artifact_snapshot,five_station_optimized_initial_placement_double_all_stop_skip_wait_v0,,,,time_limit,,,,1200.0,,,3600.0,3758296,8805178,,,139.77863950002939,,,3604.057676076889,1280,0,,,,,,371911.1961722486,objective_value_seconds,,,3604.057676076889,runtime_seconds,,,,,76,lexicographic_unserved_then_served_time_then_fleet,solver_runtime,6,multiobjective_phase_not_identified,,,,,,,,,,,,,,,,,,,,,,,,,,,,,,,
benchmarks/output/bottleneck_diagnostics/20260715T141510Z__three_station_v0__journey_time__all.json,root.cases.0,bottleneck_diagnostics,diagnostic_case,three_station_v0,15,half_cabins_skip_wait,journey_time,optimal,,,,,,,300.0,74734,166756,59400,,1.6960013341158628,,,23.610717058181763,2361,1119,0.08916278132307116,,2026-07-15T14:15:10+00:00,f4f7bb743492d99cb42bd581e142c6d9e545c7c7,,2815951.999999932,objective_value_seconds,2564873.887607673,best_bound,23.610717058181763,runtime_seconds,,,,,,reported_objective_verify_domain,solver_runtime,13,reported_objective_units,3435543.6363636353,0.06985211372375488,-2.5579538487363607e-13,23.537363052368164,23.52486801147461,23.610717058181763,2815951.999999932,2564873.887607673,7,,,,,,,,,300.0,,,,,,,,,,,,,
benchmarks/output/bottleneck_diagnostics/20260715T141510Z__three_station_v0__journey_time__all.json,root.cases.1,bottleneck_diagnostics,diagnostic_case,three_station_v0,15,half_cabins_skip_wait,journey_time,optimal,,,,,,,300.0,59400,117492,59400,,1.1372878749389201,,,1.0122959613800049,,,0.0,,2026-07-15T14:15:10+00:00,f4f7bb743492d99cb42bd581e142c6d9e545c7c7,,,,0.0,best_bound,1.0122959613800049,runtime_seconds,,,,,,reported_objective_verify_domain,solver_runtime,3,reported_objective_units,0.0,1.0044660568237305,0.0,,,1.0122959613800049,0.0,0.0,0,,,,,,,,,300.0,,,,,,,,,,,,,
benchmarks/output/bottleneck_diagnostics/20260715T141510Z__three_station_v0__journey_time__all.json,root.cases.2,bottleneck_diagnostics,diagnostic_case,three_station_v0,15,half_cabins_skip_wait,journey_time,optimal,,,,,,,300.0,74734,166756,59400,,1.4926069579087198,,,0.14615082740783691,2392,1088,0.0,,2026-07-15T14:15:10+00:00,f4f7bb743492d99cb42bd581e142c6d9e545c7c7,,2706962.545454499,objective_value_seconds,2706962.545454499,best_bound,0.14615082740783691,runtime_seconds,,,,,,reported_objective_verify_domain,solver_runtime,5,reported_objective_units,4176000.0,0.014284849166870117,0.0,0.13669681549072266,0.13608479499816895,0.14615082740783691,2706962.5454545,2706962.5454545016,2,,,,,,,,,300.0,,,,,,,,,,,,,
benchmarks/output/bottleneck_diagnostics/20260715T142046Z__three_station_v0__journey_time__all.json,root.cases.0,bottleneck_diagnostics,diagnostic_case,three_station_v0,15,half_cabins_skip_wait,journey_time,time_limit,,,,,,,300.0,74734,166756,59400,,1.6487933329772204,,,301.77550292015076,2429,1051,0.039282917990791595,,2026-07-15T14:20:46+00:00,f4f7bb743492d99cb42bd581e142c6d9e545c7c7,,2704356.5454545217,objective_value_seconds,2598121.529061571,best_bound,301.77550292015076,runtime_seconds,,,,,,reported_objective_verify_domain,solver_runtime,100,reported_objective_units,3435543.6363636353,0.0559689998626709,-2.5579538487363607e-13,296.1414120197296,301.65035605430603,301.77550292015076,2704356.5454545217,2598121.529061571,55,2718088.6363635305,2568251.8855971554,2705383.7272727047,2582546.644863356,2704881.4545454057,2585319.511031081,2704356.5454545217,2594845.050083602,300.0,,,,,,,,,,,,,
benchmarks/output/bottleneck_diagnostics/20260715T142046Z__three_station_v0__journey_time__all.json,root.cases.1,bottleneck_diagnostics,diagnostic_case,three_station_v0,15,half_cabins_skip_wait,journey_time,optimal,,,,,,,300.0,59400,117492,59400,,1.1230604590382427,,,2.9546430110931396,,,0.0,,2026-07-15T14:20:46+00:00,f4f7bb743492d99cb42bd581e142c6d9e545c7c7,,,,0.0,best_bound,2.9546430110931396,runtime_seconds,,,,,,reported_objective_verify_domain,solver_runtime,3,reported_objective_units,0.0,2.947391986846924,0.0,,,2.9546430110931396,0.0,0.0,0,,,,,,,,,300.0,,,,,,,,,,,,,
benchmarks/output/bottleneck_diagnostics/20260715T142046Z__three_station_v0__journey_time__all.json,root.cases.2,bottleneck_diagnostics,diagnostic_case,three_station_v0,15,half_cabins_skip_wait,journey_time,optimal,,,,,,,300.0,74734,166756,59400,,1.5271897499915212,,,0.17299389839172363,2428,1052,1.7219325760592159e-16,,2026-07-15T14:20:46+00:00,f4f7bb743492d99cb42bd581e142c6d9e545c7c7,,2704294.5454545226,objective_value_seconds,2704294.545454522,best_bound,0.17299389839172363,runtime_seconds,,,,,,reported_objective_verify_domain,solver_runtime,4,reported_objective_units,4176000.0,0.013919830322265625,0.0,0.1596229076385498,0.1596229076385498,0.17299389839172363,2704294.5454545226,2704294.5454545226,1,,,,,,,,,300.0,,,,,,,,,,,,,
benchmarks/output/bottleneck_diagnostics/20260715T142828Z__five_station_v0__journey_time__all.json,root.cases.0,bottleneck_diagnostics,diagnostic_case,five_station_v0,31,half_cabins_skip_wait,journey_time,time_limit,,,,,,,300.0,252844,601181,170648,,5.696031832834706,,,300.0608620643616,1480,1720,0.49158550268400814,,2026-07-15T14:28:29+00:00,f4f7bb743492d99cb42bd581e142c6d9e545c7c7,,3155354.253353203,objective_value_seconds,1604227.8465724457,best_bound,300.0608620643616,runtime_seconds,,,,,,reported_objective_verify_domain,solver_runtime,5,reported_objective_units,3155354.2533532046,0.23238706588745117,-6.252776074688882e-13,,271.11776304244995,300.0608620643616,3155354.2533532046,1604227.8465724457,0,3155354.2533532046,,3155354.2533532046,-6.252776074688882e-13,3155354.2533532046,-6.252776074688882e-13,3155354.2533532046,1604227.8465724457,300.0,,,,,,,,,,,,,
benchmarks/output/bottleneck_diagnostics/20260715T142828Z__five_station_v0__journey_time__all.json,root.cases.1,bottleneck_diagnostics,diagnostic_case,five_station_v0,31,half_cabins_skip_wait,journey_time,optimal,,,,,,,300.0,170648,338298,170648,,3.164264583028853,,,11.713176012039185,,,0.0,,2026-07-15T14:28:29+00:00,f4f7bb743492d99cb42bd581e142c6d9e545c7c7,,,,0.0,best_bound,11.713176012039185,runtime_seconds,,,,,,reported_objective_verify_domain,solver_runtime,3,reported_objective_units,0.0,11.677456140518188,0.0,,,11.713176012039185,0.0,0.0,0,,,,,,,,,300.0,,,,,,,,,,,,,
benchmarks/output/bottleneck_diagnostics/20260715T142828Z__five_station_v0__journey_time__all.json,root.cases.2,bottleneck_diagnostics,diagnostic_case,five_station_v0,31,half_cabins_skip_wait,journey_time,optimal,,,,,,,300.0,252844,601181,170648,,5.49291200004518,,,1.0766820907592773,2544,656,2.0324495712357997e-15,,2026-07-15T14:28:29+00:00,f4f7bb743492d99cb42bd581e142c6d9e545c7c7,,1947463.2965722783,objective_value_seconds,1947463.2965722743,best_bound,1.0766820907592773,runtime_seconds,,,,,,reported_objective_verify_domain,solver_runtime,12,reported_objective_units,3840000.0,0.04970407485961914,0.0,1.041774034500122,0.9040720462799072,1.0766820907592773,1947463.2965722783,1947463.2965722757,9,,,,,,,,,300.0,,,,,,,,,,,,,
benchmarks/output/circle_half_skip_wait_20260716/artifacts/20260716T090821Z__five_station_circle_cw_half_skip_wait_v0__ean_passenger_journey_time__exact_optimality__optimized_all_stop__all/five_station_circle_cw_half_skip_wait_v0/ean_passenger_service_journey_time.json,root,circle_half_skip_wait_20260716,artifact_snapshot,five_station_circle_cw_half_skip_wait_v0,,,,time_limit,,,,1200.0,,,1800.0,181319,407273,,,5.612054708879441,,,1800.1466851234436,1240,40,0.2768854239902989,,,,,646292.1607654807,objective_value_seconds,467343.2818103242,best_bound,1800.1466851234436,runtime_seconds,,,,,19,reported_objective_verify_domain,solver_runtime,42,reported_objective_units,668768.9952153084,0.18970513343811035,0.0,1480.5331530570984,1771.660842180252,1800.1466851234436,646292.1607654807,467343.28181032353,20,668768.9952153084,,668768.9952153084,0.0,668768.9952153084,0.0,668768.9952153084,0.0,,,668768.9952153084,0.0,646292.1607654807,467343.28181032353,,,,,,,,
benchmarks/output/circle_half_skip_wait_20260716/results/20260716T090821Z__five_station_circle_cw_half_skip_wait_v0__ean_passenger_journey_time__exact_optimality__optimized_all_stop__all.json,root,circle_half_skip_wait_20260716,result_document,five_station_circle_cw_half_skip_wait_v0,,half_skip_wait,journey_time,,,,,,,,,181319,407273,,,5.612054708879441,,,1800.1466851234436,1240,40,0.2768854239902989,,2026-07-16T09:38:29+00:00,67aa73b7774ac53d2e652ce30349622d73eb1647,,646292.1607654807,objective_value_seconds,467343.2818103242,best_bound,1800.1466851234436,runtime_seconds,,,,,,reported_objective_verify_domain,solver_runtime,42,reported_objective_units,668768.9952153084,0.18970513343811035,0.0,1480.5331530570984,1771.660842180252,1800.1466851234436,646292.1607654807,467343.28181032353,20,668768.9952153084,,668768.9952153084,0.0,668768.9952153084,0.0,668768.9952153084,0.0,1800.0,,668768.9952153084,0.0,646292.1607654807,467343.28181032353,,,,,,,,
benchmarks/output/combined_formulations_20260715/artifacts/20260715T110808Z__three_station_v0__ean_passenger_journey_time__exact_optimality__all/three_station_v0/ean_passenger_service_journey_time.json,root,combined_formulations_20260715,artifact_snapshot,three_station_v0,,,,time_limit,,,,1200.0,,,300.0,82398,233193,,,2.262474291957915,,,300.8058078289032,2428,1052,0.0651525878950434,,,,,2704689.090907703,objective_value_seconds,2528471.597183574,best_bound,300.8058078289032,runtime_seconds,,,,,15,reported_objective_verify_domain,solver_runtime,81,reported_objective_units,3435543.6363636353,0.08898782730102539,-1.3926637620897964e-12,135.32945895195007,164.21881198883057,300.8058078289032,2704689.0909083514,2528471.597183574,47,3028653.090909046,2463202.3554474544,2707414.4545454467,2504828.7617294486,2704713.454545449,2526950.5066153193,2704689.0909083514,2528471.597183574,,,,,,,,,,,,,,
benchmarks/output/combined_formulations_20260715/artifacts/20260715T111326Z__three_station_v0__ean_passenger_journey_time__exact_optimality__candidate_horizon_pruning+single_ring_dominated_ride_pruning+slot_time_relaxation_strengthening+stop_skip_timing_affine+slot_activation_first_slot/three_station_v0/ean_passenger_service_journey_time.json,root,combined_formulations_20260715,artifact_snapshot,three_station_v0,,,,time_limit,,,,1200.0,,,300.0,82398,182084,,,1.6933868331834674,,,303.43462204933167,2432,1048,0.05144041114356516,,,,,2704681.090909061,objective_value_seconds,2565551.1835804726,best_bound,303.43462204933167,runtime_seconds,,,,,15,reported_objective_verify_domain,solver_runtime,66,reported_objective_units,3435543.6363636353,0.060630083084106445,-2.5579538487363607e-13,153.87644600868225,302.72000908851624,303.43462204933167,2704681.090909061,2565551.1835804726,29,3401872.2727272427,2007990.7885605344,2708252.218181788,2560510.7658126876,2704894.072727248,2562320.8487550546,2704681.090909061,2562448.6135375984,,,,,,,,,,,,,,
benchmarks/output/combined_formulations_20260715/artifacts/20260715T112001Z__three_station_v0__ean_passenger_journey_time__exact_optimality__candidate_horizon_pruning+single_ring_dominated_ride_pruning+slot_time_relaxation___6e51e5fc4e85/three_station_v0/ean_passenger_service_journey_time.json,root,combined_formulations_20260715,artifact_snapshot,three_station_v0,,,,time_limit,,,,1200.0,,,300.0,74734,166756,,,1.5451506660319865,,,301.6487319469452,2440,1040,0.04509072466122367,,,,,2704482.90909089,objective_value_seconds,2582535.8148860876,best_bound,301.6487319469452,runtime_seconds,,,,,15,reported_objective_verify_domain,solver_runtime,85,reported_objective_units,3435543.6363636353,0.05212593078613281,-2.5579538487363607e-13,239.3975088596344,301.516902923584,301.6487319469452,2704482.9090908896,2582535.8148860876,41,2766151.6363636362,2563461.978691098,2706259.999999971,2572877.3123945924,2704978.999999972,2579612.6920013963,2704482.9090908896,2581248.893056409,,,,,,,,,,,,,,
benchmarks/output/combined_formulations_20260715/results/20260715T110808Z__three_station_v0__ean_passenger_journey_time__exact_optimality__all.json,root,combined_formulations_20260715,result_document,three_station_v0,,half_cabins_skip_wait,journey_time,,,,,,,,,82398,233193,,,2.262474291957915,,,300.8058078289032,2428,1052,0.0651525878950434,,2026-07-15T11:13:11+00:00,25b36f1a2f1253176feedc9714fe764b258788c8,,2704689.090907703,objective_value_seconds,2528471.597183574,best_bound,300.8058078289032,runtime_seconds,,,,,,reported_objective_verify_domain,solver_runtime,81,reported_objective_units,3435543.6363636353,0.08898782730102539,-1.3926637620897964e-12,135.32945895195007,164.21881198883057,300.8058078289032,2704689.0909083514,2528471.597183574,47,3028653.090909046,2463202.3554474544,2707414.4545454467,2504828.7617294486,2704713.454545449,2526950.5066153193,2704689.0909083514,2528471.597183574,300.0,,,,,,,,,,,,,
benchmarks/output/combined_formulations_20260715/results/20260715T111326Z__three_station_v0__ean_passenger_journey_time__exact_optimality__candidate_horizon_pruning+single_ring_dominated_ride_pruning+slot_time_relaxation_strengthening+stop_skip_timing_affine+slot_activation_first_slot.json,root,combined_formulations_20260715,result_document,three_station_v0,,half_cabins_skip_wait,journey_time,,,,,,,,,82398,182084,,,1.6933868331834674,,,303.43462204933167,2432,1048,0.05144041114356516,,2026-07-15T11:18:32+00:00,25b36f1a2f1253176feedc9714fe764b258788c8,,2704681.090909061,objective_value_seconds,2565551.1835804726,best_bound,303.43462204933167,runtime_seconds,,,,,,reported_objective_verify_domain,solver_runtime,66,reported_objective_units,3435543.6363636353,0.060630083084106445,-2.5579538487363607e-13,153.87644600868225,302.72000908851624,303.43462204933167,2704681.090909061,2565551.1835804726,29,3401872.2727272427,2007990.7885605344,2708252.218181788,2560510.7658126876,2704894.072727248,2562320.8487550546,2704681.090909061,2562448.6135375984,300.0,,,,,,,,,,,,,
benchmarks/output/combined_formulations_20260715/results/20260715T112001Z__three_station_v0__ean_passenger_journey_time__exact_optimality__candidate_horizon_pruning+single_ring_dominated_ride_pruning+slot_time_relaxation___6e51e5fc4e85.json,root,combined_formulations_20260715,result_document,three_station_v0,,half_cabins_skip_wait,journey_time,,,,,,,,,74734,166756,,,1.5451506660319865,,,301.6487319469452,2440,1040,0.04509072466122367,,2026-07-15T11:25:05+00:00,25b36f1a2f1253176feedc9714fe764b258788c8,,2704482.90909089,objective_value_seconds,2582535.8148860876,best_bound,301.6487319469452,runtime_seconds,,,,,,reported_objective_verify_domain,solver_runtime,85,reported_objective_units,3435543.6363636353,0.05212593078613281,-2.5579538487363607e-13,239.3975088596344,301.516902923584,301.6487319469452,2704482.9090908896,2582535.8148860876,41,2766151.6363636362,2563461.978691098,2706259.999999971,2572877.3123945924,2704978.999999972,2579612.6920013963,2704482.9090908896,2581248.893056409,300.0,,,,,,,,,,,,,
benchmarks/output/combined_formulations_20260715/three_station_15min/artifacts/20260715T112539Z__three_station_v0__ean_passenger_journey_time__exact_optimality__all/three_station_v0/ean_passenger_service_journey_time.json,root,combined_formulations_20260715,artifact_snapshot,three_station_v0,,,,time_limit,,,,1200.0,,,900.0,82398,233193,,,1.9057676668744534,,,900.2002689838409,2436,1044,0.0649987735804208,,,,,2704596.7272727126,objective_value_seconds,2528801.2569703665,best_bound,900.2002689838409,runtime_seconds,,,,,15,reported_objective_verify_domain,solver_runtime,143,reported_objective_units,3435543.6363636353,0.061712026596069336,-1.3926637620897964e-12,353.355731010437,877.7161209583282,900.2002689838409,2704596.7272727126,2528801.2569703665,49,3028653.090909046,2463202.3554474544,2707295.3636363605,2504828.7617294486,2704713.454545449,2526950.5066153193,2704689.0909083514,2528471.597183574,,,2704596.7272727126,2528471.597183574,,,,,,,,,,
benchmarks/output/combined_formulations_20260715/three_station_15min/artifacts/20260715T114055Z__three_station_v0__ean_passenger_journey_time__exact_optimality__candidate_horizon_pruning+single_ring_dominated_ride_pruning+slot_time_relaxation___6e51e5fc4e85/three_station_v0/ean_passenger_service_journey_time.json,root,combined_formulations_20260715,artifact_snapshot,three_station_v0,,,,time_limit,,,,1200.0,,,900.0,74734,166756,,,1.5303032910451293,,,900.1732659339905,2448,1032,0.030914696621329295,,,,,2704423.3636363596,objective_value_seconds,2620816.9358139066,best_bound,900.1732659339905,runtime_seconds,,,,,15,reported_objective_verify_domain,solver_runtime,168,reported_objective_units,3435543.6363636353,0.05208182334899902,-2.5579538487363607e-13,896.6030979156494,900.1732659339905,900.1732659339905,2704423.3636363596,2620816.9358139066,44,2713980.999999876,2563912.7250973214,2706008.3636363447,2576639.366341198,2704978.999999972,2579612.6920013963,2704482.9090908896,2584315.924913137,,,2704460.7272727108,2613854.7820507963,,,,,,,,,,
benchmarks/output/combined_formulations_20260715/three_station_15min/results/20260715T112539Z__three_station_v0__ean_passenger_journey_time__exact_optimality__all.json,root,combined_formulations_20260715,result_document,three_station_v0,,half_cabins_skip_wait,journey_time,,,,,,,,,82398,233193,,,1.9057676668744534,,,900.2002689838409,2436,1044,0.0649987735804208,,2026-07-15T11:40:42+00:00,3d4eb3e527df42c066f410eeb7533dffda6fe3ec,,2704596.7272727126,objective_value_seconds,2528801.2569703665,best_bound,900.2002689838409,runtime_seconds,,,,,,reported_objective_verify_domain,solver_runtime,143,reported_objective_units,3435543.6363636353,0.061712026596069336,-1.3926637620897964e-12,353.355731010437,877.7161209583282,900.2002689838409,2704596.7272727126,2528801.2569703665,49,3028653.090909046,2463202.3554474544,2707295.3636363605,2504828.7617294486,2704713.454545449,2526950.5066153193,2704689.0909083514,2528471.597183574,900.0,,2704596.7272727126,2528471.597183574,,,,,,,,,,
benchmarks/output/combined_formulations_20260715/three_station_15min/results/20260715T114055Z__three_station_v0__ean_passenger_journey_time__exact_optimality__candidate_horizon_pruning+single_ring_dominated_ride_pruning+slot_time_relaxation___6e51e5fc4e85.json,root,combined_formulations_20260715,result_document,three_station_v0,,half_cabins_skip_wait,journey_time,,,,,,,,,74734,166756,,,1.5303032910451293,,,900.1732659339905,2448,1032,0.030914696621329295,,2026-07-15T11:55:58+00:00,3d4eb3e527df42c066f410eeb7533dffda6fe3ec,,2704423.3636363596,objective_value_seconds,2620816.9358139066,best_bound,900.1732659339905,runtime_seconds,,,,,,reported_objective_verify_domain,solver_runtime,168,reported_objective_units,3435543.6363636353,0.05208182334899902,-2.5579538487363607e-13,896.6030979156494,900.1732659339905,900.1732659339905,2704423.3636363596,2620816.9358139066,44,2713980.999999876,2563912.7250973214,2706008.3636363447,2576639.366341198,2704978.999999972,2579612.6920013963,2704482.9090908896,2584315.924913137,900.0,,2704460.7272727108,2613854.7820507963,,,,,,,,,,
benchmarks/output/ddd_audit_post_refactor/selective_raw_core_20/five_station_circle_cw_half_skip_no_wait_v0.json,root,ddd_audit_post_refactor,result_document,five_station_circle_cw_half_skip_no_wait_v0,19,anonymous_passenger_master,journey_time,feasible_with_gap,,,,1200.0,,,,,,,,,,0.005313500063493848,54.94113258400466,,,,,2026-08-17T11:29:57.556967+00:00,,,1422004.210176,global_upper_bound,409360.3827920011,global_lower_bound,54.94113258400466,solve_seconds,,,,,,reported_objective_verify_domain,sum_iteration_seconds_excludes_unassigned_overhead,20,reported_objective_units,1422004.210176,2.5042840410023928,409360.3827920009,,,51.712698749033734,1422004.210176,409360.3827920009,0,1422004.210176,409360.3827920011,,,,,,,,,,,,,,,,,,,,
benchmarks/output/ddd_audit_post_refactor/trajectory_root_cg_pair_only_30r/five_station_circle_cw_half_skip_no_wait_v0__journey_time.json,root,ddd_audit_post_refactor,result_document,five_station_circle_cw_half_skip_no_wait_v0,19,fixed_starts_no_wait_exact_root_column_generation,journey_time,optimal_root_lp,,,,1200.0,,,,,,,,,,,,,,0.0003246108154882884,,2026-08-17T13:07:01.833112+00:00,,True,556809.5681839999,best_upper_bound,556628.821776,certified_lower_bound,408.23135545803234,total_seconds,,,,,,reported_objective_verify_domain,sum_iteration_seconds_excludes_unassigned_overhead,21,reported_objective_units,668768.9931919998,9.367676082998514,23025.949320000014,371.4353917915141,405.7572357915342,405.7572357915342,556809.5681839999,556628.821776,13,668768.9931919998,488961.2717809658,668768.9931919998,502535.423391064,572136.4581439999,549406.7511103868,558055.5012,554387.7499520001,,,,,,,,,,,,,,
benchmarks/output/ddd_branch_price_gate_k20/five_station_circle_cw_half_skip_no_wait_headway_b_v0__journey_time.json,root,ddd_branch_price_gate_k20,result_document,five_station_circle_cw_half_skip_no_wait_headway_b_v0,20,exact_root_column_generation,journey_time,time_limit_with_certified_interval,2c53481066e498cc29ec206e717911f55d1ac30296cdc5cb8ac05139b35fbd01,balanced_reference,skip_stop,1200.0,,True,300.0,,,,,,,,,,,0.17586114062445468,no total budget remained for required proof pricing,2026-08-25T14:01:14.418781+00:00,,False,635519.9980799999,best_upper_bound,523756.7263279999,certified_lower_bound,316.0625880410662,total_seconds,"{""domain"": ""no_wait"", ""earliest_wait_time_seconds"": 0.0, ""maximum_wait_seconds_by_station_id"": [], ""step_seconds"": null}",,,,,reported_objective_verify_domain,sum_iteration_seconds_excludes_unassigned_overhead,16,reported_objective_units,635519.9980799999,9.23195891699288,7892.728340000031,,172.16429737687577,172.16429737687577,635519.9980799999,523756.7263279999,0,635519.9980799999,486320.2417439999,635519.9980799999,512303.6082595033,635519.9980799999,522065.18656981585,,,,,,,,,,,,,,,,
benchmarks/output/ddd_branch_price_gate_k20_prepare/five_station_circle_cw_half_skip_no_wait_headway_b_v0__journey_time.json,root,ddd_branch_price_gate_k20_prepare,result_document,five_station_circle_cw_half_skip_no_wait_headway_b_v0,20,exact_root_column_generation,journey_time,iteration_limit_with_certified_interval,2c53481066e498cc29ec206e717911f55d1ac30296cdc5cb8ac05139b35fbd01,balanced_reference,skip_stop,1200.0,,True,60.0,,,,,,,,,,,0.33254256739438937,trajectory root column-generation iteration limit exhausted,2026-08-25T13:55:45.497778+00:00,,False,635519.9980799999,best_upper_bound,424182.5462879994,certified_lower_bound,18.494761583860964,total_seconds,"{""domain"": ""no_wait"", ""earliest_wait_time_seconds"": 0.0, ""maximum_wait_seconds_by_station_id"": [], ""step_seconds"": null}",,,,,reported_objective_verify_domain,sum_iteration_seconds_excludes_unassigned_overhead,2,reported_objective_units,635519.9980799999,9.356459500035271,7892.728340000031,,18.149000665987842,18.149000665987842,635519.9980799999,424182.5462879994,0,,,,,,,,,,,,,,,,,,,,,,
benchmarks/output/ddd_branch_price_gate_k39_10m/five_station_circle_cw_half_skip_no_wait_headway_b_v0__journey_time.json,root,ddd_branch_price_gate_k39_10m,result_document,five_station_circle_cw_half_skip_no_wait_headway_b_v0,39,exact_root_column_generation,journey_time,root_lp_certified_with_integer_gap,2f82126c06273d2299ab258ca5c5d92acc9d83d829360422f8473c26521cc0f0,balanced_reference,skip_stop,1200.0,,True,600.0,,,,,,,,,,,0.78101164686255,,2026-08-25T16:10:57.692132+00:00,,True,1441586.411136,best_upper_bound,315690.63407999947,certified_lower_bound,340.1475369170075,total_seconds,"{""domain"": ""no_wait"", ""earliest_wait_time_seconds"": 0.0, ""maximum_wait_seconds_by_station_id"": [], ""step_seconds"": null}",,,,,reported_objective_verify_domain,sum_iteration_seconds_excludes_unassigned_overhead,15,reported_objective_units,1441586.411136,22.68318270810414,0.0,,334.8289367069956,334.8289367069956,1441586.411136,315690.63407999947,0,1441586.411136,0.0,1441586.411136,0.0,1441586.411136,298100.42649599985,1441586.411136,315509.9339759998,,,,,,,,,,,,,,
benchmarks/output/ddd_branch_price_gate_k39_arcflow_10m/five_station_circle_cw_half_skip_no_wait_headway_b_v0_arc_flow_skip_stop_k39/result.json,root,ddd_branch_price_gate_k39_arcflow_10m,result_document,five_station_circle_cw_half_skip_no_wait_headway_b_v0,39,,journey_time,time_limit_with_certified_interval,2f82126c06273d2299ab258ca5c5d92acc9d83d829360422f8473c26521cc0f0,balanced_reference,skip_stop,,,not_run,,,556678,42471,312833,17.794026290997863,6.149595708004199,5.057278332998976,570.9960813330254,,,0.7174103806107264,,,,,1441586.411136,validated_upper_bound,407377.3552396712,certified_lower_bound,600.8154777910095,total_seconds,,,,,,reported_objective_verify_domain,,0,reported_objective_units,,,,,,,,,,,,,,,,,,,,,,,,,,,,,,,
benchmarks/output/ddd_branch_price_gate_k39_smoke/five_station_circle_cw_half_skip_no_wait_headway_b_v0__journey_time.json,root,ddd_branch_price_gate_k39_smoke,result_document,five_station_circle_cw_half_skip_no_wait_headway_b_v0,39,exact_root_column_generation,journey_time,iteration_limit_with_certified_interval,2f82126c06273d2299ab258ca5c5d92acc9d83d829360422f8473c26521cc0f0,balanced_reference,skip_stop,1200.0,,True,120.0,,,,,,,,,,,1.0,trajectory root column-generation iteration limit exhausted,2026-08-25T16:05:01.263512+00:00,,False,1441586.411136,best_upper_bound,0.0,certified_lower_bound,26.11295770900324,total_seconds,"{""domain"": ""no_wait"", ""earliest_wait_time_seconds"": 0.0, ""maximum_wait_seconds_by_station_id"": [], ""step_seconds"": null}",,,,,reported_objective_verify_domain,sum_iteration_seconds_excludes_unassigned_overhead,1,reported_objective_units,1441586.411136,22.17463174997829,0.0,,,22.17463174997829,1441586.411136,0.0,0,,,,,,,,,,,,,,,,,,,,,,
benchmarks/output/ddd_branch_price_smoke/three_station_exhaustive_trajectory_bound_v0__journey_time.json,root,ddd_branch_price_smoke,result_document,three_station_exhaustive_trajectory_bound_v0,3,exact_root_column_generation,journey_time,integer_optimal,729d803a0843623bfc041dd4d446c1132759ad5693d1a1de0439d513cc2be433,legacy,skip_stop,250.0,,True,30.0,,,,,,,,,,,0.0,,2026-08-25T13:51:18.749853+00:00,,True,860821.818136,best_upper_bound,860821.818136,certified_lower_bound,0.04641958302818239,total_seconds,"{""domain"": ""no_wait"", ""earliest_wait_time_seconds"": 0.0, ""maximum_wait_seconds_by_station_id"": [], ""step_seconds"": null}",,,,,reported_objective_verify_domain,sum_iteration_seconds_excludes_unassigned_overhead,2,reported_objective_units,860821.818136,0.01432754099369049,854207.418112,,0.029215416056104004,0.029215416056104004,860821.818136,860821.818136,0,,,,,,,,,,,,,,,,,,,,,,
benchmarks/output/ddd_delayed_waiting_budget_smoke/five_station_circle_cw_half_skip_no_wait_headway_b_v0__k20__skip_stop__wait_0p5h.json,root,ddd_delayed_waiting_budget_smoke,result_document,five_station_circle_cw_half_skip_no_wait_headway_b_v0,20,anonymous_passenger_master,journey_time,time_limit_with_certified_interval,,canonical_rope,skip_stop,1200.0,,,3.0,,,,,,,0.034742083051241934,3.0345539581030607,,,,,2026-08-26T14:52:33.553874+00:00,,,,,402823.0911999992,global_lower_bound,3.0345539581030607,solve_seconds,"{""domain"": ""bounded_wait"", ""earliest_wait_time_seconds"": 0.0, ""maximum_wait_seconds_by_station_id"": [[""A"", 3.0], [""B"", 3.0], [""C"", 3.0], [""D"", 3.0], [""E"", 3.0]], ""step_seconds"": 1.0}",,,,,reported_objective_verify_domain,,0,reported_objective_units,,,,,,,,,,,,,,,,,,,,,,,,,,,,,,,
benchmarks/output/ddd_delayed_waiting_passenger_pilot_k20/five_station_circle_cw_half_skip_no_wait_headway_b_v0.json,root,ddd_delayed_waiting_passenger_pilot_k20,result_document,five_station_circle_cw_half_skip_no_wait_headway_b_v0,20,anonymous_passenger_master,journey_time,feasible_with_gap,,canonical_rope,skip_stop,1200.0,,,,,,,,,,0.03459166700486094,14.908951750025153,,,,,2026-08-26T13:31:48.253559+00:00,,,1335852.90372,global_upper_bound,402823.0911999992,global_lower_bound,14.908951750025153,solve_seconds,"{""domain"": ""bounded_wait"", ""earliest_wait_time_seconds"": 0.0, ""maximum_wait_seconds_by_station_id"": [[""A"", 3.0], [""B"", 3.0], [""C"", 3.0], [""D"", 3.0], [""E"", 3.0]], ""step_seconds"": 1.0}",,,,,reported_objective_verify_domain,sum_iteration_seconds_excludes_unassigned_overhead,2,reported_objective_units,1335852.90372,5.1531315830070525,402823.0911999992,,,10.39014487399254,1335852.90372,402823.0911999992,0,,,,,,,,,,,,,,,,,,,,,,
benchmarks/output/ddd_delayed_waiting_passenger_pilot_k20_v2/five_station_circle_cw_half_skip_no_wait_headway_b_v0__k20__skip_stop__wait_0p5h.json,root,ddd_delayed_waiting_passenger_pilot_k20_v2,result_document,five_station_circle_cw_half_skip_no_wait_headway_b_v0,20,anonymous_passenger_master,journey_time,feasible_with_gap,,canonical_rope,skip_stop,1200.0,,,,,,,,,,0.035571582964621484,15.508148542023264,,,,,2026-08-26T13:50:09.410045+00:00,,,1335852.90372,global_upper_bound,402823.0911999992,global_lower_bound,15.508148542023264,solve_seconds,"{""domain"": ""bounded_wait"", ""earliest_wait_time_seconds"": 0.0, ""maximum_wait_seconds_by_station_id"": [[""A"", 3.0], [""B"", 3.0], [""C"", 3.0], [""D"", 3.0], [""E"", 3.0]], ""step_seconds"": 1.0}",,,,,reported_objective_verify_domain,sum_iteration_seconds_excludes_unassigned_overhead,2,reported_objective_units,1335852.90372,5.430430041975342,402823.0911999992,,,10.905253292061388,1335852.90372,402823.0911999992,0,,,,,,,,,,,,,,,,,,,,,,
benchmarks/output/ddd_delayed_waiting_pilot_k20/five_station_circle_cw_half_skip_no_wait_headway_b_v0.json,root,ddd_delayed_waiting_pilot_k20,result_document,five_station_circle_cw_half_skip_no_wait_headway_b_v0,20,movement_feasibility,none,optimal,,canonical_rope,skip_stop,1200.0,,,,,,,,,,0.03483070805668831,4.421570583013818,,,,,2026-08-26T13:31:14.602556+00:00,,,0.0,global_upper_bound,0.0,global_lower_bound,4.421570583013818,solve_seconds,"{""domain"": ""bounded_wait"", ""earliest_wait_time_seconds"": 0.0, ""maximum_wait_seconds_by_station_id"": [[""A"", 3.0], [""B"", 3.0], [""C"", 3.0], [""D"", 3.0], [""E"", 3.0]], ""step_seconds"": 1.0}",,,,,reported_objective_verify_domain,sum_iteration_seconds_excludes_unassigned_overhead,1,reported_objective_units,0.0,4.404074833961204,0.0,,,4.404074833961204,0.0,0.0,0,,,,,,,,,,,,,,,,,,,,,,
benchmarks/output/ddd_delayed_waiting_shared_budget_k20/five_station_circle_cw_half_skip_no_wait_headway_b_v0__k20__skip_stop__wait_0h.json,root,ddd_delayed_waiting_shared_budget_k20,result_document,five_station_circle_cw_half_skip_no_wait_headway_b_v0,20,anonymous_passenger_master,journey_time,time_limit_with_certified_interval,,canonical_rope,skip_stop,1200.0,,,20.0,,,,,,,0.03176258399616927,20.17791208298877,,,,,2026-08-26T14:45:08.012769+00:00,,,660412.2004640001,global_upper_bound,403367.09119999944,global_lower_bound,20.17791208298877,solve_seconds,"{""domain"": ""no_wait"", ""earliest_wait_time_seconds"": 0.0, ""maximum_wait_seconds_by_station_id"": [], ""step_seconds"": null}",,,,,reported_objective_verify_domain,sum_iteration_seconds_excludes_unassigned_overhead,7,reported_objective_units,660412.2004640001,2.4449935000156984,402823.0911999992,,12.350804208079353,15.948589083040133,660412.2004640001,403367.09119999944,0,,,,,,,,,,,,,,,,,,,,,,
benchmarks/output/ddd_delayed_waiting_shared_budget_k20/five_station_circle_cw_half_skip_no_wait_headway_b_v0__k20__skip_stop__wait_0p5h.json,root,ddd_delayed_waiting_shared_budget_k20,result_document,five_station_circle_cw_half_skip_no_wait_headway_b_v0,20,anonymous_passenger_master,journey_time,time_limit_with_certified_interval,,canonical_rope,skip_stop,1200.0,,,20.0,,,,,,,0.03502645797561854,21.706382042029873,,,,,2026-08-26T14:45:30.489713+00:00,,,1335852.90372,global_upper_bound,402823.0911999992,global_lower_bound,21.706382042029873,solve_seconds,"{""domain"": ""bounded_wait"", ""earliest_wait_time_seconds"": 0.0, ""maximum_wait_seconds_by_station_id"": [[""A"", 3.0], [""B"", 3.0], [""C"", 3.0], [""D"", 3.0], [""E"", 3.0]], ""step_seconds"": 1.0}",,,,,reported_objective_verify_domain,sum_iteration_seconds_excludes_unassigned_overhead,3,reported_objective_units,1335852.90372,5.1217235419899225,402823.0911999992,,,15.475388042046688,1335852.90372,402823.0911999992,0,,,,,,,,,,,,,,,,,,,,,,
benchmarks/output/ddd_delayed_waiting_shared_budget_k20/five_station_circle_cw_half_skip_no_wait_headway_b_v0__k20__skip_stop__wait_1h.json,root,ddd_delayed_waiting_shared_budget_k20,result_document,five_station_circle_cw_half_skip_no_wait_headway_b_v0,20,anonymous_passenger_master,journey_time,time_limit_with_certified_interval,,canonical_rope,skip_stop,1200.0,,,20.0,,,,,,,0.03471699997317046,20.36548241705168,,,,,2026-08-26T14:45:51.625444+00:00,,,1319755.5518880002,global_upper_bound,403367.09119999944,global_lower_bound,20.36548241705168,solve_seconds,"{""domain"": ""bounded_wait"", ""earliest_wait_time_seconds"": 0.0, ""maximum_wait_seconds_by_station_id"": [[""A"", 5.0], [""B"", 5.0], [""C"", 5.0], [""D"", 5.0], [""E"", 5.0]], ""step_seconds"": 1.0}",,,,,reported_objective_verify_domain,sum_iteration_seconds_excludes_unassigned_overhead,3,reported_objective_units,1319755.5518880002,5.299082542071119,402823.0911999992,,14.734612917993218,14.734612917993218,1319755.5518880002,403367.09119999944,0,,,,,,,,,,,,,,,,,,,,,,
benchmarks/output/ddd_delayed_waiting_shared_budget_k20/five_station_circle_cw_half_skip_no_wait_headway_b_v0__k20__skip_stop__wait_2h.json,root,ddd_delayed_waiting_shared_budget_k20,result_document,five_station_circle_cw_half_skip_no_wait_headway_b_v0,20,anonymous_passenger_master,journey_time,time_limit_with_certified_interval,,canonical_rope,skip_stop,1200.0,,,20.0,,,,,,,0.03439779195468873,20.016757000004873,,,,,2026-08-26T14:46:12.411831+00:00,,,,,403911.0911999992,global_lower_bound,20.016757000004873,solve_seconds,"{""domain"": ""bounded_wait"", ""earliest_wait_time_seconds"": 0.0, ""maximum_wait_seconds_by_station_id"": [[""A"", 10.0], [""B"", 10.0], [""C"", 10.0], [""D"", 10.0], [""E"", 10.0]], ""step_seconds"": 1.0}",,,,,reported_objective_verify_domain,sum_iteration_seconds_excludes_unassigned_overhead,3,reported_objective_units,,,402823.0911999992,,14.074241876136512,14.074241876136512,,403911.0911999992,0,,,,,,,,,,,,,,,,,,,,,,
benchmarks/output/ddd_delayed_waiting_shared_budget_k20/five_station_circle_cw_half_skip_no_wait_headway_b_v0__k20__skip_stop__wait_5h.json,root,ddd_delayed_waiting_shared_budget_k20,result_document,five_station_circle_cw_half_skip_no_wait_headway_b_v0,20,anonymous_passenger_master,journey_time,time_limit_with_certified_interval,,canonical_rope,skip_stop,1200.0,,,20.0,,,,,,,0.036111292080022395,20.024621375021525,,,,,2026-08-26T14:46:33.204160+00:00,,,,,402823.0911999992,global_lower_bound,20.024621375021525,solve_seconds,"{""domain"": ""bounded_wait"", ""earliest_wait_time_seconds"": 0.0, ""maximum_wait_seconds_by_station_id"": [[""A"", 24.0], [""B"", 24.0], [""C"", 24.0], [""D"", 24.0], [""E"", 24.0]], ""step_seconds"": 1.0}",,,,,reported_objective_verify_domain,sum_iteration_seconds_excludes_unassigned_overhead,2,reported_objective_units,,,402823.0911999992,,,9.373274208046496,,402823.0911999992,0,,,,,,,,,,,,,,,,,,,,,,
benchmarks/output/ddd_delayed_waiting_smoke/five_station_circle_cw_half_skip_no_wait_headway_b_v0.json,root,ddd_delayed_waiting_smoke,result_document,five_station_circle_cw_half_skip_no_wait_headway_b_v0,2,movement_feasibility,none,optimal,,canonical_rope,skip_stop,1200.0,,,,,,,,,,0.007909166975878179,0.5081474999897182,,,,,2026-08-26T13:25:53.909801+00:00,,,0.0,global_upper_bound,0.0,global_lower_bound,0.5081474999897182,solve_seconds,"{""domain"": ""bounded_wait"", ""earliest_wait_time_seconds"": 0.0, ""maximum_wait_seconds_by_station_id"": [[""A"", 3.0], [""B"", 3.0], [""C"", 3.0], [""D"", 3.0], [""E"", 3.0]], ""step_seconds"": 1.0}",,,,,reported_objective_verify_domain,sum_iteration_seconds_excludes_unassigned_overhead,1,reported_objective_units,0.0,0.5067102919565514,0.0,,,0.5067102919565514,0.0,0.0,0,,,,,,,,,,,,,,,,,,,,,,
benchmarks/output/ddd_exact_anonymous_gate/five_station_circle_cw_half_skip_no_wait_headway_b_v0_arc_flow_exact_anonymous_skip_stop_k20/result.json,root,ddd_exact_anonymous_gate,result_document,five_station_circle_cw_half_skip_no_wait_headway_b_v0,20,exact_anonymous,journey_time,time_limit_with_certified_interval,2c53481066e498cc29ec206e717911f55d1ac30296cdc5cb8ac05139b35fbd01,balanced_reference,skip_stop,,,not_run,,,207597,16250,171010,2.55731362500228,2.9285977920517325,0.03164225001819432,54.34884808398783,,,1.0,,,,,635519.9980799998,validated_upper_bound,0.0,certified_lower_bound,60.267694292007945,total_seconds,,,,,,reported_objective_verify_domain,,0,reported_objective_units,,,,,,,,,,,,,,,,,,,,,,,,,,,,,,,
benchmarks/output/ddd_exact_anonymous_gate/five_station_circle_cw_half_skip_no_wait_headway_b_v0_arc_flow_labeled_skip_stop_k20/result.json,root,ddd_exact_anonymous_gate,result_document,five_station_circle_cw_half_skip_no_wait_headway_b_v0,20,labeled,journey_time,integer_optimal,2c53481066e498cc29ec206e717911f55d1ac30296cdc5cb8ac05139b35fbd01,balanced_reference,skip_stop,,,feasible,,,288436,21630,158925,9.974234207998961,1.5458715410204604,0.038001209031790495,11.401615375070833,,,0.0,,,,,525730.9081600005,validated_upper_bound,525730.9081600005,certified_lower_bound,23.984767916961573,total_seconds,,,,,,reported_objective_verify_domain,,0,reported_objective_units,,,,,,,,,,,,,,,,,,,,,,,,,,,,,,,
benchmarks/output/ddd_exact_anonymous_gate_1h_k39/five_station_circle_cw_half_skip_no_wait_headway_b_v0_arc_flow_exact_anonymous_skip_stop_k39/result.json,root,ddd_exact_anonymous_gate_1h_k39,result_document,five_station_circle_cw_half_skip_no_wait_headway_b_v0,39,exact_anonymous,journey_time,time_limit_with_certified_interval,2f82126c06273d2299ab258ca5c5d92acc9d83d829360422f8473c26521cc0f0,balanced_reference,skip_stop,,,feasible,,,397553,31958,336582,6.376785375061445,12.086883832933381,3.856692750006914,3517.135354458005,,,0.6788377308398986,,,,,1376000.78288,validated_upper_bound,441919.5337958168,certified_lower_bound,3540.6286141659366,total_seconds,,,,,,reported_objective_verify_domain,,0,reported_objective_units,,,,,,,,,,,,,,,,,,,,,,,,,,,,,,,
benchmarks/output/ddd_exact_anonymous_gate_5m/five_station_circle_cw_half_skip_no_wait_headway_b_v0_arc_flow_exact_anonymous_skip_stop_k20/result.json,root,ddd_exact_anonymous_gate_5m,result_document,five_station_circle_cw_half_skip_no_wait_headway_b_v0,20,exact_anonymous,journey_time,integer_optimal,2c53481066e498cc29ec206e717911f55d1ac30296cdc5cb8ac05139b35fbd01,balanced_reference,skip_stop,,,feasible,,,207597,16250,171010,2.8469128750730306,3.3135891249403358,0.03157979098614305,127.53709187498316,,,2.214351867467246e-16,,,,,525730.9081600005,validated_upper_bound,525730.9081600003,certified_lower_bound,134.8851151659619,total_seconds,,,,,,reported_objective_verify_domain,,0,reported_objective_units,,,,,,,,,,,,,,,,,,,,,,,,,,,,,,,
benchmarks/output/ddd_fixed_k_arc_flow_campaigns/five_station_b_balanced_fixed_k_boundary_screening/campaign.json,root,ddd_fixed_k_arc_flow_campaigns,result_document,five_station_circle_cw_half_skip_no_wait_headway_b_v0,,fixed_k_complete_ddd_arc_flow,journey_time,running,,balanced_reference,,,,,,,,,,,,,,,,,,,,,,,,,,,,,,,,reported_objective_verify_domain,,0,reported_objective_units,,,,,,,,,,,,,,,,,,,,,,,,,,,,,,,
benchmarks/output/ddd_fixed_k_arc_flow_campaigns/five_station_b_balanced_fixed_k_boundary_screening/policies/all_stop/k20/result.json,root,ddd_fixed_k_arc_flow_campaigns,result_document,five_station_circle_cw_half_skip_no_wait_headway_b_v0,20,,journey_time,integer_optimal,d3929ec55478390271bf0f4ffcf57f733c4387f8fe740e6c0ce14719fb44a7bb,balanced_reference,all_stop,,,feasible,,,11290,725,5830,0.4974715420976281,0.012436625082045794,0.03154933301266283,0.033113916986621916,,,0.0,,,,,635519.9980799997,validated_upper_bound,635519.9980799997,certified_lower_bound,0.8968161670491099,total_seconds,,,,,,reported_objective_verify_domain,,0,reported_objective_units,,,,,,,,,,,,,,,,,,,,,,,,,,,,,,,
benchmarks/output/ddd_fixed_k_arc_flow_campaigns/five_station_b_balanced_fixed_k_boundary_screening/policies/all_stop/k38/result.json,root,ddd_fixed_k_arc_flow_campaigns,result_document,five_station_circle_cw_half_skip_no_wait_headway_b_v0,38,,journey_time,integer_optimal,a3e827da5489840fe679a605e6caad7dc94763ce3f505c94387b74cb151da835,balanced_reference,all_stop,,,feasible,,,21333,1369,11024,0.22440220799762756,0.028058791998773813,0.05547866690903902,0.037275708047673106,,,0.0,,,,,399287.27140800026,validated_upper_bound,399287.27140800026,certified_lower_bound,1.3218536669155583,total_seconds,,,,,,reported_objective_verify_domain,,0,reported_objective_units,,,,,,,,,,,,,,,,,,,,,,,,,,,,,,,
benchmarks/output/ddd_fixed_k_arc_flow_campaigns/five_station_b_balanced_fixed_k_boundary_screening/policies/skip_stop/k20/result.json,root,ddd_fixed_k_arc_flow_campaigns,result_document,five_station_circle_cw_half_skip_no_wait_headway_b_v0,20,,journey_time,integer_optimal,2c53481066e498cc29ec206e717911f55d1ac30296cdc5cb8ac05139b35fbd01,balanced_reference,skip_stop,,,feasible,,,288435,21630,158925,9.163601708016358,1.3475827500224113,0.03123145899735391,4.527551207924262,,,0.0,,,,,525730.9081600005,validated_upper_bound,525730.9081600005,certified_lower_bound,15.688750999979675,total_seconds,,,,,,reported_objective_verify_domain,,0,reported_objective_units,,,,,,,,,,,,,,,,,,,,,,,,,,,,,,,
benchmarks/output/ddd_fixed_k_arc_flow_campaigns/five_station_b_balanced_fixed_k_boundary_screening/policies/skip_stop/k38/result.json,root,ddd_fixed_k_arc_flow_campaigns,result_document,five_station_circle_cw_half_skip_no_wait_headway_b_v0,38,,journey_time,time_limit_with_certified_interval,127b1b26e6d69371080d8cfdbcc58cc3cee1401dcdc9702ee873549fc64e49ca,balanced_reference,skip_stop,,,not_run,,,543288,40646,299332,17.3902005830314,7.7077905419282615,0.05717845796607435,575.2402632080484,,,1.0,,,,,1536000.0,validated_upper_bound,0.0,certified_lower_bound,601.0897593329428,total_seconds,,,,,,reported_objective_verify_domain,,0,reported_objective_units,,,,,,,,,,,,,,,,,,,,,,,,,,,,,,,
benchmarks/output/ddd_fixed_k_arc_flow_campaigns/five_station_b_fixed_k_k17_22_screening/campaign.json,root,ddd_fixed_k_arc_flow_campaigns,result_document,five_station_circle_cw_half_skip_no_wait_headway_b_v0,,fixed_k_complete_ddd_arc_flow,journey_time,complete,,,,,,,,,,,,,,,,,,,,,,,,,,,,,,,,,,reported_objective_verify_domain,,0,reported_objective_units,,,,,,,,,,,,,,,,,,,,,,,,,,,,,,,
benchmarks/output/ddd_fixed_k_arc_flow_campaigns/five_station_b_fixed_k_k17_22_screening/policies/all_stop/k17/result.json,root,ddd_fixed_k_arc_flow_campaigns,result_document,five_station_circle_cw_half_skip_no_wait_headway_b_v0,17,,journey_time,integer_optimal,fb69abda27c8af1f20a4115a5fc06164cc9a6966e9d4c03b13e507e0b7e53f8a,,all_stop,,,feasible,,,9611,617,4958,0.4897350419778377,0.012208582949824631,0.029279540991410613,0.032036917051300406,,,0.0,,,,,710240.2547840003,validated_upper_bound,710240.2547840003,certified_lower_bound,0.8480775830103084,total_seconds,,,,,,reported_objective_verify_domain,,0,reported_objective_units,,,,,,,,,,,,,,,,,,,,,,,,,,,,,,,
benchmarks/output/ddd_fixed_k_arc_flow_campaigns/five_station_b_fixed_k_k17_22_screening/policies/all_stop/k18/result.json,root,ddd_fixed_k_arc_flow_campaigns,result_document,five_station_circle_cw_half_skip_no_wait_headway_b_v0,18,,journey_time,integer_optimal,ecb88f794de09ed81a7911c2ebf9bba0a21730c0a694cd9f64bab3ee46e4fe22,,all_stop,,,feasible,,,10169,654,5246,0.13436066696885973,0.012310417019762099,0.03162487503141165,0.029767040978185833,,,0.0,,,,,682921.4183039996,validated_upper_bound,682921.4183039996,certified_lower_bound,0.52046250004787,total_seconds,,,,,,reported_objective_verify_domain,,0,reported_objective_units,,,,,,,,,,,,,,,,,,,,,,,,,,,,,,,
benchmarks/output/ddd_fixed_k_arc_flow_campaigns/five_station_b_fixed_k_k17_22_screening/policies/all_stop/k19/result.json,root,ddd_fixed_k_arc_flow_campaigns,result_document,five_station_circle_cw_half_skip_no_wait_headway_b_v0,19,,journey_time,integer_optimal,6ac182e4defa172bbf9b2fe5f27d24ba032462688962a844d9ad75d9964323e8,,all_stop,,,feasible,,,10730,690,5538,0.1286664999788627,0.014221374993212521,0.03349854098632932,0.034014042001217604,,,3.5507907783090473e-16,,,,,655714.9046240002,validated_upper_bound,655714.904624,certified_lower_bound,0.5765507909236476,total_seconds,,,,,,reported_objective_verify_domain,,0,reported_objective_units,,,,,,,,,,,,,,,,,,,,,,,,,,,,,,,
benchmarks/output/ddd_fixed_k_arc_flow_campaigns/five_station_b_fixed_k_k17_22_screening/policies/all_stop/k20/result.json,root,ddd_fixed_k_arc_flow_campaigns,result_document,five_station_circle_cw_half_skip_no_wait_headway_b_v0,20,,journey_time,movement_infeasible,fc153708679f03362214e347d73d5b8fbb1261c5995b25c1a923849ae43ab1fe,,all_stop,,,not_run,,,11380,725,5810,0.1238737910753116,0.014255334041081369,0.03150033298879862,0.0033665000228211284,,,,,,,,,,0.0,certified_lower_bound,0.3037296669790521,total_seconds,,,,,,reported_objective_verify_domain,,0,reported_objective_units,,,,,,,,,,,,,,,,,,,,,,,,,,,,,,,
benchmarks/output/ddd_fixed_k_arc_flow_campaigns/five_station_b_fixed_k_k17_22_screening/policies/all_stop/k21/result.json,root,ddd_fixed_k_arc_flow_campaigns,result_document,five_station_circle_cw_half_skip_no_wait_headway_b_v0,21,,journey_time,movement_infeasible,c1a66d5e710f50f48a3c836174aac1c8c6be8716cfd78f8722ee6960dd72eb4f,,all_stop,,,not_run,,,12108,763,6124,0.13591245899442583,0.014910458005033433,0.03542404097970575,0.003955999971367419,,,,,,,,,,0.0,certified_lower_bound,0.3328565410338342,total_seconds,,,,,,reported_objective_verify_domain,,0,reported_objective_units,,,,,,,,,,,,,,,,,,,,,,,,,,,,,,,
benchmarks/output/ddd_fixed_k_arc_flow_campaigns/five_station_b_fixed_k_k17_22_screening/policies/all_stop/k22/result.json,root,ddd_fixed_k_arc_flow_campaigns,result_document,five_station_circle_cw_half_skip_no_wait_headway_b_v0,22,,journey_time,movement_infeasible,62689a95a191757b24858749baaa82b7e5a04301a21240d76f62ae80d458da74,,all_stop,,,not_run,,,12797,799,6412,0.16238429199438542,0.019315834040753543,0.03744433296378702,0.00337033299729228,,,,,,,,,,0.0,certified_lower_bound,0.35610816697590053,total_seconds,,,,,,reported_objective_verify_domain,,0,reported_objective_units,,,,,,,,,,,,,,,,,,,,,,,,,,,,,,,
benchmarks/output/ddd_fixed_k_arc_flow_campaigns/five_station_b_fixed_k_k17_22_screening/policies/skip_stop/k17/result.json,root,ddd_fixed_k_arc_flow_campaigns,result_document,five_station_circle_cw_half_skip_no_wait_headway_b_v0,17,,journey_time,integer_optimal,bf2116bebd6c549fce344898dfcf0a5867b3165980b1cd4333e261d502b71509,,skip_stop,,,feasible,,,243336,18477,136393,9.328111874987371,0.8511641250224784,0.02789012505672872,157.70798225002363,,,0.0,,,,,596872.8031760002,validated_upper_bound,596872.8031760002,certified_lower_bound,168.3335652090609,total_seconds,,,,,,reported_objective_verify_domain,,0,reported_objective_units,,,,,,,,,,,,,,,,,,,,,,,,,,,,,,,
benchmarks/output/ddd_fixed_k_arc_flow_campaigns/five_station_b_fixed_k_k17_22_screening/policies/skip_stop/k18/result.json,root,ddd_fixed_k_arc_flow_campaigns,result_document,five_station_circle_cw_half_skip_no_wait_headway_b_v0,18,,journey_time,integer_optimal,f5bbcb5e4dbc7b14f430b44549b2c7d073a096171a75e8aeacc99e6c16368c0a,,skip_stop,,,feasible,,,258323,19590,144448,8.443544999929145,0.8493181249359623,0.027046249946579337,77.19991687498987,,,0.0,,,,,568785.5736079997,validated_upper_bound,568785.5736079997,certified_lower_bound,86.98296733398456,total_seconds,,,,,,reported_objective_verify_domain,,0,reported_objective_units,,,,,,,,,,,,,,,,,,,,,,,,,,,,,,,
benchmarks/output/ddd_fixed_k_arc_flow_campaigns/five_station_b_fixed_k_k17_22_screening/policies/skip_stop/k19/result.json,root,ddd_fixed_k_arc_flow_campaigns,result_document,five_station_circle_cw_half_skip_no_wait_headway_b_v0,19,,journey_time,integer_optimal,1e6cda907a0242f201b4fe8ba0e8529bf01be618fd348a08f8cffb1f9d39e868,,skip_stop,,,feasible,,,270839,20668,152527,8.769369791960344,0.8214140000054613,0.028179624932818115,166.66172316705342,,,0.0,,,,,543560.3759839999,validated_upper_bound,543560.3759839999,certified_lower_bound,176.7588773330208,total_seconds,,,,,,reported_objective_verify_domain,,0,reported_objective_units,,,,,,,,,,,,,,,,,,,,,,,,,,,,,,,
benchmarks/output/ddd_fixed_k_arc_flow_campaigns/five_station_b_fixed_k_k17_22_screening/policies/skip_stop/k20/result.json,root,ddd_fixed_k_arc_flow_campaigns,result_document,five_station_circle_cw_half_skip_no_wait_headway_b_v0,20,,journey_time,integer_optimal,da00689042c7ca7fe091cfb722c41b6b2cd599a8ab292384543b571b0c9f4cf1,,skip_stop,,,feasible,,,282360,21665,159480,9.369534167111851,0.9077777080237865,0.02957983291707933,4.537778624915518,,,2.1721905109038152e-16,,,,,535935.1366400003,validated_upper_bound,535935.1366400002,certified_lower_bound,22.733755707973614,total_seconds,,,,,,reported_objective_verify_domain,,0,reported_objective_units,,,,,,,,,,,,,,,,,,,,,,,,,,,,,,,
benchmarks/output/ddd_fixed_k_arc_flow_campaigns/five_station_b_fixed_k_k17_22_screening/policies/skip_stop/k21/result.json,root,ddd_fixed_k_arc_flow_campaigns,result_document,five_station_circle_cw_half_skip_no_wait_headway_b_v0,21,,journey_time,integer_optimal,7c89e24eaca47c1930cc985095b43eb6fc2d1ecf23325fb1238aaffc7c3e73c6,,skip_stop,,,feasible,,,299442,22858,168551,10.038376125041395,1.026292333030142,0.030779333086684346,44.63862579106353,,,0.0,,,,,521592.6977200003,validated_upper_bound,521592.6977200003,certified_lower_bound,63.015652999980375,total_seconds,,,,,,reported_objective_verify_domain,,0,reported_objective_units,,,,,,,,,,,,,,,,,,,,,,,,,,,,,,,
benchmarks/output/ddd_fixed_k_arc_flow_campaigns/five_station_b_fixed_k_k17_22_screening/policies/skip_stop/k22/result.json,root,ddd_fixed_k_arc_flow_campaigns,result_document,five_station_circle_cw_half_skip_no_wait_headway_b_v0,22,,journey_time,integer_optimal,15e805d1ed7d2fbfda53191f368f39c620db127535fe47acb633d3e8edc9371e,,skip_stop,,,feasible,,,316247,23934,176602,10.277336250059307,1.457021165988408,0.033666291972622275,244.06658912508283,,,4.555141738523789e-16,,,,,511138.0875040003,validated_upper_bound,511138.08750400005,certified_lower_bound,265.0509735420346,total_seconds,,,,,,reported_objective_verify_domain,,0,reported_objective_units,,,,,,,,,,,,,,,,,,,,,,,,,,,,,,,
benchmarks/output/ddd_fixed_k_arc_flow_pilot/five_station_b_arc_flow_skip_stop_k20_pilot/campaign.json,root,ddd_fixed_k_arc_flow_pilot,result_document,five_station_circle_cw_half_skip_no_wait_headway_b_v0,,fixed_k_complete_ddd_arc_flow,journey_time,complete,,,,,,,,,,,,,,,,,,,,,,,,,,,,,,,,,,reported_objective_verify_domain,,0,reported_objective_units,,,,,,,,,,,,,,,,,,,,,,,,,,,,,,,
benchmarks/output/ddd_fixed_k_arc_flow_pilot/five_station_b_arc_flow_skip_stop_k20_pilot/result.json,root,ddd_fixed_k_arc_flow_pilot,result_document,five_station_circle_cw_half_skip_no_wait_headway_b_v0,20,,journey_time,integer_optimal,da00689042c7ca7fe091cfb722c41b6b2cd599a8ab292384543b571b0c9f4cf1,,skip_stop,,,feasible,,,282360,21665,159480,9.18689162505325,0.7604410420171916,0.027746208012104034,4.544379374943674,,,2.1721905109038152e-16,,,,,535935.1366400003,validated_upper_bound,535935.1366400002,certified_lower_bound,15.632724749972112,total_seconds,,,,,,reported_objective_verify_domain,,0,reported_objective_units,,,,,,,,,,,,,,,,,,,,,,,,,,,,,,,
benchmarks/output/ddd_fixed_k_arc_flow_pilot/five_station_circle_cw_half_skip_no_wait_headway_b_v0_arc_flow_skip_stop_k20/result.json,root,ddd_fixed_k_arc_flow_pilot,result_document,five_station_circle_cw_half_skip_no_wait_headway_b_v0,20,,journey_time,integer_optimal,da00689042c7ca7fe091cfb722c41b6b2cd599a8ab292384543b571b0c9f4cf1,,skip_stop,,,,,,282360,21665,159480,8.871418167022057,0.7833609580993652,0.029886792064644396,4.419724667095579,,,2.1721905109038152e-16,,,,,535935.1366400003,validated_upper_bound,535935.1366400002,certified_lower_bound,14.150040374952368,total_seconds,,,,,,reported_objective_verify_domain,,0,reported_objective_units,,,,,,,,,,,,,,,,,,,,,,,,,,,,,,,
benchmarks/output/ddd_fixed_k_arc_flow_smoke/arc_flow_smoke_preview/campaign.json,root,ddd_fixed_k_arc_flow_smoke,result_document,five_station_circle_cw_half_skip_no_wait_v0,,fixed_k_complete_ddd_arc_flow,journey_time,complete,,,,,,,,,,,,,,,,,,,,,,,,,,,,,,,,,,reported_objective_verify_domain,,0,reported_objective_units,,,,,,,,,,,,,,,,,,,,,,,,,,,,,,,
benchmarks/output/ddd_fixed_k_arc_flow_smoke/arc_flow_smoke_preview/result.json,root,ddd_fixed_k_arc_flow_smoke,result_document,five_station_circle_cw_half_skip_no_wait_v0,1,,journey_time,integer_optimal,ccfb76d45cf59fbe57f0350b21224daae8797672cc79b3ba92664ab8030fe3f4,,all_stop,,,,,,577,36,288,0.2885232500266284,0.0006462919991463423,0.0038727910723537207,0.007299749995581806,,,0.0,,,,,1439868.872376,validated_upper_bound,1439868.872376,certified_lower_bound,0.29809366597328335,total_seconds,,,,,,reported_objective_verify_domain,,0,reported_objective_units,,,,,,,,,,,,,,,,,,,,,,,,,,,,,,,
benchmarks/output/ddd_fixed_k_arc_flow_smoke/five_station_circle_cw_half_skip_no_wait_headway_b_v0_arc_flow_skip_stop_k20/result.json,root,ddd_fixed_k_arc_flow_smoke,result_document,five_station_circle_cw_half_skip_no_wait_headway_b_v0,20,,journey_time,integer_optimal,da00689042c7ca7fe091cfb722c41b6b2cd599a8ab292384543b571b0c9f4cf1,,skip_stop,,,feasible,,,282360,21665,159480,9.234727457980625,0.8041721660410985,0.03007112501654774,4.211169458110817,,,2.1721905109038152e-16,,,,,535935.1366400003,validated_upper_bound,535935.1366400002,certified_lower_bound,14.96221341600176,total_seconds,,,,,,reported_objective_verify_domain,,0,reported_objective_units,,,,,,,,,,,,,,,,,,,,,,,,,,,,,,,
benchmarks/output/ddd_fixed_k_arc_flow_smoke/five_station_circle_cw_half_skip_no_wait_v0_arc_flow_all_stop_k1/result.json,root,ddd_fixed_k_arc_flow_smoke,result_document,five_station_circle_cw_half_skip_no_wait_v0,1,,journey_time,integer_optimal,ccfb76d45cf59fbe57f0350b21224daae8797672cc79b3ba92664ab8030fe3f4,,all_stop,,,feasible,,,577,36,288,0.011435082997195423,0.0005879169330000877,0.0034270830219611526,0.0007303750608116388,,,0.0,,,,,1439868.872376,validated_upper_bound,1439868.872376,certified_lower_bound,0.021932707983069122,total_seconds,,,,,,reported_objective_verify_domain,,0,reported_objective_units,,,,,,,,,,,,,,,,,,,,,,,,,,,,,,,
benchmarks/output/ddd_fixed_k_arc_flow_smoke/five_station_circle_cw_half_skip_no_wait_v0_arc_flow_skip_stop_k1/result.json,root,ddd_fixed_k_arc_flow_smoke,result_document,five_station_circle_cw_half_skip_no_wait_v0,1,,journey_time,integer_optimal,84e63b60339a4aba1072ecb1bfe5d03f791513fb88ce27f18babfacd7275fb89,,skip_stop,,,,,,13863,1066,7801,0.445399499963969,0.03721879201475531,0.0033532080706208944,0.12928379199001938,,,0.0,,,,,1439868.872376,validated_upper_bound,1439868.872376,certified_lower_bound,0.6151698749745265,total_seconds,,,,,,reported_objective_verify_domain,,0,reported_objective_units,,,,,,,,,,,,,,,,,,,,,,,,,,,,,,,
benchmarks/output/ddd_fixed_k_campaigns/five_station_b_fixed_k_k17_22_screening/campaign.json,root,ddd_fixed_k_campaigns,result_document,five_station_circle_cw_half_skip_no_wait_headway_b_v0,,certified_fixed_k_trajectory_root_cg,journey_time,complete,,canonical_rope,,,,,,,,,,,,,,,,,,,,,,,,,,,,,,,,reported_objective_verify_domain,,0,reported_objective_units,,,,,,,,,,,,,,,,,,,,,,,,,,,,,,,
benchmarks/output/ddd_fixed_k_campaigns/five_station_b_fixed_k_k17_22_screening/policies/all_stop/k17/five_station_circle_cw_half_skip_no_wait_headway_b_v0__journey_time.json,root,ddd_fixed_k_campaigns,result_document,five_station_circle_cw_half_skip_no_wait_headway_b_v0,17,exact_root_column_generation,journey_time,integer_optimal,fb69abda27c8af1f20a4115a5fc06164cc9a6966e9d4c03b13e507e0b7e53f8a,canonical_rope,all_stop,1200.0,,True,600.0,,,,,,,,,,,0.0,,2026-08-20T15:10:15.046251+00:00,,True,710240.2547839999,best_upper_bound,710240.2547839999,certified_lower_bound,1.1317901250440627,total_seconds,"{""domain"": ""no_wait"", ""earliest_wait_time_seconds"": 0.0, ""maximum_wait_seconds_by_station_id"": [], ""step_seconds"": null}",,,,,reported_objective_verify_domain,sum_iteration_seconds_excludes_unassigned_overhead,1,reported_objective_units,710240.2547839999,0.37531979102641344,710240.2547839999,,,0.37531979102641344,710240.2547839999,710240.2547839999,0,,,,,,,,,,,,,,,,,,,,,,
benchmarks/output/ddd_fixed_k_campaigns/five_station_b_fixed_k_k17_22_screening/policies/all_stop/k18/five_station_circle_cw_half_skip_no_wait_headway_b_v0__journey_time.json,root,ddd_fixed_k_campaigns,result_document,five_station_circle_cw_half_skip_no_wait_headway_b_v0,18,exact_root_column_generation,journey_time,integer_optimal,ecb88f794de09ed81a7911c2ebf9bba0a21730c0a694cd9f64bab3ee46e4fe22,canonical_rope,all_stop,1200.0,,True,600.0,,,,,,,,,,,3.4093328663214636e-16,,2026-08-20T15:10:16.018414+00:00,,True,682921.4183040002,best_upper_bound,682921.4183039999,certified_lower_bound,0.9598810840398073,total_seconds,"{""domain"": ""no_wait"", ""earliest_wait_time_seconds"": 0.0, ""maximum_wait_seconds_by_station_id"": [], ""step_seconds"": null}",,,,,reported_objective_verify_domain,sum_iteration_seconds_excludes_unassigned_overhead,1,reported_objective_units,682921.4183040002,0.4166244580410421,682921.4183039999,,,0.4166244580410421,682921.4183040002,682921.4183039999,0,,,,,,,,,,,,,,,,,,,,,,
benchmarks/output/ddd_fixed_k_campaigns/five_station_b_fixed_k_k17_22_screening/policies/all_stop/k19/five_station_circle_cw_half_skip_no_wait_headway_b_v0__journey_time.json,root,ddd_fixed_k_campaigns,result_document,five_station_circle_cw_half_skip_no_wait_headway_b_v0,19,exact_root_column_generation,journey_time,integer_optimal,6ac182e4defa172bbf9b2fe5f27d24ba032462688962a844d9ad75d9964323e8,canonical_rope,all_stop,1200.0,,True,600.0,,,,,,,,,,,1.7753953891545234e-16,,2026-08-20T15:10:17.120096+00:00,,True,655714.9046240003,best_upper_bound,655714.9046240002,certified_lower_bound,1.0576627920381725,total_seconds,"{""domain"": ""no_wait"", ""earliest_wait_time_seconds"": 0.0, ""maximum_wait_seconds_by_station_id"": [], ""step_seconds"": null}",,,,,reported_objective_verify_domain,sum_iteration_seconds_excludes_unassigned_overhead,1,reported_objective_units,655714.9046240003,0.506462375051342,655714.9046240002,,,0.506462375051342,655714.9046240003,655714.9046240002,0,,,,,,,,,,,,,,,,,,,,,,
benchmarks/output/ddd_fixed_k_campaigns/five_station_b_fixed_k_k17_22_screening/policies/all_stop/k20/five_station_circle_cw_half_skip_no_wait_headway_b_v0__journey_time.json,root,ddd_fixed_k_campaigns,result_document,five_station_circle_cw_half_skip_no_wait_headway_b_v0,20,exact_root_column_generation,journey_time,movement_infeasible,fc153708679f03362214e347d73d5b8fbb1261c5995b25c1a923849ae43ab1fe,canonical_rope,all_stop,1200.0,,True,600.0,,,,,,,,,,,,complete CP-SAT movement model is infeasible,2026-08-20T15:10:17.279154+00:00,,False,,,0.0,certified_lower_bound,0.13387066696304828,total_seconds,"{""domain"": ""no_wait"", ""earliest_wait_time_seconds"": 0.0, ""maximum_wait_seconds_by_station_id"": [], ""step_seconds"": null}",,,,,reported_objective_verify_domain,,0,reported_objective_units,,,,,,,,,,,,,,,,,,,,,,,,,,,,,,,
benchmarks/output/ddd_fixed_k_campaigns/five_station_b_fixed_k_k17_22_screening/policies/all_stop/k21/five_station_circle_cw_half_skip_no_wait_headway_b_v0__journey_time.json,root,ddd_fixed_k_campaigns,result_document,five_station_circle_cw_half_skip_no_wait_headway_b_v0,21,exact_root_column_generation,journey_time,movement_infeasible,c1a66d5e710f50f48a3c836174aac1c8c6be8716cfd78f8722ee6960dd72eb4f,canonical_rope,all_stop,1200.0,,True,600.0,,,,,,,,,,,,complete CP-SAT movement model is infeasible,2026-08-20T15:10:17.434653+00:00,,False,,,0.0,certified_lower_bound,0.13003866700455546,total_seconds,"{""domain"": ""no_wait"", ""earliest_wait_time_seconds"": 0.0, ""maximum_wait_seconds_by_station_id"": [], ""step_seconds"": null}",,,,,reported_objective_verify_domain,,0,reported_objective_units,,,,,,,,,,,,,,,,,,,,,,,,,,,,,,,
benchmarks/output/ddd_fixed_k_campaigns/five_station_b_fixed_k_k17_22_screening/policies/all_stop/k22/five_station_circle_cw_half_skip_no_wait_headway_b_v0__journey_time.json,root,ddd_fixed_k_campaigns,result_document,five_station_circle_cw_half_skip_no_wait_headway_b_v0,22,exact_root_column_generation,journey_time,movement_infeasible,62689a95a191757b24858749baaa82b7e5a04301a21240d76f62ae80d458da74,canonical_rope,all_stop,1200.0,,True,600.0,,,,,,,,,,,,complete CP-SAT movement model is infeasible,2026-08-20T15:10:17.595658+00:00,,False,,,0.0,certified_lower_bound,0.133781916112639,total_seconds,"{""domain"": ""no_wait"", ""earliest_wait_time_seconds"": 0.0, ""maximum_wait_seconds_by_station_id"": [], ""step_seconds"": null}",,,,,reported_objective_verify_domain,,0,reported_objective_units,,,,,,,,,,,,,,,,,,,,,,,,,,,,,,,
benchmarks/output/ddd_fixed_k_campaigns/five_station_b_fixed_k_k17_22_screening/policies/skip_stop/k17/five_station_circle_cw_half_skip_no_wait_headway_b_v0__journey_time.json,root,ddd_fixed_k_campaigns,result_document,five_station_circle_cw_half_skip_no_wait_headway_b_v0,17,exact_root_column_generation,journey_time,root_lp_certified_with_integer_gap,bf2116bebd6c549fce344898dfcf0a5867b3165980b1cd4333e261d502b71509,canonical_rope,skip_stop,1200.0,,True,600.0,,,,,,,,,,,0.0009794925958157594,,2026-08-20T15:16:50.934361+00:00,,True,597458.0088720002,best_upper_bound,596872.8031759992,certified_lower_bound,393.3104344580788,total_seconds,"{""domain"": ""no_wait"", ""earliest_wait_time_seconds"": 0.0, ""maximum_wait_seconds_by_station_id"": [], ""step_seconds"": null}",,,,,reported_objective_verify_domain,sum_iteration_seconds_excludes_unassigned_overhead,27,reported_objective_units,710240.2547839999,8.26466441701632,102607.74527199985,385.336258913856,385.336258913856,385.336258913856,597458.0088720002,596872.8031759992,7,710240.2547839999,529427.1333200004,710240.2547839999,554208.5569227434,651098.7008,578985.711645258,600591.2566000001,591960.9448684136,,,,,,,,,,,,,,
benchmarks/output/ddd_fixed_k_campaigns/five_station_b_fixed_k_k17_22_screening/policies/skip_stop/k18/five_station_circle_cw_half_skip_no_wait_headway_b_v0__journey_time.json,root,ddd_fixed_k_campaigns,result_document,five_station_circle_cw_half_skip_no_wait_headway_b_v0,18,exact_root_column_generation,journey_time,root_lp_certified_with_integer_gap,f5bbcb5e4dbc7b14f430b44549b2c7d073a096171a75e8aeacc99e6c16368c0a,canonical_rope,skip_stop,1200.0,,True,600.0,,,,,,,,,,,0.00461961449498535,,2026-08-20T15:21:48.277642+00:00,,True,571425.3383840004,best_upper_bound,568785.5736079997,certified_lower_bound,297.17304429097567,total_seconds,"{""domain"": ""no_wait"", ""earliest_wait_time_seconds"": 0.0, ""maximum_wait_seconds_by_station_id"": [], ""step_seconds"": null}",,,,,reported_objective_verify_domain,sum_iteration_seconds_excludes_unassigned_overhead,23,reported_objective_units,682921.4183040002,8.913445583893918,45551.33254399989,271.281891542254,289.5668770832708,289.5668770832708,571425.3383840004,568785.5736079997,3,682921.4183040002,511168.1485529996,682921.4183040002,528137.5258969173,682921.4183040002,559966.4755205614,,,,,,,,,,,,,,,,
benchmarks/output/ddd_fixed_k_campaigns/five_station_b_fixed_k_k17_22_screening/policies/skip_stop/k19/five_station_circle_cw_half_skip_no_wait_headway_b_v0__journey_time.json,root,ddd_fixed_k_campaigns,result_document,five_station_circle_cw_half_skip_no_wait_headway_b_v0,19,exact_root_column_generation,journey_time,root_lp_certified_with_integer_gap,1e6cda907a0242f201b4fe8ba0e8529bf01be618fd348a08f8cffb1f9d39e868,canonical_rope,skip_stop,1200.0,,True,600.0,,,,,,,,,,,0.017675182612049308,,2026-08-20T15:27:33.733985+00:00,,True,553032.21916,best_upper_bound,543257.2736960001,certified_lower_bound,345.17668779194355,total_seconds,"{""domain"": ""no_wait"", ""earliest_wait_time_seconds"": 0.0, ""maximum_wait_seconds_by_station_id"": [], ""step_seconds"": null}",,,,,reported_objective_verify_domain,sum_iteration_seconds_excludes_unassigned_overhead,24,reported_objective_units,655714.9046240003,9.312734125065617,0.0,331.8147004999919,331.8147004999919,331.8147004999919,553032.21916,543257.2736960001,3,655714.9046240003,487169.87231999973,655714.9046240003,490799.55090177734,655714.9046240003,531970.5075163724,555726.6293759999,542205.0984400007,,,,,,,,,,,,,,
benchmarks/output/ddd_fixed_k_campaigns/five_station_b_fixed_k_k17_22_screening/policies/skip_stop/k20/five_station_circle_cw_half_skip_no_wait_headway_b_v0__journey_time.json,root,ddd_fixed_k_campaigns,result_document,five_station_circle_cw_half_skip_no_wait_headway_b_v0,20,exact_root_column_generation,journey_time,unknown_no_feasible_seed,da00689042c7ca7fe091cfb722c41b6b2cd599a8ab292384543b571b0c9f4cf1,canonical_rope,skip_stop,1200.0,,True,600.0,,,,,,,,,,,,CP-SAT seed search ended with unknown,2026-08-20T15:28:04.277393+00:00,,False,,,0.0,certified_lower_bound,30.13608062500134,total_seconds,"{""domain"": ""no_wait"", ""earliest_wait_time_seconds"": 0.0, ""maximum_wait_seconds_by_station_id"": [], ""step_seconds"": null}",,,,,reported_objective_verify_domain,,0,reported_objective_units,,,,,,,,,,,,,,,,,,,,,,,,,,,,,,,
benchmarks/output/ddd_fixed_k_campaigns/five_station_b_fixed_k_k17_22_screening/policies/skip_stop/k21/five_station_circle_cw_half_skip_no_wait_headway_b_v0__journey_time.json,root,ddd_fixed_k_campaigns,result_document,five_station_circle_cw_half_skip_no_wait_headway_b_v0,21,exact_root_column_generation,journey_time,unknown_no_feasible_seed,7c89e24eaca47c1930cc985095b43eb6fc2d1ecf23325fb1238aaffc7c3e73c6,canonical_rope,skip_stop,1200.0,,True,600.0,,,,,,,,,,,,CP-SAT seed search ended with unknown,2026-08-20T15:28:34.819955+00:00,,False,,,0.0,certified_lower_bound,30.135466124978848,total_seconds,"{""domain"": ""no_wait"", ""earliest_wait_time_seconds"": 0.0, ""maximum_wait_seconds_by_station_id"": [], ""step_seconds"": null}",,,,,reported_objective_verify_domain,,0,reported_objective_units,,,,,,,,,,,,,,,,,,,,,,,,,,,,,,,
benchmarks/output/ddd_fixed_k_campaigns/five_station_b_fixed_k_k17_22_screening/policies/skip_stop/k22/five_station_circle_cw_half_skip_no_wait_headway_b_v0__journey_time.json,root,ddd_fixed_k_campaigns,result_document,five_station_circle_cw_half_skip_no_wait_headway_b_v0,22,exact_root_column_generation,journey_time,unknown_no_feasible_seed,15e805d1ed7d2fbfda53191f368f39c620db127535fe47acb633d3e8edc9371e,canonical_rope,skip_stop,1200.0,,True,600.0,,,,,,,,,,,,CP-SAT seed search ended with unknown,2026-08-20T15:29:05.377963+00:00,,False,,,0.0,certified_lower_bound,30.148172000073828,total_seconds,"{""domain"": ""no_wait"", ""earliest_wait_time_seconds"": 0.0, ""maximum_wait_seconds_by_station_id"": [], ""step_seconds"": null}",,,,,reported_objective_verify_domain,,0,reported_objective_units,,,,,,,,,,,,,,,,,,,,,,,,,,,,,,,
benchmarks/output/ddd_fixed_k_campaigns/five_station_b_full_demand_fixed_k_hybrid_screening/campaign.json,root,ddd_fixed_k_campaigns,result_document,five_station_circle_cw_full_skip_no_wait_headway_b_v0,,certified_fixed_k_trajectory_root_cg,journey_time,complete,,balanced_reference,,,,,,,,,,,,,,,,,,,,,,,,,,,,,,,,reported_objective_verify_domain,,0,reported_objective_units,,,,,,,,,,,,,,,,,,,,,,,,,,,,,,,
benchmarks/output/ddd_fixed_k_campaigns/five_station_b_full_demand_fixed_k_hybrid_screening/policies/all_stop/k20/five_station_circle_cw_full_skip_no_wait_headway_b_v0__journey_time.json,root,ddd_fixed_k_campaigns,result_document,five_station_circle_cw_full_skip_no_wait_headway_b_v0,20,exact_root_column_generation,journey_time,integer_optimal,51655a8b9369867b5c20e3f93fed01509c1a39164edd1b2dd5abc0e4b8e3a2ec,balanced_reference,all_stop,1200.0,,True,600.0,,,,,,,,,,,0.0,,2026-08-25T19:12:38.188141+00:00,,True,1866349.0881600003,best_upper_bound,1866349.0881600003,certified_lower_bound,1.3763699159026146,total_seconds,"{""domain"": ""no_wait"", ""earliest_wait_time_seconds"": 0.0, ""maximum_wait_seconds_by_station_id"": [], ""step_seconds"": null}",,,,,reported_objective_verify_domain,sum_iteration_seconds_excludes_unassigned_overhead,1,reported_objective_units,1866349.0881600003,0.6969862079713494,1866349.0881600003,,,0.6969862079713494,1866349.0881600003,1866349.0881600003,0,,,,,,,,,,,,,,,,,,,,,,
benchmarks/output/ddd_fixed_k_campaigns/five_station_b_full_demand_fixed_k_hybrid_screening/policies/all_stop/k38/five_station_circle_cw_full_skip_no_wait_headway_b_v0__journey_time.json,root,ddd_fixed_k_campaigns,result_document,five_station_circle_cw_full_skip_no_wait_headway_b_v0,38,exact_root_column_generation,journey_time,integer_optimal,dd32a510456a3bdb3d1ee467d3709a75c92b4a207adaddf56d3c86bf7873be42,balanced_reference,all_stop,1200.0,,True,600.0,,,,,,,,,,,1.7384572485619757e-16,,2026-08-25T19:12:42.188086+00:00,,True,1339294.617952,best_upper_bound,1339294.6179519997,certified_lower_bound,3.983632249990478,total_seconds,"{""domain"": ""no_wait"", ""earliest_wait_time_seconds"": 0.0, ""maximum_wait_seconds_by_station_id"": [], ""step_seconds"": null}",,,,,reported_objective_verify_domain,sum_iteration_seconds_excludes_unassigned_overhead,1,reported_objective_units,1339294.617952,1.8595275420229882,1339294.6179519997,,,1.8595275420229882,1339294.617952,1339294.6179519997,0,,,,,,,,,,,,,,,,,,,,,,
benchmarks/output/ddd_fixed_k_campaigns/five_station_b_full_demand_fixed_k_hybrid_screening/policies/skip_stop/k20/five_station_circle_cw_full_skip_no_wait_headway_b_v0__journey_time.json,root,ddd_fixed_k_campaigns,result_document,five_station_circle_cw_full_skip_no_wait_headway_b_v0,20,exact_root_column_generation,journey_time,integer_optimal,96dc2743c981f05fe1f271e770cfb4efa8f46b43f119b1dd20ad97a260c0d23a,balanced_reference,skip_stop,1200.0,,True,600.0,,,,,,,,,,,1.340067540435372e-16,,2026-08-25T19:21:05.486650+00:00,,True,1737454.5433599993,best_upper_bound,1737454.543359999,certified_lower_bound,503.2225750000216,total_seconds,"{""domain"": ""no_wait"", ""earliest_wait_time_seconds"": 0.0, ""maximum_wait_seconds_by_station_id"": [], ""step_seconds"": null}",,,,,reported_objective_verify_domain,sum_iteration_seconds_excludes_unassigned_overhead,22,reported_objective_units,1866349.0881600003,31.515633250004612,971970.9057600003,496.5392350842012,468.2076749171829,496.5392350842012,1737454.5433599993,1737454.543359999,4,,,1866349.0881600003,1719503.0600317894,1866349.0881600003,1719503.0600317894,1750851.6341759998,1735414.5555457606,,,,,,,,,,,,,,
benchmarks/output/ddd_fixed_k_campaigns/five_station_b_full_demand_fixed_k_hybrid_screening/policies/skip_stop/k38/five_station_circle_cw_full_skip_no_wait_headway_b_v0__journey_time.json,root,ddd_fixed_k_campaigns,result_document,five_station_circle_cw_full_skip_no_wait_headway_b_v0,38,exact_root_column_generation,journey_time,time_limit_with_certified_interval,aab39a415dde45763eae44360ee17666df5c4949cf7f8b4efec28992422aa24c,balanced_reference,skip_stop,1200.0,,True,600.0,,,,,,,,,,,0.1733144833248816,no total budget remained for required proof pricing,2026-08-25T19:31:28.733384+00:00,,False,1339294.617952,best_upper_bound,1107175.4632218543,certified_lower_bound,623.0556584999431,total_seconds,"{""domain"": ""no_wait"", ""earliest_wait_time_seconds"": 0.0, ""maximum_wait_seconds_by_station_id"": [], ""step_seconds"": null}",,,,,reported_objective_verify_domain,sum_iteration_seconds_excludes_unassigned_overhead,17,reported_objective_units,1339294.617952,35.98204758402426,41482.175095999846,,528.3533046668163,579.0977186247474,1339294.617952,1107175.4632218543,0,,,1339294.617952,905675.1760360006,1339294.617952,1041398.4372189605,1339294.617952,1082717.283455275,,,,,,,,,,,,,,
benchmarks/output/ddd_fixed_k_campaigns/five_station_b_full_demand_fixed_k_hybrid_screening/policies/skip_stop/k39/five_station_circle_cw_full_skip_no_wait_headway_b_v0__journey_time.json,root,ddd_fixed_k_campaigns,result_document,five_station_circle_cw_full_skip_no_wait_headway_b_v0,39,exact_root_column_generation,journey_time,time_limit_with_certified_interval,cab4eb7e2504ed7317598b5c7634c1e31c8d666b011113376c1403cbc5487ff2,balanced_reference,skip_stop,1200.0,,True,600.0,,,,,,,,,,,0.6402715955844084,no total budget remained for required proof pricing,2026-08-25T19:42:15.441333+00:00,,False,2906554.725872,best_upper_bound,1045570.2938845318,certified_lower_bound,646.284968416905,total_seconds,"{""domain"": ""no_wait"", ""earliest_wait_time_seconds"": 0.0, ""maximum_wait_seconds_by_station_id"": [], ""step_seconds"": null}",,,,,reported_objective_verify_domain,sum_iteration_seconds_excludes_unassigned_overhead,15,reported_objective_units,2977586.411136,45.94657187501434,0.0,475.2062971239211,528.9651479158783,587.5353636658983,2906554.725872,1045570.2938845318,3,,,2977586.411136,0.0,2977586.411136,704747.7207839994,2912848.174984,1008842.4236827156,,,,,,,,,,,,,,
benchmarks/output/ddd_fixed_k_campaigns/five_station_b_half_demand_fixed_k_hybrid_screening/campaign.json,root,ddd_fixed_k_campaigns,result_document,five_station_circle_cw_half_skip_no_wait_headway_b_v0,,certified_fixed_k_trajectory_root_cg,journey_time,complete,,balanced_reference,,,,,,,,,,,,,,,,,,,,,,,,,,,,,,,,reported_objective_verify_domain,,0,reported_objective_units,,,,,,,,,,,,,,,,,,,,,,,,,,,,,,,
benchmarks/output/ddd_fixed_k_campaigns/five_station_b_half_demand_fixed_k_hybrid_screening/policies/all_stop/k20/five_station_circle_cw_half_skip_no_wait_headway_b_v0__journey_time.json,root,ddd_fixed_k_campaigns,result_document,five_station_circle_cw_half_skip_no_wait_headway_b_v0,20,exact_root_column_generation,journey_time,integer_optimal,d3929ec55478390271bf0f4ffcf57f733c4387f8fe740e6c0ce14719fb44a7bb,balanced_reference,all_stop,1200.0,,True,600.0,,,,,,,,,,,0.0,,2026-08-25T18:52:51.793211+00:00,,True,635519.9980799999,best_upper_bound,635519.9980799999,certified_lower_bound,1.6691398340044543,total_seconds,"{""domain"": ""no_wait"", ""earliest_wait_time_seconds"": 0.0, ""maximum_wait_seconds_by_station_id"": [], ""step_seconds"": null}",,,,,reported_objective_verify_domain,sum_iteration_seconds_excludes_unassigned_overhead,1,reported_objective_units,635519.9980799999,0.7125123749719933,635519.9980799999,,,0.7125123749719933,635519.9980799999,635519.9980799999,0,,,,,,,,,,,,,,,,,,,,,,
benchmarks/output/ddd_fixed_k_campaigns/five_station_b_half_demand_fixed_k_hybrid_screening/policies/all_stop/k38/five_station_circle_cw_half_skip_no_wait_headway_b_v0__journey_time.json,root,ddd_fixed_k_campaigns,result_document,five_station_circle_cw_half_skip_no_wait_headway_b_v0,38,exact_root_column_generation,journey_time,integer_optimal,a3e827da5489840fe679a605e6caad7dc94763ce3f505c94387b74cb151da835,balanced_reference,all_stop,1200.0,,True,600.0,,,,,,,,,,,5.831156170664869e-16,,2026-08-25T18:52:55.695569+00:00,,True,399287.2714079998,best_upper_bound,399287.27140799956,certified_lower_bound,3.886678291950375,total_seconds,"{""domain"": ""no_wait"", ""earliest_wait_time_seconds"": 0.0, ""maximum_wait_seconds_by_station_id"": [], ""step_seconds"": null}",,,,,reported_objective_verify_domain,sum_iteration_seconds_excludes_unassigned_overhead,1,reported_objective_units,399287.2714079998,1.8465792500646785,399287.27140799956,,,1.8465792500646785,399287.2714079998,399287.27140799956,0,,,,,,,,,,,,,,,,,,,,,,
benchmarks/output/ddd_fixed_k_campaigns/five_station_b_half_demand_fixed_k_hybrid_screening/policies/skip_stop/k20/five_station_circle_cw_half_skip_no_wait_headway_b_v0__journey_time.json,root,ddd_fixed_k_campaigns,result_document,five_station_circle_cw_half_skip_no_wait_headway_b_v0,20,exact_root_column_generation,journey_time,root_lp_certified_with_integer_gap,2c53481066e498cc29ec206e717911f55d1ac30296cdc5cb8ac05139b35fbd01,balanced_reference,skip_stop,1200.0,,True,600.0,,,,,,,,,,,0.16748147152164938,,2026-08-25T19:01:36.692267+00:00,,True,631494.5435760001,best_upper_bound,525730.9081599993,certified_lower_bound,469.081621624995,total_seconds,"{""domain"": ""no_wait"", ""earliest_wait_time_seconds"": 0.0, ""maximum_wait_seconds_by_station_id"": [], ""step_seconds"": null}",,,,,reported_objective_verify_domain,sum_iteration_seconds_excludes_unassigned_overhead,22,reported_objective_units,635519.9980799999,30.526085125049576,7892.728340000031,456.276163790375,425.0753027073806,456.276163790375,631494.5435760001,525730.9081599993,3,,,635519.9980799999,489811.1297662616,635519.9980799999,516874.1187792192,633322.179952,524433.6520109082,,,,,,,,,,,,,,
benchmarks/output/ddd_fixed_k_campaigns/five_station_b_half_demand_fixed_k_hybrid_screening/policies/skip_stop/k38/five_station_circle_cw_half_skip_no_wait_headway_b_v0__journey_time.json,root,ddd_fixed_k_campaigns,result_document,five_station_circle_cw_half_skip_no_wait_headway_b_v0,38,exact_root_column_generation,journey_time,root_lp_certified_with_integer_gap,127b1b26e6d69371080d8cfdbcc58cc3cee1401dcdc9702ee873549fc64e49ca,balanced_reference,skip_stop,1200.0,,True,600.0,,,,,,,,,,,0.16982987772407457,,2026-08-25T19:05:49.193943+00:00,,True,399287.2714079998,best_upper_bound,331476.3629279998,certified_lower_bound,252.2727617090568,total_seconds,"{""domain"": ""no_wait"", ""earliest_wait_time_seconds"": 0.0, ""maximum_wait_seconds_by_station_id"": [], ""step_seconds"": null}",,,,,reported_objective_verify_domain,sum_iteration_seconds_excludes_unassigned_overhead,13,reported_objective_units,399287.2714079998,25.02693087491207,0.0,,245.74284062511288,245.74284062511288,399287.2714079998,331476.3629279998,0,399287.2714079998,0.0,399287.2714079998,283618.287010476,399287.2714079998,309976.5258909998,,,,,,,,,,,,,,,,
benchmarks/output/ddd_fixed_k_campaigns/five_station_b_half_demand_fixed_k_hybrid_screening/policies/skip_stop/k39/five_station_circle_cw_half_skip_no_wait_headway_b_v0__journey_time.json,root,ddd_fixed_k_campaigns,result_document,five_station_circle_cw_half_skip_no_wait_headway_b_v0,39,exact_root_column_generation,journey_time,root_lp_certified_with_integer_gap,2f82126c06273d2299ab258ca5c5d92acc9d83d829360422f8473c26521cc0f0,balanced_reference,skip_stop,1200.0,,True,600.0,,,,,,,,,,,0.7715347626233309,,2026-08-25T19:12:24.801186+00:00,,True,1381788.484344,best_upper_bound,315690.63407999964,certified_lower_bound,395.2835370829562,total_seconds,"{""domain"": ""no_wait"", ""earliest_wait_time_seconds"": 0.0, ""maximum_wait_seconds_by_station_id"": [], ""step_seconds"": null}",,,,,reported_objective_verify_domain,sum_iteration_seconds_excludes_unassigned_overhead,14,reported_objective_units,1441586.411136,45.57378470909316,0.0,345.1180733338697,383.7525117918849,383.7525117918849,1381788.484344,315690.63407999964,3,,,1441586.411136,0.0,1391869.69844,269849.38659200014,1386877.90008,312336.99678800127,,,,,,,,,,,,,,
benchmarks/output/ddd_fixed_k_campaigns/five_station_b_half_demand_fixed_k_neighborhood_gate/campaign.json,root,ddd_fixed_k_campaigns,result_document,five_station_circle_cw_half_skip_no_wait_headway_b_v0,,certified_fixed_k_trajectory_root_cg,journey_time,running,,balanced_reference,,,,,,,,,,,,,,,,,,,,,,,,,,,,,,,,reported_objective_verify_domain,,0,reported_objective_units,,,,,,,,,,,,,,,,,,,,,,,,,,,,,,,
benchmarks/output/ddd_fixed_k_campaigns/five_station_b_half_demand_fixed_k_neighborhood_gate_v2/campaign.json,root,ddd_fixed_k_campaigns,result_document,five_station_circle_cw_half_skip_no_wait_headway_b_v0,,certified_fixed_k_trajectory_root_cg,journey_time,complete,,balanced_reference,,,,,,,,,,,,,,,,,,,,,,,,,,,,,,,,reported_objective_verify_domain,,0,reported_objective_units,,,,,,,,,,,,,,,,,,,,,,,,,,,,,,,
benchmarks/output/ddd_fixed_k_campaigns/five_station_b_half_demand_fixed_k_neighborhood_gate_v2/policies/skip_stop/k20/five_station_circle_cw_half_skip_no_wait_headway_b_v0__journey_time.json,root,ddd_fixed_k_campaigns,result_document,five_station_circle_cw_half_skip_no_wait_headway_b_v0,20,exact_root_column_generation,journey_time,root_lp_certified_with_integer_gap,2c53481066e498cc29ec206e717911f55d1ac30296cdc5cb8ac05139b35fbd01,balanced_reference,skip_stop,1200.0,,True,600.0,,,,,,,,,,,0.17275473667498925,,2026-09-02T12:06:43.154201+00:00,,True,635519.9980799999,best_upper_bound,525730.9081599999,certified_lower_bound,278.80242712586187,total_seconds,"{""domain"": ""no_wait"", ""earliest_wait_time_seconds"": 0.0, ""maximum_wait_seconds_by_station_id"": [], ""step_seconds"": null}",,,,,reported_objective_verify_domain,sum_iteration_seconds_excludes_unassigned_overhead,17,reported_objective_units,635519.9980799999,13.648755416972563,7892.728340000031,,274.1001471669879,274.1001471669879,635519.9980799999,525730.9081599999,0,635519.9980799999,414710.54632799956,635519.9980799999,486838.0709720631,635519.9980799999,519962.4812282312,,,,,,,,,,,,,,,,
benchmarks/output/ddd_fixed_k_campaigns/five_station_b_half_demand_fixed_k_neighborhood_gate_v2/policies/skip_stop/k39/five_station_circle_cw_half_skip_no_wait_headway_b_v0__journey_time.json,root,ddd_fixed_k_campaigns,result_document,five_station_circle_cw_half_skip_no_wait_headway_b_v0,39,exact_root_column_generation,journey_time,root_lp_certified_with_integer_gap,2f82126c06273d2299ab258ca5c5d92acc9d83d829360422f8473c26521cc0f0,balanced_reference,skip_stop,1200.0,,True,600.0,,,,,,,,,,,0.7751289383314859,,2026-09-02T12:17:02.378464+00:00,,True,1403873.987776,best_upper_bound,315690.63407999964,certified_lower_bound,468.97874366585165,total_seconds,"{""domain"": ""no_wait"", ""earliest_wait_time_seconds"": 0.0, ""maximum_wait_seconds_by_station_id"": [], ""step_seconds"": null}",,,,,reported_objective_verify_domain,sum_iteration_seconds_excludes_unassigned_overhead,15,reported_objective_units,1441586.411136,32.77022275002673,0.0,269.32519037253223,455.8581465394236,455.8581465394236,1403873.987776,315690.63407999964,2,,,1441586.411136,0.0,1441586.411136,293311.40849333286,1403873.987776,309408.2472679996,,,,,,,,,,,,,,
benchmarks/output/ddd_fixed_k_campaigns/five_station_fixed_k_screening/campaign.json,root,ddd_fixed_k_campaigns,result_document,five_station_circle_cw_half_skip_no_wait_v0,,certified_fixed_k_trajectory_root_cg,journey_time,complete,,canonical_rope,,,,,,,,,,,,,,,,,,,,,,,,,,,,,,,,reported_objective_verify_domain,,0,reported_objective_units,,,,,,,,,,,,,,,,,,,,,,,,,,,,,,,
benchmarks/output/ddd_fixed_k_campaigns/five_station_fixed_k_screening/policies/all_stop/k18/five_station_circle_cw_half_skip_no_wait_v0__journey_time.json,root,ddd_fixed_k_campaigns,result_document,five_station_circle_cw_half_skip_no_wait_v0,18,exact_root_column_generation,journey_time,integer_optimal,f2e6b5c877781154ee4e3e424bb561a6394eef8a7117a05717ea823f24197558,canonical_rope,all_stop,1200.0,,True,600.0,,,,,,,,,,,1.7021879777174148e-16,,2026-08-20T14:09:53.560657+00:00,,True,683915.7798719999,best_upper_bound,683915.7798719998,certified_lower_bound,1.9461159990169108,total_seconds,"{""domain"": ""no_wait"", ""earliest_wait_time_seconds"": 0.0, ""maximum_wait_seconds_by_station_id"": [], ""step_seconds"": null}",,,,,reported_objective_verify_domain,sum_iteration_seconds_excludes_unassigned_overhead,1,reported_objective_units,683915.7798719999,0.3016075419727713,683915.7798719998,,,0.3016075419727713,683915.7798719999,683915.7798719998,0,,,,,,,,,,,,,,,,,,,,,,
benchmarks/output/ddd_fixed_k_campaigns/five_station_fixed_k_screening/policies/all_stop/k19/five_station_circle_cw_half_skip_no_wait_v0__journey_time.json,root,ddd_fixed_k_campaigns,result_document,five_station_circle_cw_half_skip_no_wait_v0,19,exact_root_column_generation,journey_time,integer_optimal,b673b1c908405fabdd924803015b81f2f407d745674ee0ada7eee32cd906782b,canonical_rope,all_stop,1200.0,,True,600.0,,,,,,,,,,,0.0,,2026-08-20T14:09:54.224847+00:00,,True,656756.6524960002,best_upper_bound,656756.6524960002,certified_lower_bound,0.6515199590940028,total_seconds,"{""domain"": ""no_wait"", ""earliest_wait_time_seconds"": 0.0, ""maximum_wait_seconds_by_station_id"": [], ""step_seconds"": null}",,,,,reported_objective_verify_domain,sum_iteration_seconds_excludes_unassigned_overhead,1,reported_objective_units,656756.6524960002,0.32915229198988527,656756.6524960002,,,0.32915229198988527,656756.6524960002,656756.6524960002,0,,,,,,,,,,,,,,,,,,,,,,
benchmarks/output/ddd_fixed_k_campaigns/five_station_fixed_k_screening/policies/all_stop/k20/five_station_circle_cw_half_skip_no_wait_v0__journey_time.json,root,ddd_fixed_k_campaigns,result_document,five_station_circle_cw_half_skip_no_wait_v0,20,exact_root_column_generation,journey_time,integer_optimal,af057dfd6935618015a8beb6bce38ca76e5dceca79a8add93ec1a76332429e6b,canonical_rope,all_stop,1200.0,,True,600.0,,,,,,,,,,,0.0,,2026-08-20T14:09:54.950248+00:00,,True,633416.7251200007,best_upper_bound,633416.7251200007,certified_lower_bound,0.704694207990542,total_seconds,"{""domain"": ""no_wait"", ""earliest_wait_time_seconds"": 0.0, ""maximum_wait_seconds_by_station_id"": [], ""step_seconds"": null}",,,,,reported_objective_verify_domain,sum_iteration_seconds_excludes_unassigned_overhead,1,reported_objective_units,633416.7251200007,0.35236470808740705,633416.7251200007,,,0.35236470808740705,633416.7251200007,633416.7251200007,0,,,,,,,,,,,,,,,,,,,,,,
benchmarks/output/ddd_fixed_k_campaigns/five_station_fixed_k_screening/policies/skip_stop/k18/five_station_circle_cw_half_skip_no_wait_v0__journey_time.json,root,ddd_fixed_k_campaigns,result_document,five_station_circle_cw_half_skip_no_wait_v0,18,exact_root_column_generation,journey_time,root_lp_certified_with_integer_gap,038beb92a0b145cdaaf8f7c2e1dee589576069ebe200dd7d34671565cab274d8,canonical_rope,skip_stop,1200.0,,True,600.0,,,,,,,,,,,0.0005965283542796578,,2026-08-20T14:13:57.331698+00:00,,True,570208.3623680002,best_upper_bound,569868.2169120003,certified_lower_bound,242.35246570792515,total_seconds,"{""domain"": ""no_wait"", ""earliest_wait_time_seconds"": 0.0, ""maximum_wait_seconds_by_station_id"": [], ""step_seconds"": null}",,,,,reported_objective_verify_domain,sum_iteration_seconds_excludes_unassigned_overhead,20,reported_objective_units,683915.7798719999,8.469252791022882,46406.905487999786,238.07369829108939,238.07369829108939,238.07369829108939,570208.3623680002,569868.2169120003,5,683915.7798719999,509666.24423944927,683915.7798719999,526904.9264493949,594788.6532080001,561812.7572951368,,,,,,,,,,,,,,,,
benchmarks/output/ddd_fixed_k_campaigns/five_station_fixed_k_screening/policies/skip_stop/k19/five_station_circle_cw_half_skip_no_wait_v0__journey_time.json,root,ddd_fixed_k_campaigns,result_document,five_station_circle_cw_half_skip_no_wait_v0,19,exact_root_column_generation,journey_time,root_lp_certified_with_integer_gap,0c5e2fac84536c14d6743379b2b457ce35c3b9742567def0c788a447ce582c3d,canonical_rope,skip_stop,1200.0,,True,600.0,,,,,,,,,,,0.0005200070521061866,,2026-08-20T14:19:15.917513+00:00,,True,544607.9987840002,best_upper_bound,544324.798783999,certified_lower_bound,318.4464023759356,total_seconds,"{""domain"": ""no_wait"", ""earliest_wait_time_seconds"": 0.0, ""maximum_wait_seconds_by_station_id"": [], ""step_seconds"": null}",,,,,reported_objective_verify_domain,sum_iteration_seconds_excludes_unassigned_overhead,22,reported_objective_units,656756.6524960002,9.570904457941651,0.0,312.4278049590066,312.4278049590066,312.4278049590066,544607.9987840002,544324.798783999,5,656756.6524960002,485347.2490523076,656756.6524960002,495694.248057407,559150.9805760001,538338.3342434065,544896.7987840003,543681.4896719996,,,,,,,,,,,,,,
benchmarks/output/ddd_fixed_k_campaigns/five_station_fixed_k_screening/policies/skip_stop/k20/five_station_circle_cw_half_skip_no_wait_v0__journey_time.json,root,ddd_fixed_k_campaigns,result_document,five_station_circle_cw_half_skip_no_wait_v0,20,exact_root_column_generation,journey_time,root_lp_certified_with_integer_gap,4a84bb4e4def015bf2991cc92a0bcc9fd5d1db0243c7d0d5c80f6f7080712172,canonical_rope,skip_stop,1200.0,,True,600.0,,,,,,,,,,,0.00100400770517546,,2026-08-20T14:24:18.602510+00:00,,True,524153.8897440006,best_upper_bound,523627.63519999996,certified_lower_bound,302.3958493329119,total_seconds,"{""domain"": ""no_wait"", ""earliest_wait_time_seconds"": 0.0, ""maximum_wait_seconds_by_station_id"": [], ""step_seconds"": null}",,,,,reported_objective_verify_domain,sum_iteration_seconds_excludes_unassigned_overhead,21,reported_objective_units,633416.7251200007,9.476650665979832,43101.09184000059,294.93105808389373,294.93105808389373,294.93105808389373,524153.8897440006,523627.63519999996,6,633416.7251200007,484685.5408703999,633416.7251200007,510472.7873039032,546896.5805920004,519024.03535706125,,,,,,,,,,,,,,,,
benchmarks/output/ddd_fixed_k_diagnostics/five_station_b_skip_stop_k20_cp10m/five_station_circle_cw_half_skip_no_wait_headway_b_v0__journey_time.json,root,ddd_fixed_k_diagnostics,result_document,five_station_circle_cw_half_skip_no_wait_headway_b_v0,20,exact_root_column_generation,journey_time,root_lp_certified_with_integer_gap,da00689042c7ca7fe091cfb722c41b6b2cd599a8ab292384543b571b0c9f4cf1,canonical_rope,skip_stop,1200.0,,True,600.0,,,,,,,,,,,0.21425504596875938,,2026-08-20T15:55:39.401792+00:00,,True,664764.2265600001,best_upper_bound,522335.1366400005,certified_lower_bound,300.73340191692114,total_seconds,"{""domain"": ""no_wait"", ""earliest_wait_time_seconds"": 0.0, ""maximum_wait_seconds_by_station_id"": [], ""step_seconds"": null}",,,,,reported_objective_verify_domain,sum_iteration_seconds_excludes_unassigned_overhead,22,reported_objective_units,664764.2265600001,9.864296291023493,1189.2103999999817,,291.0756125403568,291.0756125403568,664764.2265600001,522335.1366400005,0,664764.2265600001,449025.96829428716,664764.2265600001,476502.8175376005,664764.2265600001,519225.04745066713,,,,,,,,,,,,,,,,
benchmarks/output/ddd_fixed_k_feasibility/five_station_b_k23_115.json,root.probes.0,ddd_fixed_k_feasibility,diagnostic_case,,23,,,feasible,639353007af3db490f0fde16d90c64085fec074ba1c3cfaf2e89c2e1edbb6843,,,,,,,,,,,,,,,,,,,,,,,,,,14.588192166993394,total_seconds,,,,,,reported_objective_verify_domain,,0,reported_objective_units,,,,,,,,,,,,,,,,,,,,,,,,,,,,,,,
benchmarks/output/ddd_fixed_k_feasibility/five_station_b_k23_115.json,root.probes.1,ddd_fixed_k_feasibility,diagnostic_case,,24,,,feasible,4826b5154720a1994d94160fe0425106e7ac4f3c3710daae682fd2715e0de013,,,,,,,,,,,,,,,,,,,,,,,,,,17.27697441598866,total_seconds,,,,,,reported_objective_verify_domain,,0,reported_objective_units,,,,,,,,,,,,,,,,,,,,,,,,,,,,,,,
benchmarks/output/ddd_fixed_k_feasibility/five_station_b_k23_115.json,root.probes.2,ddd_fixed_k_feasibility,diagnostic_case,,25,,,feasible,6fe9adb8a7e917ec868a719d0fd2bd209801c4592fcacf51a7ef845b695357c8,,,,,,,,,,,,,,,,,,,,,,,,,,14.900880542001687,total_seconds,,,,,,reported_objective_verify_domain,,0,reported_objective_units,,,,,,,,,,,,,,,,,,,,,,,,,,,,,,,
benchmarks/output/ddd_fixed_k_feasibility/five_station_b_k23_115.json,root.probes.3,ddd_fixed_k_feasibility,diagnostic_case,,26,,,feasible,2bad1b6a553cee3ac29fafb8c382885d58482fbeb5c0e46710500253abe6c0fe,,,,,,,,,,,,,,,,,,,,,,,,,,16.330325207905844,total_seconds,,,,,,reported_objective_verify_domain,,0,reported_objective_units,,,,,,,,,,,,,,,,,,,,,,,,,,,,,,,
benchmarks/output/ddd_fixed_k_feasibility/five_station_b_k23_115.json,root.probes.4,ddd_fixed_k_feasibility,diagnostic_case,,27,,,feasible,091955fe28b6bae8f3e87fec15b569a602344eb2d593b5977a21278e4bad4a26,,,,,,,,,,,,,,,,,,,,,,,,,,25.73950024996884,total_seconds,,,,,,reported_objective_verify_domain,,0,reported_objective_units,,,,,,,,,,,,,,,,,,,,,,,,,,,,,,,
benchmarks/output/ddd_fixed_k_feasibility/five_station_b_k23_115.json,root.probes.5,ddd_fixed_k_feasibility,diagnostic_case,,28,,,feasible,76b78ff9082fcf97bc5f7c98f7a239505490709cf0ae507247392382b1d38816,,,,,,,,,,,,,,,,,,,,,,,,,,23.087834249949083,total_seconds,,,,,,reported_objective_verify_domain,,0,reported_objective_units,,,,,,,,,,,,,,,,,,,,,,,,,,,,,,,
benchmarks/output/ddd_fixed_k_feasibility/five_station_b_k23_115.json,root.probes.6,ddd_fixed_k_feasibility,diagnostic_case,,29,,,feasible,f77db8ab63393824620f99f0297ef89ca1b01573f7a23b3750786210329300b4,,,,,,,,,,,,,,,,,,,,,,,,,,29.998221458052285,total_seconds,,,,,,reported_objective_verify_domain,,0,reported_objective_units,,,,,,,,,,,,,,,,,,,,,,,,,,,,,,,
benchmarks/output/ddd_fixed_k_feasibility/five_station_b_k23_115.json,root.probes.7,ddd_fixed_k_feasibility,diagnostic_case,,30,,,feasible,269ad76cb8077d642a2585a36f39c11cd118bf9ce5d3e346c0bc04a746b41b17,,,,,,,,,,,,,,,,,,,,,,,,,,21.000511624966748,total_seconds,,,,,,reported_objective_verify_domain,,0,reported_objective_units,,,,,,,,,,,,,,,,,,,,,,,,,,,,,,,
benchmarks/output/ddd_fixed_k_feasibility/five_station_b_k23_115.json,root.probes.8,ddd_fixed_k_feasibility,diagnostic_case,,31,,,feasible,4a3011543c1222bb77cb5a30bc5332fd8e49826a3bdfef8a327937c109138dd3,,,,,,,,,,,,,,,,,,,,,,,,,,23.439094875007868,total_seconds,,,,,,reported_objective_verify_domain,,0,reported_objective_units,,,,,,,,,,,,,,,,,,,,,,,,,,,,,,,
benchmarks/output/ddd_fixed_k_feasibility/five_station_b_k23_115.json,root.probes.9,ddd_fixed_k_feasibility,diagnostic_case,,32,,,feasible,52767824bca9abdc165b66cbc3855aee9ef1d7482be119e24e98a949dc4b3946,,,,,,,,,,,,,,,,,,,,,,,,,,29.68693008297123,total_seconds,,,,,,reported_objective_verify_domain,,0,reported_objective_units,,,,,,,,,,,,,,,,,,,,,,,,,,,,,,,
benchmarks/output/ddd_fixed_k_feasibility/five_station_b_k23_115.json,root.probes.10,ddd_fixed_k_feasibility,diagnostic_case,,33,,,feasible,323164220da53bed6978aa33ef785ea95f51e0ad97e56780b1f53b39aa4995f8,,,,,,,,,,,,,,,,,,,,,,,,,,33.42255670798477,total_seconds,,,,,,reported_objective_verify_domain,,0,reported_objective_units,,,,,,,,,,,,,,,,,,,,,,,,,,,,,,,
benchmarks/output/ddd_fixed_k_feasibility/five_station_b_k23_115.json,root.probes.11,ddd_fixed_k_feasibility,diagnostic_case,,34,,,feasible,21f43e7bcfe07312718cf3a0d678ad49cc3f62560146efc8fde91e1b006c84a8,,,,,,,,,,,,,,,,,,,,,,,,,,51.57127237494569,total_seconds,,,,,,reported_objective_verify_domain,,0,reported_objective_units,,,,,,,,,,,,,,,,,,,,,,,,,,,,,,,
benchmarks/output/ddd_fixed_k_feasibility/five_station_b_k23_115.json,root.probes.12,ddd_fixed_k_feasibility,diagnostic_case,,35,,,feasible,cc5843e3d8c873d7e8fd9269b16236cf55e15153dd502e064ad05034fa8c8f44,,,,,,,,,,,,,,,,,,,,,,,,,,54.07953129208181,total_seconds,,,,,,reported_objective_verify_domain,,0,reported_objective_units,,,,,,,,,,,,,,,,,,,,,,,,,,,,,,,
benchmarks/output/ddd_fixed_k_feasibility/five_station_b_k23_115.json,root.probes.13,ddd_fixed_k_feasibility,diagnostic_case,,36,,,feasible,acb4a27f3cdca3d9807358a4890b2b52e0e5ab11c3717e7a1fe8ede18aacc835,,,,,,,,,,,,,,,,,,,,,,,,,,135.38548275001813,total_seconds,,,,,,reported_objective_verify_domain,,0,reported_objective_units,,,,,,,,,,,,,,,,,,,,,,,,,,,,,,,
benchmarks/output/ddd_fixed_k_feasibility/five_station_b_k23_115.json,root.probes.14,ddd_fixed_k_feasibility,diagnostic_case,,37,,,feasible,9c7676ce9243cc070b23a99da7be7a38c2940ada32486f544a7c66ce7d0b5f6c,,,,,,,,,,,,,,,,,,,,,,,,,,36.68342216697056,total_seconds,,,,,,reported_objective_verify_domain,,0,reported_objective_units,,,,,,,,,,,,,,,,,,,,,,,,,,,,,,,
benchmarks/output/ddd_fixed_k_feasibility/five_station_b_k23_115.json,root.probes.15,ddd_fixed_k_feasibility,diagnostic_case,,38,,,feasible,ae4b7b3cdec13db4b43ce8e30618b3df4de24158c5ff612f92584b4326fc6fca,,,,,,,,,,,,,,,,,,,,,,,,,,36.32854091702029,total_seconds,,,,,,reported_objective_verify_domain,,0,reported_objective_units,,,,,,,,,,,,,,,,,,,,,,,,,,,,,,,
benchmarks/output/ddd_fixed_k_feasibility/five_station_b_k23_115.json,root.probes.16,ddd_fixed_k_feasibility,diagnostic_case,,39,,,feasible,07bc588bba269b22294d236daf96447fb3a7ca4c2daf01dda0d35eed85cdea2e,,,,,,,,,,,,,,,,,,,,,,,,,,73.11262324999552,total_seconds,,,,,,reported_objective_verify_domain,,0,reported_objective_units,,,,,,,,,,,,,,,,,,,,,,,,,,,,,,,
benchmarks/output/ddd_fixed_k_feasibility/five_station_b_k23_115.json,root.probes.17,ddd_fixed_k_feasibility,diagnostic_case,,40,,,feasible,d204bcad371da73df51dc9f466f60be56c50ff357a79e2da26e7b3af014c33c7,,,,,,,,,,,,,,,,,,,,,,,,,,54.93220899999142,total_seconds,,,,,,reported_objective_verify_domain,,0,reported_objective_units,,,,,,,,,,,,,,,,,,,,,,,,,,,,,,,
benchmarks/output/ddd_fixed_k_feasibility/five_station_b_k23_115.json,root.probes.18,ddd_fixed_k_feasibility,diagnostic_case,,41,,,feasible,b1a91b2adffe4e20c760d51b9c63df2a95e3ee55d2163ab6fd60d7cc77bcd5c7,,,,,,,,,,,,,,,,,,,,,,,,,,41.92644058295991,total_seconds,,,,,,reported_objective_verify_domain,,0,reported_objective_units,,,,,,,,,,,,,,,,,,,,,,,,,,,,,,,
benchmarks/output/ddd_fixed_k_feasibility/five_station_b_k23_115.json,root.probes.19,ddd_fixed_k_feasibility,diagnostic_case,,42,,,feasible,3174c2a8f491716b1f58d21fbdd418dc6c38caab40b9274eaacdf3273c539b54,,,,,,,,,,,,,,,,,,,,,,,,,,60.85841720807366,total_seconds,,,,,,reported_objective_verify_domain,,0,reported_objective_units,,,,,,,,,,,,,,,,,,,,,,,,,,,,,,,
benchmarks/output/ddd_fixed_k_feasibility/five_station_b_k23_115.json,root.probes.20,ddd_fixed_k_feasibility,diagnostic_case,,43,,,feasible,42f2a03dff2f44b7ed9d73d8319c5ba0438eb282b92409f33c2f042058b9b20d,,,,,,,,,,,,,,,,,,,,,,,,,,99.02027645800263,total_seconds,,,,,,reported_objective_verify_domain,,0,reported_objective_units,,,,,,,,,,,,,,,,,,,,,,,,,,,,,,,
benchmarks/output/ddd_fixed_k_feasibility/five_station_b_k23_115.json,root.probes.21,ddd_fixed_k_feasibility,diagnostic_case,,44,,,feasible,ae70d69784d4578562213988a616b34307c76482f8c9b79e3b1adb5bdefd3d2f,,,,,,,,,,,,,,,,,,,,,,,,,,163.01324633299373,total_seconds,,,,,,reported_objective_verify_domain,,0,reported_objective_units,,,,,,,,,,,,,,,,,,,,,,,,,,,,,,,
benchmarks/output/ddd_fixed_k_feasibility/five_station_b_k23_115.json,root.probes.22,ddd_fixed_k_feasibility,diagnostic_case,,45,,,feasible,02d93552bc536b0f7c94ee6a6f41a4cb11d2ef4e3f103c0dee86d80241a4b126,,,,,,,,,,,,,,,,,,,,,,,,,,70.55299433297478,total_seconds,,,,,,reported_objective_verify_domain,,0,reported_objective_units,,,,,,,,,,,,,,,,,,,,,,,,,,,,,,,
benchmarks/output/ddd_fixed_k_feasibility/five_station_b_k23_115.json,root.probes.23,ddd_fixed_k_feasibility,diagnostic_case,,46,,,feasible,c6f44bfd5c73420304cab8cda135ee1eac18b3109634055594d80e2a7970f416,,,,,,,,,,,,,,,,,,,,,,,,,,48.349656541016884,total_seconds,,,,,,reported_objective_verify_domain,,0,reported_objective_units,,,,,,,,,,,,,,,,,,,,,,,,,,,,,,,
benchmarks/output/ddd_fixed_k_feasibility/five_station_b_k23_115.json,root.probes.24,ddd_fixed_k_feasibility,diagnostic_case,,47,,,feasible,811c1fbea722c7bea37690b2c18077721ba9458c1d4af1605e117f22ebc87ece,,,,,,,,,,,,,,,,,,,,,,,,,,49.13150483299978,total_seconds,,,,,,reported_objective_verify_domain,,0,reported_objective_units,,,,,,,,,,,,,,,,,,,,,,,,,,,,,,,
benchmarks/output/ddd_fixed_k_feasibility/five_station_b_k23_115.json,root.probes.25,ddd_fixed_k_feasibility,diagnostic_case,,48,,,feasible,e3e60206ed3e6edb34a4df18d10d5612b6b07f4a9d28f12d16ed06334c6a7c4d,,,,,,,,,,,,,,,,,,,,,,,,,,56.73421349993441,total_seconds,,,,,,reported_objective_verify_domain,,0,reported_objective_units,,,,,,,,,,,,,,,,,,,,,,,,,,,,,,,
benchmarks/output/ddd_fixed_k_feasibility/five_station_b_k23_115.json,root.probes.26,ddd_fixed_k_feasibility,diagnostic_case,,49,,,feasible,451659269bca12138f04de754d1f10d764fb9612510c2bbdaba596202bb6154c,,,,,,,,,,,,,,,,,,,,,,,,,,54.73798420897219,total_seconds,,,,,,reported_objective_verify_domain,,0,reported_objective_units,,,,,,,,,,,,,,,,,,,,,,,,,,,,,,,
benchmarks/output/ddd_fixed_k_feasibility/five_station_b_k23_115.json,root.probes.27,ddd_fixed_k_feasibility,diagnostic_case,,50,,,feasible,7be518fefdbd075657c215edd5dc5b39d30acea6aa96da9b2d05cce0709fcd2b,,,,,,,,,,,,,,,,,,,,,,,,,,91.22642941691447,total_seconds,,,,,,reported_objective_verify_domain,,0,reported_objective_units,,,,,,,,,,,,,,,,,,,,,,,,,,,,,,,
benchmarks/output/ddd_fixed_k_feasibility/five_station_b_k23_115.json,root.probes.28,ddd_fixed_k_feasibility,diagnostic_case,,51,,,feasible,d3a07230092c5a5939904b0f4c70d6d8d0c953561823baa2b51e247c061bfa2b,,,,,,,,,,,,,,,,,,,,,,,,,,101.99928333295975,total_seconds,,,,,,reported_objective_verify_domain,,0,reported_objective_units,,,,,,,,,,,,,,,,,,,,,,,,,,,,,,,
benchmarks/output/ddd_fixed_k_feasibility/five_station_b_k23_115.json,root.probes.29,ddd_fixed_k_feasibility,diagnostic_case,,52,,,feasible,5e372173ea76e4b445be73dd6b7d6101e39d8bf033b1628fb844a2f137075698,,,,,,,,,,,,,,,,,,,,,,,,,,122.59493870800361,total_seconds,,,,,,reported_objective_verify_domain,,0,reported_objective_units,,,,,,,,,,,,,,,,,,,,,,,,,,,,,,,
benchmarks/output/ddd_fixed_k_feasibility/five_station_b_k23_115.json,root.probes.30,ddd_fixed_k_feasibility,diagnostic_case,,53,,,feasible,45cad65d9ab5c2bfaf8059a48e8423e06586034e9241ccd3d558249d58962696,,,,,,,,,,,,,,,,,,,,,,,,,,62.78185500006657,total_seconds,,,,,,reported_objective_verify_domain,,0,reported_objective_units,,,,,,,,,,,,,,,,,,,,,,,,,,,,,,,
benchmarks/output/ddd_fixed_k_feasibility/five_station_b_k23_115.json,root.probes.31,ddd_fixed_k_feasibility,diagnostic_case,,54,,,unknown_no_feasible_seed,c37632220684eed1629344d1296fabc454d659fa9fb993c8db7bfa849c0e1f5d,,,,,,,,,,,,,,,,,,CP-SAT seed search ended with unknown,,,,,,,,5.006393040996045,total_seconds,,,,,,reported_objective_verify_domain,,0,reported_objective_units,,,,,,,,,,,,,,,,,,,,,,,,,,,,,,,
benchmarks/output/ddd_fixed_k_feasibility/five_station_b_k23_115_live/campaign.json,root,ddd_fixed_k_feasibility,result_document,five_station_circle_cw_half_skip_no_wait_headway_b_v0,,fixed_k_cp_sat_feasibility,movement_feasibility,complete,,,skip_stop,,,,,,,,,,,,,,,,,,,,,,,,,,,,,,,reported_objective_verify_domain,,0,reported_objective_units,,,,,,,,,,,,,,,,,,,,,,,,,,,,,,,
benchmarks/output/ddd_fixed_k_feasibility_isolation_smoke/k1.json,root.probes.0,ddd_fixed_k_feasibility_isolation_smoke,diagnostic_case,,1,,,feasible,e7c4669a64107efcb32bd69d753819ddb326d95ca49300c2c604c4c110d36c59,,,,,,,,,,,,,,,,,,,,,,,,,,0.0050964170368388295,total_seconds,,,,,,reported_objective_verify_domain,,0,reported_objective_units,,,,,,,,,,,,,,,,,,,,,,,,,,,,,,,
benchmarks/output/ddd_fixed_k_feasibility_isolation_smoke/k54.json,root.probes.0,ddd_fixed_k_feasibility_isolation_smoke,diagnostic_case,,54,,,feasible,c37632220684eed1629344d1296fabc454d659fa9fb993c8db7bfa849c0e1f5d,,,,,,,,,,,,,,,,,,,,,,,,,,51.32854212494567,total_seconds,,,,,,reported_objective_verify_domain,,0,reported_objective_units,,,,,,,,,,,,,,,,,,,,,,,,,,,,,,,
benchmarks/output/ddd_fixed_k_feasibility_smoke/k23_unknown.json,root.probes.0,ddd_fixed_k_feasibility_smoke,diagnostic_case,,23,,,unknown_no_feasible_seed,639353007af3db490f0fde16d90c64085fec074ba1c3cfaf2e89c2e1edbb6843,,,,,,,,,,,,,,,,,,CP-SAT seed search ended with unknown,,,,,,,,0.3186920420266688,total_seconds,,,,,,reported_objective_verify_domain,,0,reported_objective_units,,,,,,,,,,,,,,,,,,,,,,,,,,,,,,,
benchmarks/output/ddd_fixed_k_feasibility_smoke/result.json,root.probes.0,ddd_fixed_k_feasibility_smoke,diagnostic_case,,1,,,feasible,e7c4669a64107efcb32bd69d753819ddb326d95ca49300c2c604c4c110d36c59,,,,,,,,,,,,,,,,,,,,,,,,,,0.007127959048375487,total_seconds,,,,,,reported_objective_verify_domain,,0,reported_objective_units,,,,,,,,,,,,,,,,,,,,,,,,,,,,,,,
benchmarks/output/ddd_fixed_start_k_sweep/five_station_circle_cw_half_skip_no_wait_v0.json,root.results.0,ddd_fixed_start_k_sweep,diagnostic_case,five_station_circle_cw_half_skip_no_wait_v0,5,,,optimal,,,,,,,,,,,,,,,,,,,,2026-08-06T17:57:38.206328+00:00,,,0.0,global_upper_bound,0.0,global_lower_bound,0.33606420799333137,elapsed_seconds,,,,,,reported_objective_verify_domain,,0,reported_objective_units,,,,,,,,,,,,,,,,,,,,,,,,,,,,,,,
benchmarks/output/ddd_fixed_start_k_sweep/five_station_circle_cw_half_skip_no_wait_v0.json,root.results.1,ddd_fixed_start_k_sweep,diagnostic_case,five_station_circle_cw_half_skip_no_wait_v0,10,,,optimal,,,,,,,,,,,,,,,,,,,,2026-08-06T17:57:38.206328+00:00,,,0.0,global_upper_bound,0.0,global_lower_bound,0.9408115000114776,elapsed_seconds,,,,,,reported_objective_verify_domain,,0,reported_objective_units,,,,,,,,,,,,,,,,,,,,,,,,,,,,,,,
benchmarks/output/ddd_fixed_start_k_sweep/five_station_circle_cw_half_skip_no_wait_v0.json,root.results.2,ddd_fixed_start_k_sweep,diagnostic_case,five_station_circle_cw_half_skip_no_wait_v0,15,,,optimal,,,,,,,,,,,,,,,,,,,,2026-08-06T17:57:38.206328+00:00,,,0.0,global_upper_bound,0.0,global_lower_bound,1.9242374589957763,elapsed_seconds,,,,,,reported_objective_verify_domain,,0,reported_objective_units,,,,,,,,,,,,,,,,,,,,,,,,,,,,,,,
benchmarks/output/ddd_fixed_start_k_sweep/five_station_circle_cw_half_skip_no_wait_v0.json,root.results.3,ddd_fixed_start_k_sweep,diagnostic_case,five_station_circle_cw_half_skip_no_wait_v0,19,,,optimal,,,,,,,,,,,,,,,,,,,,2026-08-06T17:57:38.206328+00:00,,,0.0,global_upper_bound,0.0,global_lower_bound,2.9886048750049667,elapsed_seconds,,,,,,reported_objective_verify_domain,,0,reported_objective_units,,,,,,,,,,,,,,,,,,,,,,,,,,,,,,,
benchmarks/output/ddd_fixed_start_k_sweep_probe/five_station_circle_cw_half_skip_no_wait_v0.json,root.results.0,ddd_fixed_start_k_sweep_probe,diagnostic_case,five_station_circle_cw_half_skip_no_wait_v0,5,,,optimal,,,,,,,,,,,,,,,,,,,,2026-08-06T17:50:00.649100+00:00,,,0.0,global_upper_bound,0.0,global_lower_bound,0.35217979199660476,elapsed_seconds,,,,,,reported_objective_verify_domain,,0,reported_objective_units,,,,,,,,,,,,,,,,,,,,,,,,,,,,,,,
benchmarks/output/ddd_fixed_start_k_sweep_probe/five_station_circle_cw_half_skip_no_wait_v0.json,root.results.1,ddd_fixed_start_k_sweep_probe,diagnostic_case,five_station_circle_cw_half_skip_no_wait_v0,10,,,optimal,,,,,,,,,,,,,,,,,,,,2026-08-06T17:50:00.649100+00:00,,,0.0,global_upper_bound,0.0,global_lower_bound,0.9567541660071583,elapsed_seconds,,,,,,reported_objective_verify_domain,,0,reported_objective_units,,,,,,,,,,,,,,,,,,,,,,,,,,,,,,,
benchmarks/output/ddd_fixed_start_k_sweep_probe/five_station_circle_cw_half_skip_no_wait_v0.json,root.results.2,ddd_fixed_start_k_sweep_probe,diagnostic_case,five_station_circle_cw_half_skip_no_wait_v0,15,,,optimal,,,,,,,,,,,,,,,,,,,,2026-08-06T17:50:00.649100+00:00,,,0.0,global_upper_bound,0.0,global_lower_bound,1.9750653750088532,elapsed_seconds,,,,,,reported_objective_verify_domain,,0,reported_objective_units,,,,,,,,,,,,,,,,,,,,,,,,,,,,,,,
benchmarks/output/ddd_fixed_start_k_sweep_probe/five_station_circle_cw_half_skip_no_wait_v0.json,root.results.3,ddd_fixed_start_k_sweep_probe,diagnostic_case,five_station_circle_cw_half_skip_no_wait_v0,19,,,optimal,,,,,,,,,,,,,,,,,,,,2026-08-06T17:50:00.649100+00:00,,,0.0,global_upper_bound,0.0,global_lower_bound,2.993868499994278,elapsed_seconds,,,,,,reported_objective_verify_domain,,0,reported_objective_units,,,,,,,,,,,,,,,,,,,,,,,,,,,,,,,
benchmarks/output/ddd_fixed_start_refinement/five_station_circle_cw_half_skip_no_wait_v0.json,root,ddd_fixed_start_refinement,result_document,five_station_circle_cw_half_skip_no_wait_v0,19,,journey_time,feasible_with_gap,,,,1200.0,,,,,,,,,,0.005235000004176982,25.797664333993453,,,,,2026-08-06T18:15:00.812877+00:00,,,693275.0219680003,global_upper_bound,0.0,global_lower_bound,25.797664333993453,solve_seconds,,,,,,reported_objective_verify_domain,sum_iteration_seconds_excludes_unassigned_overhead,1,reported_objective_units,693275.0219680003,25.79703962500207,0.0,,,25.79703962500207,693275.0219680003,0.0,0,,,,,,,,,,,,,,,,,,,,,,
benchmarks/output/ddd_fixed_start_refinement/three_station_half_no_skip_no_wait_v0.json,root,ddd_fixed_start_refinement,result_document,three_station_half_no_skip_no_wait_v0,15,anonymous_passenger_master,journey_time,unknown_no_incumbent,,,,1200.0,,,,,,,,,,0.0029975409852340817,4.324973834038246,,,,,2026-08-10T12:25:16.192299+00:00,,,,,1194250.1815920016,global_lower_bound,4.324973834038246,solve_seconds,,,,,,reported_objective_verify_domain,sum_iteration_seconds_excludes_unassigned_overhead,5,reported_objective_units,,,1165492.3634080025,,4.304876875015907,4.304876875015907,,1194250.1815920016,0,,,,,,,,,,,,,,,,,,,,,,
benchmarks/output/ddd_fixed_start_refinement_batch_probe/five_station_circle_cw_half_skip_no_wait_v0.json,root,ddd_fixed_start_refinement_batch_probe,result_document,five_station_circle_cw_half_skip_no_wait_v0,19,,,unknown_no_incumbent,,,,1200.0,,,,,,,,,,0.005346874997485429,34.786541417008266,,,,,2026-08-06T17:38:50.009203+00:00,,,,,0.0,global_lower_bound,34.786541417008266,solve_seconds,,,,,,reported_objective_verify_domain,sum_iteration_seconds_excludes_unassigned_overhead,20,reported_objective_units,,,0.0,,,34.77421183302067,,0.0,0,,0.0,,,,,,,,,,,,,,,,,,,,
benchmarks/output/ddd_fixed_start_refinement_cp_probe/five_station_circle_cw_half_skip_no_wait_v0.json,root,ddd_fixed_start_refinement_cp_probe,result_document,five_station_circle_cw_half_skip_no_wait_v0,19,,,optimal,,,,1200.0,,,,,,,,,,0.005239124991931021,3.0153790829936042,,,,,2026-08-06T17:48:06.386997+00:00,,,0.0,global_upper_bound,0.0,global_lower_bound,3.0153790829936042,solve_seconds,,,,,,reported_objective_verify_domain,sum_iteration_seconds_excludes_unassigned_overhead,1,reported_objective_units,0.0,3.0150069580122363,0.0,,,3.0150069580122363,0.0,0.0,0,,,,,,,,,,,,,,,,,,,,,,
benchmarks/output/ddd_fixed_start_refinement_incremental_warm/five_station_circle_cw_half_skip_no_wait_v0.json,root,ddd_fixed_start_refinement_incremental_warm,result_document,five_station_circle_cw_half_skip_no_wait_v0,19,,,unknown_no_incumbent,,,,1200.0,,,,,,,,,,0.006989000001340173,189.1914476660022,,,,,2026-08-06T13:31:17.683018+00:00,,,,,0.0,global_lower_bound,189.1914476660022,solve_seconds,,,,,,reported_objective_verify_domain,sum_iteration_seconds_excludes_unassigned_overhead,100,reported_objective_units,,,0.0,,,189.15439070702996,,0.0,0,,0.0,,0.0,,0.0,,,,,,,,,,,,,,,,
benchmarks/output/ddd_fixed_start_refinement_integer_storage/five_station_circle_cw_half_skip_no_wait_v0.json,root,ddd_fixed_start_refinement_integer_storage,result_document,five_station_circle_cw_half_skip_no_wait_v0,19,,,unknown_no_incumbent,,,,1200.0,,,,,,,,,,0.019011124997632578,102.00167779199546,,,,,2026-08-06T09:35:41.714990+00:00,,,,,0.0,global_lower_bound,102.00167779199546,solve_seconds,,,,,,reported_objective_verify_domain,sum_iteration_seconds_excludes_unassigned_overhead,100,reported_objective_units,,,0.0,,,101.95641404789058,,0.0,0,,0.0,,0.0,,,,,,,,,,,,,,,,,,
benchmarks/output/ddd_fixed_start_refinement_ticks/five_station_circle_cw_half_skip_no_wait_v0.json,root,ddd_fixed_start_refinement_ticks,result_document,five_station_circle_cw_half_skip_no_wait_v0,19,,,unknown_no_incumbent,,,,1200.0,,,,,,,,,,0.018025333003606647,287.35582875000546,,,,,2026-08-06T09:20:50.801634+00:00,,,,,0.0,global_lower_bound,287.35582875000546,solve_seconds,,,,,,reported_objective_verify_domain,sum_iteration_seconds_excludes_unassigned_overhead,100,reported_objective_units,,,0.0,,,287.2609994589293,,0.0,0,,0.0,,0.0,,0.0,,,,,,,,,,,,,,,,
benchmarks/output/ddd_fleet_sweeps/five_station_b_half_demand_no_wait_k18_21/campaign.json,root,ddd_fleet_sweeps,result_document,,,,journey_time,complete,,,,,,,,,,,,,,,,,,,,,,,,,,,,,,,,,,reported_objective_verify_domain,,0,reported_objective_units,,,,,,,,,,,,,,,,,,,,,,,,,,,,,,,
benchmarks/output/ddd_fleet_sweeps/five_station_b_half_demand_no_wait_k18_21/policies/all_stop_no_wait/k18/five_station_circle_cw_half_skip_no_wait_headway_b_v0__reservoir_k18_w300__journey_time.json,root,ddd_fleet_sweeps,result_document,five_station_circle_cw_half_skip_no_wait_headway_b_v0,18,exact_root_column_generation,journey_time,unknown,,,,1200.0,300.0,,600.0,,,,,,,,,,,0.24648177754385303,pricing was not certified and produced no improving incumbent column,2026-08-19T15:00:26.039339+00:00,,False,679203.6335680002,best_upper_bound,511792.3146519157,certified_lower_bound,112.41390204092022,total_seconds,"{""domain"": ""no_wait"", ""earliest_wait_time_seconds"": 0.0, ""maximum_wait_seconds_by_station_id"": [], ""step_seconds"": null}",,,,,reported_objective_verify_domain,sum_iteration_seconds_excludes_unassigned_overhead,12,reported_objective_units,682879.997024,6.552856791066006,0.0,86.18173449940514,98.72385691537056,110.94981441530399,679203.6335680002,511792.3146519157,1,682879.997024,367991.4595538955,682879.997024,402710.3318474572,,,,,,,,,,,,,,,,,,
benchmarks/output/ddd_fleet_sweeps/five_station_b_half_demand_no_wait_k18_21/policies/all_stop_no_wait/k18/result.json,root,ddd_fleet_sweeps,result_document,,18,,,unknown,eaf2864334a732e319559c31b8d21a25e364818bc5cab644a5a0a49ee3b66005,,all_stop_no_wait,,,,,,,,,,,,,,,0.24648177754385303,pricing was not certified and produced no improving incumbent column,,,False,679203.6335680002,validated_upper_bound,511792.3146519157,certified_lower_bound,112.41390204092022,elapsed_seconds,,,,,,reported_objective_verify_domain,,0,reported_objective_units,,,,,,,,,,,,,,,,,,,,,,,,,,,,,,,
benchmarks/output/ddd_fleet_sweeps/five_station_b_half_demand_no_wait_k18_21/policies/all_stop_no_wait/k19/five_station_circle_cw_half_skip_no_wait_headway_b_v0__reservoir_k19_w300__journey_time.json,root,ddd_fleet_sweeps,result_document,five_station_circle_cw_half_skip_no_wait_headway_b_v0,19,exact_root_column_generation,journey_time,unknown,,,,1200.0,300.0,,600.0,,,,,,,,,,,0.35421017407236816,pricing was not certified and produced no improving incumbent column,2026-08-19T15:01:17.067692+00:00,,False,655271.9968960002,best_upper_bound,423167.9888107197,certified_lower_bound,50.55742137494963,total_seconds,"{""domain"": ""no_wait"", ""earliest_wait_time_seconds"": 0.0, ""maximum_wait_seconds_by_station_id"": [], ""step_seconds"": null}",,,,,reported_objective_verify_domain,sum_iteration_seconds_excludes_unassigned_overhead,6,reported_objective_units,655271.9968960002,6.603671499993652,0.0,,20.90323554200586,49.79925662605092,655271.9968960002,423167.9888107197,0,655271.9968960002,423167.9888107197,,,,,,,,,,,,,,,,,,,,
benchmarks/output/ddd_fleet_sweeps/five_station_b_half_demand_no_wait_k18_21/policies/all_stop_no_wait/k19/result.json,root,ddd_fleet_sweeps,result_document,,19,,,unknown,6be1a4f3f6050b8deaed8e61fca821690ccbac60817d4da7b28321fa623d3734,,all_stop_no_wait,,,,,,,,,,,,,,,0.35421017407236816,pricing was not certified and produced no improving incumbent column,,,False,655271.9968960002,validated_upper_bound,423167.9888107197,certified_lower_bound,50.55742137494963,elapsed_seconds,,,,,,reported_objective_verify_domain,,0,reported_objective_units,,,,,,,,,,,,,,,,,,,,,,,,,,,,,,,
benchmarks/output/ddd_fleet_sweeps/five_station_b_half_demand_no_wait_k18_21/policies/all_stop_no_wait/k20/five_station_circle_cw_half_skip_no_wait_headway_b_v0__reservoir_k20_w300__journey_time.json,root,ddd_fleet_sweeps,result_document,five_station_circle_cw_half_skip_no_wait_headway_b_v0,20,exact_root_column_generation,journey_time,unknown,,,,1200.0,300.0,,600.0,,,,,,,,,,,0.4264420715497476,pricing was not certified and produced no improving incumbent column,2026-08-19T15:02:16.485061+00:00,,False,628640.7241520005,best_upper_bound,360561.87148408795,certified_lower_bound,58.836008083075285,total_seconds,"{""domain"": ""no_wait"", ""earliest_wait_time_seconds"": 0.0, ""maximum_wait_seconds_by_station_id"": [], ""step_seconds"": null}",,,,,reported_objective_verify_domain,sum_iteration_seconds_excludes_unassigned_overhead,7,reported_objective_units,628640.7241520005,6.219132042024285,0.0,,57.76831645902712,57.76831645902712,628640.7241520005,360561.87148408795,0,628640.7241520005,260336.359304877,,,,,,,,,,,,,,,,,,,,
benchmarks/output/ddd_fleet_sweeps/five_station_b_half_demand_no_wait_k18_21/policies/all_stop_no_wait/k20/result.json,root,ddd_fleet_sweeps,result_document,,20,,,unknown,dd447c0ab8d0a5a265c2d293e03fb4bed01c5194083186f9f8db5f49c36755e9,,all_stop_no_wait,,,,,,,,,,,,,,,0.4264420715497476,pricing was not certified and produced no improving incumbent column,,,False,628640.7241520005,validated_upper_bound,360561.87148408795,certified_lower_bound,58.836008083075285,elapsed_seconds,,,,,,reported_objective_verify_domain,,0,reported_objective_units,,,,,,,,,,,,,,,,,,,,,,,,,,,,,,,
benchmarks/output/ddd_fleet_sweeps/five_station_b_half_demand_no_wait_k18_21/policies/all_stop_no_wait/k21/five_station_circle_cw_half_skip_no_wait_headway_b_v0__reservoir_k21_w300__journey_time.json,root,ddd_fleet_sweeps,result_document,five_station_circle_cw_half_skip_no_wait_headway_b_v0,21,exact_root_column_generation,journey_time,unknown,,,,1200.0,300.0,,600.0,,,,,,,,,,,0.43555157759167007,pricing was not certified and produced no improving incumbent column,2026-08-19T15:04:42.817618+00:00,,False,603241.4514880007,best_upper_bound,340498.68562371307,certified_lower_bound,145.63170470902696,total_seconds,"{""domain"": ""no_wait"", ""earliest_wait_time_seconds"": 0.0, ""maximum_wait_seconds_by_station_id"": [], ""step_seconds"": null}",,,,,reported_objective_verify_domain,sum_iteration_seconds_excludes_unassigned_overhead,13,reported_objective_units,603241.4514880007,6.411756957997568,0.0,,142.76407133578323,142.76407133578323,603241.4514880007,340498.68562371307,0,603241.4514880007,305035.365397829,603241.4514880007,325521.016450604,603241.4514880007,336817.9774747984,,,,,,,,,,,,,,,,
benchmarks/output/ddd_fleet_sweeps/five_station_b_half_demand_no_wait_k18_21/policies/all_stop_no_wait/k21/result.json,root,ddd_fleet_sweeps,result_document,,21,,,unknown,f2bb83020e2f215c8bce63b3e3054bee92b1ee0e9a5786d274d879874aa3d3cc,,all_stop_no_wait,,,,,,,,,,,,,,,0.43555157759167007,pricing was not certified and produced no improving incumbent column,,,False,603241.4514880007,validated_upper_bound,340498.68562371307,certified_lower_bound,145.63170470902696,elapsed_seconds,,,,,,reported_objective_verify_domain,,0,reported_objective_units,,,,,,,,,,,,,,,,,,,,,,,,,,,,,,,
benchmarks/output/ddd_fleet_sweeps/five_station_b_half_demand_no_wait_k18_21/policies/skip_stop_no_wait/k18/five_station_circle_cw_half_skip_no_wait_headway_b_v0__reservoir_k18_w300__journey_time.json,root,ddd_fleet_sweeps,result_document,five_station_circle_cw_half_skip_no_wait_headway_b_v0,18,exact_root_column_generation,journey_time,iteration_limit,,,,1200.0,300.0,,600.0,,,,,,,,,,,0.9741906165481053,trajectory root column-generation iteration limit exhausted,2026-08-19T15:14:13.395397+00:00,,False,682879.9970240005,best_upper_bound,17624.711694821133,certified_lower_bound,570.0662178749917,total_seconds,"{""domain"": ""no_wait"", ""earliest_wait_time_seconds"": 0.0, ""maximum_wait_seconds_by_station_id"": [], ""step_seconds"": null}",,,,,reported_objective_verify_domain,sum_iteration_seconds_excludes_unassigned_overhead,30,reported_objective_units,682879.9970240005,13.742599625024013,0.0,,139.12874899886083,559.4501637089998,682879.9970240005,17624.711694821133,0,682879.9970240005,0.0,682879.9970240005,0.0,682879.9970240005,0.0,682879.9970240005,17624.711694821133,,,,,,,,,,,,,,
benchmarks/output/ddd_fleet_sweeps/five_station_b_half_demand_no_wait_k18_21/policies/skip_stop_no_wait/k18/result.json,root,ddd_fleet_sweeps,result_document,,18,,,iteration_limit,071ff321f6d02d1071794a12554b17b6ec682b17a66180210ca198296a2a6eba,,skip_stop_no_wait,,,,,,,,,,,,,,,0.9741906165481053,trajectory root column-generation iteration limit exhausted,,,False,682879.9970240005,validated_upper_bound,17624.711694821133,certified_lower_bound,570.0662178749917,elapsed_seconds,,,,,,reported_objective_verify_domain,,0,reported_objective_units,,,,,,,,,,,,,,,,,,,,,,,,,,,,,,,
benchmarks/output/ddd_fleet_sweeps/five_station_b_half_demand_no_wait_k18_21/policies/skip_stop_no_wait/k19/five_station_circle_cw_half_skip_no_wait_headway_b_v0__reservoir_k19_w300__journey_time.json,root,ddd_fleet_sweeps,result_document,five_station_circle_cw_half_skip_no_wait_headway_b_v0,19,exact_root_column_generation,journey_time,iteration_limit,,,,1200.0,300.0,,600.0,,,,,,,,,,,0.9732184650290543,trajectory root column-generation iteration limit exhausted,2026-08-19T15:23:40.188744+00:00,,False,655271.9968960002,best_upper_bound,17549.18990035169,certified_lower_bound,565.3867895000149,total_seconds,"{""domain"": ""no_wait"", ""earliest_wait_time_seconds"": 0.0, ""maximum_wait_seconds_by_station_id"": [], ""step_seconds"": null}",,,,,reported_objective_verify_domain,sum_iteration_seconds_excludes_unassigned_overhead,30,reported_objective_units,655271.9968960002,13.730476374970749,0.0,,248.47921691590454,551.9499334997963,655271.9968960002,17549.18990035169,0,655271.9968960002,0.0,655271.9968960002,0.0,655271.9968960002,0.0,655271.9968960002,17549.18990035169,,,,,,,,,,,,,,
benchmarks/output/ddd_fleet_sweeps/five_station_b_half_demand_no_wait_k18_21/policies/skip_stop_no_wait/k19/result.json,root,ddd_fleet_sweeps,result_document,,19,,,iteration_limit,719710e0396e76579aed8d09411791c0d5b81778295b94254d99af964f29ad46,,skip_stop_no_wait,,,,,,,,,,,,,,,0.9732184650290543,trajectory root column-generation iteration limit exhausted,,,False,655271.9968960002,validated_upper_bound,17549.18990035169,certified_lower_bound,565.3867895000149,elapsed_seconds,,,,,,reported_objective_verify_domain,,0,reported_objective_units,,,,,,,,,,,,,,,,,,,,,,,,,,,,,,,
benchmarks/output/ddd_fleet_sweeps/five_station_b_half_demand_no_wait_k18_21/policies/skip_stop_no_wait/k20/five_station_circle_cw_half_skip_no_wait_headway_b_v0__reservoir_k20_w300__journey_time.json,root,ddd_fleet_sweeps,result_document,five_station_circle_cw_half_skip_no_wait_headway_b_v0,20,exact_root_column_generation,journey_time,iteration_limit,,,,1200.0,300.0,,600.0,,,,,,,,,,,0.7212897864285861,trajectory root column-generation iteration limit exhausted,2026-08-19T15:33:33.453850+00:00,,False,628640.7241520007,best_upper_bound,175208.5904880924,certified_lower_bound,591.6261668750085,total_seconds,"{""domain"": ""no_wait"", ""earliest_wait_time_seconds"": 0.0, ""maximum_wait_seconds_by_station_id"": [], ""step_seconds"": null}",,,,,reported_objective_verify_domain,sum_iteration_seconds_excludes_unassigned_overhead,30,reported_objective_units,628640.7241520007,13.843722874997184,0.0,,277.5753422920825,575.3378957071109,628640.7241520007,175208.5904880924,0,628640.7241520007,0.0,628640.7241520007,0.0,628640.7241520007,18054.797087847604,628640.7241520007,175208.5904880924,,,,,,,,,,,,,,
benchmarks/output/ddd_fleet_sweeps/five_station_b_half_demand_no_wait_k18_21/policies/skip_stop_no_wait/k20/result.json,root,ddd_fleet_sweeps,result_document,,20,,,iteration_limit,6efb1119055b378838bad842dfea518271f12c23e6b24d08d4b8751155efe969,,skip_stop_no_wait,,,,,,,,,,,,,,,0.7212897864285861,trajectory root column-generation iteration limit exhausted,,,False,628640.7241520007,validated_upper_bound,175208.5904880924,certified_lower_bound,591.6261668750085,elapsed_seconds,,,,,,reported_objective_verify_domain,,0,reported_objective_units,,,,,,,,,,,,,,,,,,,,,,,,,,,,,,,
benchmarks/output/ddd_fleet_sweeps/five_station_b_half_demand_no_wait_k18_21/policies/skip_stop_no_wait/k21/five_station_circle_cw_half_skip_no_wait_headway_b_v0__reservoir_k21_w300__journey_time.json,root,ddd_fleet_sweeps,result_document,five_station_circle_cw_half_skip_no_wait_headway_b_v0,21,exact_root_column_generation,journey_time,time_limit,,,,1200.0,300.0,,600.0,,,,,,,,,,,0.99660459238879,trajectory root column-generation total time limit reached between completed rounds,2026-08-19T15:43:40.731127+00:00,,False,603241.4514880003,best_upper_bound,2048.250615779718,certified_lower_bound,604.8899955410743,total_seconds,"{""domain"": ""no_wait"", ""earliest_wait_time_seconds"": 0.0, ""maximum_wait_seconds_by_station_id"": [], ""step_seconds"": null}",,,,,reported_objective_verify_domain,sum_iteration_seconds_excludes_unassigned_overhead,29,reported_objective_units,603241.4514880003,13.928117915987968,0.0,,412.14802645822056,584.1690854592016,603241.4514880003,2048.250615779718,0,603241.4514880003,0.0,603241.4514880003,0.0,603241.4514880003,0.0,603241.4514880003,0.0,,,,,,,,,,,,,,
benchmarks/output/ddd_fleet_sweeps/five_station_b_half_demand_no_wait_k18_21/policies/skip_stop_no_wait/k21/result.json,root,ddd_fleet_sweeps,result_document,,21,,,time_limit,79d4b961e768f504e24f6dcfa170670fa9d58c404d2e0589248f172cf71db2d7,,skip_stop_no_wait,,,,,,,,,,,,,,,0.99660459238879,trajectory root column-generation total time limit reached between completed rounds,,,False,603241.4514880003,validated_upper_bound,2048.250615779718,certified_lower_bound,604.8899955410743,elapsed_seconds,,,,,,reported_objective_verify_domain,,0,reported_objective_units,,,,,,,,,,,,,,,,,,,,,,,,,,,,,,,
benchmarks/output/ddd_fleet_sweeps/five_station_b_half_demand_no_wait_k19_long/campaign.json,root,ddd_fleet_sweeps,result_document,,,,journey_time,complete,,,,,,,,,,,,,,,,,,,,,,,,,,,,,,,,,,reported_objective_verify_domain,,0,reported_objective_units,,,,,,,,,,,,,,,,,,,,,,,,,,,,,,,
benchmarks/output/ddd_fleet_sweeps/five_station_b_half_demand_no_wait_k19_long/policies/skip_stop_no_wait/k19/five_station_circle_cw_half_skip_no_wait_headway_b_v0__reservoir_k19_w300__journey_time.json,root,ddd_fleet_sweeps,result_document,five_station_circle_cw_half_skip_no_wait_headway_b_v0,19,exact_root_column_generation,journey_time,time_limit,,,,1200.0,300.0,,7200.0,,,,,,,,,,,0.22429196762369125,trajectory root column-generation total time limit reached between completed rounds,2026-08-20T09:41:40.916876+00:00,,False,655271.9968960002,best_upper_bound,508299.75138349104,certified_lower_bound,7223.482168582967,total_seconds,"{""domain"": ""no_wait"", ""earliest_wait_time_seconds"": 0.0, ""maximum_wait_seconds_by_station_id"": [], ""step_seconds"": null}",,,,,reported_objective_verify_domain,sum_iteration_seconds_excludes_unassigned_overhead,64,reported_objective_units,655271.9968960002,13.730476374970749,0.0,,3519.9010431251954,7179.61884729017,655271.9968960002,508299.75138349104,0,655271.9968960002,0.0,655271.9968960002,0.0,655271.9968960002,0.0,655271.9968960002,17549.18990035169,,,655271.9968960002,17549.18990035169,655271.9968960002,224708.49172653066,655271.9968960002,508299.75138349104,,,,,,
benchmarks/output/ddd_fleet_sweeps/five_station_b_half_demand_no_wait_k19_long/policies/skip_stop_no_wait/k19/result.json,root,ddd_fleet_sweeps,result_document,,19,,,time_limit,12f36dda1c563b1bc0839f30f64d6d37136b8d95390fbda0d1dff6022cad3247,,skip_stop_no_wait,,,,,,,,,,,,,,,0.22429196762369125,trajectory root column-generation total time limit reached between completed rounds,,,False,655271.9968960002,validated_upper_bound,508299.75138349104,certified_lower_bound,7223.482168582967,elapsed_seconds,,,,,,reported_objective_verify_domain,,0,reported_objective_units,,,,,,,,,,,,,,,,,,,,,,,,,,,,,,,
benchmarks/output/ddd_fleet_sweeps/five_station_b_no_wait_k18_21/campaign.json,root,ddd_fleet_sweeps,result_document,,,,journey_time,complete,,,,,,,,,,,,,,,,,,,,,,,,,,,,,,,,,,reported_objective_verify_domain,,0,reported_objective_units,,,,,,,,,,,,,,,,,,,,,,,,,,,,,,,
benchmarks/output/ddd_fleet_sweeps/five_station_b_no_wait_k18_21/policies/all_stop_no_wait/k18/five_station_circle_cw_full_skip_no_wait_headway_b_v0__reservoir_k18_w300__journey_time.json,root,ddd_fleet_sweeps,result_document,five_station_circle_cw_full_skip_no_wait_headway_b_v0,18,exact_root_column_generation,journey_time,unknown,,,,1200.0,300.0,,600.0,,,,,,,,,,,0.1035223714587848,pricing was not certified and produced no improving incumbent column,2026-08-19T14:37:19.314570+00:00,,False,1920400.7231440002,best_upper_bound,1721596.286132968,certified_lower_bound,28.121189666097052,total_seconds,"{""domain"": ""no_wait"", ""earliest_wait_time_seconds"": 0.0, ""maximum_wait_seconds_by_station_id"": [], ""step_seconds"": null}",,,,,reported_objective_verify_domain,sum_iteration_seconds_excludes_unassigned_overhead,4,reported_objective_units,1920400.7231440002,7.805408040992916,828876.3876847536,,13.897154832957312,27.654361332883127,1920400.7231440002,1721596.286132968,0,,,,,,,,,,,,,,,,,,,,,,
benchmarks/output/ddd_fleet_sweeps/five_station_b_no_wait_k18_21/policies/all_stop_no_wait/k18/result.json,root,ddd_fleet_sweeps,result_document,,18,,,unknown,91e17dfb08b7f4a0cb72c67d1cc0efd5b27704820376d53c7c4692fca954e8e7,,all_stop_no_wait,,,,,,,,,,,,,,,0.1035223714587848,pricing was not certified and produced no improving incumbent column,,,False,1920400.7231440002,validated_upper_bound,1721596.286132968,certified_lower_bound,28.121189666097052,elapsed_seconds,,,,,,reported_objective_verify_domain,,0,reported_objective_units,,,,,,,,,,,,,,,,,,,,,,,,,,,,,,,
benchmarks/output/ddd_fleet_sweeps/five_station_b_no_wait_k18_21/policies/all_stop_no_wait/k19/five_station_circle_cw_full_skip_no_wait_headway_b_v0__reservoir_k19_w300__journey_time.json,root,ddd_fleet_sweeps,result_document,five_station_circle_cw_full_skip_no_wait_headway_b_v0,19,exact_root_column_generation,journey_time,unknown,,,,1200.0,300.0,,600.0,,,,,,,,,,,0.09620244918616667,pricing was not certified and produced no improving incumbent column,2026-08-19T14:37:45.969894+00:00,,False,1881313.4503279997,best_upper_bound,1700326.4887195684,certified_lower_bound,26.311563250026666,total_seconds,"{""domain"": ""no_wait"", ""earliest_wait_time_seconds"": 0.0, ""maximum_wait_seconds_by_station_id"": [], ""step_seconds"": null}",,,,,reported_objective_verify_domain,sum_iteration_seconds_excludes_unassigned_overhead,4,reported_objective_units,1881313.4503279997,5.5008674579439685,973529.964019296,,18.51119341584854,25.98989120684564,1881313.4503279997,1700326.4887195684,0,,,,,,,,,,,,,,,,,,,,,,
benchmarks/output/ddd_fleet_sweeps/five_station_b_no_wait_k18_21/policies/all_stop_no_wait/k19/result.json,root,ddd_fleet_sweeps,result_document,,19,,,unknown,8c8de7c1a9427492d088d11f65c30ab4d4575cc75f39fcc1a153adbdc367e57d,,all_stop_no_wait,,,,,,,,,,,,,,,0.09620244918616667,pricing was not certified and produced no improving incumbent column,,,False,1881313.4503279997,validated_upper_bound,1700326.4887195684,certified_lower_bound,26.311563250026666,elapsed_seconds,,,,,,reported_objective_verify_domain,,0,reported_objective_units,,,,,,,,,,,,,,,,,,,,,,,,,,,,,,,
benchmarks/output/ddd_fleet_sweeps/five_station_b_no_wait_k18_21/policies/all_stop_no_wait/k20/five_station_circle_cw_full_skip_no_wait_headway_b_v0__reservoir_k20_w300__journey_time.json,root,ddd_fleet_sweeps,result_document,five_station_circle_cw_full_skip_no_wait_headway_b_v0,20,exact_root_column_generation,journey_time,unknown,,,,1200.0,300.0,,600.0,,,,,,,,,,,0.077676115292058,pricing was not certified and produced no improving incumbent column,2026-08-19T14:38:21.312828+00:00,,False,1843122.1775120003,best_upper_bound,1699955.6067542292,certified_lower_bound,34.91368945897557,total_seconds,"{""domain"": ""no_wait"", ""earliest_wait_time_seconds"": 0.0, ""maximum_wait_seconds_by_station_id"": [], ""step_seconds"": null}",,,,,reported_objective_verify_domain,sum_iteration_seconds_excludes_unassigned_overhead,5,reported_objective_units,1843122.1775120003,5.554201208055019,731755.2181027881,,26.10885774914641,34.347764833131805,1843122.1775120003,1699955.6067542292,0,1843122.1775120003,1699955.6067542292,,,,,,,,,,,,,,,,,,,,
benchmarks/output/ddd_fleet_sweeps/five_station_b_no_wait_k18_21/policies/all_stop_no_wait/k20/result.json,root,ddd_fleet_sweeps,result_document,,20,,,unknown,2c604d07189748bdd1fc21b9168916be04b0baa2a97101dc39472de5ec9c4214,,all_stop_no_wait,,,,,,,,,,,,,,,0.077676115292058,pricing was not certified and produced no improving incumbent column,,,False,1843122.1775120003,validated_upper_bound,1699955.6067542292,certified_lower_bound,34.91368945897557,elapsed_seconds,,,,,,reported_objective_verify_domain,,0,reported_objective_units,,,,,,,,,,,,,,,,,,,,,,,,,,,,,,,
benchmarks/output/ddd_fleet_sweeps/five_station_b_no_wait_k18_21/policies/all_stop_no_wait/k21/five_station_circle_cw_full_skip_no_wait_headway_b_v0__reservoir_k21_w300__journey_time.json,root,ddd_fleet_sweeps,result_document,five_station_circle_cw_full_skip_no_wait_headway_b_v0,21,exact_root_column_generation,journey_time,unknown,,,,1200.0,300.0,,600.0,,,,,,,,,,,0.21882947034515027,pricing was not certified and produced no improving incumbent column,2026-08-19T14:38:34.017451+00:00,,False,1806260.3592400008,best_upper_bound,1410997.3615220706,certified_lower_bound,12.167864791001193,total_seconds,"{""domain"": ""no_wait"", ""earliest_wait_time_seconds"": 0.0, ""maximum_wait_seconds_by_station_id"": [], ""step_seconds"": null}",,,,,reported_objective_verify_domain,sum_iteration_seconds_excludes_unassigned_overhead,2,reported_objective_units,1806260.3592400008,5.643083833041601,803705.9948951404,,11.98554512404371,11.98554512404371,1806260.3592400008,1410997.3615220706,0,,,,,,,,,,,,,,,,,,,,,,
benchmarks/output/ddd_fleet_sweeps/five_station_b_no_wait_k18_21/policies/all_stop_no_wait/k21/result.json,root,ddd_fleet_sweeps,result_document,,21,,,unknown,7531b7b51649fa857a7874b21f5fd26de49bf449235450de3ed1c43e0b1bcdb8,,all_stop_no_wait,,,,,,,,,,,,,,,0.21882947034515027,pricing was not certified and produced no improving incumbent column,,,False,1806260.3592400008,validated_upper_bound,1410997.3615220706,certified_lower_bound,12.167864791001193,elapsed_seconds,,,,,,reported_objective_verify_domain,,0,reported_objective_units,,,,,,,,,,,,,,,,,,,,,,,,,,,,,,,
benchmarks/output/ddd_fleet_sweeps/five_station_b_no_wait_k18_21/policies/skip_stop_no_wait/k18/five_station_circle_cw_full_skip_no_wait_headway_b_v0__reservoir_k18_w300__journey_time.json,root,ddd_fleet_sweeps,result_document,five_station_circle_cw_full_skip_no_wait_headway_b_v0,18,exact_root_column_generation,journey_time,unknown,,,,1200.0,300.0,,600.0,,,,,,,,,,,0.6304352036196541,pricing was not certified and produced no improving incumbent column,2026-08-19T14:42:23.756161+00:00,,False,1920400.7231440004,best_upper_bound,709712.5022173815,certified_lower_bound,12.792665999964811,total_seconds,"{""domain"": ""no_wait"", ""earliest_wait_time_seconds"": 0.0, ""maximum_wait_seconds_by_station_id"": [], ""step_seconds"": null}",,,,,reported_objective_verify_domain,sum_iteration_seconds_excludes_unassigned_overhead,2,reported_objective_units,1920400.7231440004,6.042976166936569,0.0,,12.406903584022075,12.406903584022075,1920400.7231440004,709712.5022173815,0,,,,,,,,,,,,,,,,,,,,,,
benchmarks/output/ddd_fleet_sweeps/five_station_b_no_wait_k18_21/policies/skip_stop_no_wait/k18/result.json,root,ddd_fleet_sweeps,result_document,,18,,,unknown,ea385b3f802da779a34a907b7f6fdf5faaf9e1688a9d4c863b7bd17a4f522ecf,,skip_stop_no_wait,,,,,,,,,,,,,,,0.6304352036196541,pricing was not certified and produced no improving incumbent column,,,False,1920400.7231440004,validated_upper_bound,709712.5022173815,certified_lower_bound,12.792665999964811,elapsed_seconds,,,,,,reported_objective_verify_domain,,0,reported_objective_units,,,,,,,,,,,,,,,,,,,,,,,,,,,,,,,
benchmarks/output/ddd_fleet_sweeps/five_station_b_no_wait_k18_21/policies/skip_stop_no_wait/k19/five_station_circle_cw_full_skip_no_wait_headway_b_v0__reservoir_k19_w300__journey_time.json,root,ddd_fleet_sweeps,result_document,five_station_circle_cw_full_skip_no_wait_headway_b_v0,19,exact_root_column_generation,journey_time,unknown,,,,1200.0,300.0,,600.0,,,,,,,,,,,0.6765201744841017,pricing was not certified and produced no improving incumbent column,2026-08-19T14:42:50.593351+00:00,,False,1881313.4503280004,best_upper_bound,608566.946652814,certified_lower_bound,26.33487483393401,total_seconds,"{""domain"": ""no_wait"", ""earliest_wait_time_seconds"": 0.0, ""maximum_wait_seconds_by_station_id"": [], ""step_seconds"": null}",,,,,reported_objective_verify_domain,sum_iteration_seconds_excludes_unassigned_overhead,4,reported_objective_units,1881313.4503280004,5.705045707989484,0.0,,25.8654842908727,25.8654842908727,1881313.4503280004,608566.946652814,0,,,,,,,,,,,,,,,,,,,,,,
benchmarks/output/ddd_fleet_sweeps/five_station_b_no_wait_k18_21/policies/skip_stop_no_wait/k19/result.json,root,ddd_fleet_sweeps,result_document,,19,,,unknown,6d65d600af57313f591d3906f495d490b79394a7f5a0e25a01517ef110db43c4,,skip_stop_no_wait,,,,,,,,,,,,,,,0.6765201744841017,pricing was not certified and produced no improving incumbent column,,,False,1881313.4503280004,validated_upper_bound,608566.946652814,certified_lower_bound,26.33487483393401,elapsed_seconds,,,,,,reported_objective_verify_domain,,0,reported_objective_units,,,,,,,,,,,,,,,,,,,,,,,,,,,,,,,
benchmarks/output/ddd_fleet_sweeps/five_station_b_no_wait_k18_21/policies/skip_stop_no_wait/k20/five_station_circle_cw_full_skip_no_wait_headway_b_v0__reservoir_k20_w300__journey_time.json,root,ddd_fleet_sweeps,result_document,five_station_circle_cw_full_skip_no_wait_headway_b_v0,20,exact_root_column_generation,journey_time,unknown,,,,1200.0,300.0,,600.0,,,,,,,,,,,0.7309478814219551,pricing was not certified and produced no improving incumbent column,2026-08-19T14:43:10.765050+00:00,,False,1843122.1775120005,best_upper_bound,495895.9266577831,certified_lower_bound,19.567384875030257,total_seconds,"{""domain"": ""no_wait"", ""earliest_wait_time_seconds"": 0.0, ""maximum_wait_seconds_by_station_id"": [], ""step_seconds"": null}",,,,,reported_objective_verify_domain,sum_iteration_seconds_excludes_unassigned_overhead,3,reported_objective_units,1843122.1775120005,5.779795709066093,0.0,,19.170756960171275,19.170756960171275,1843122.1775120005,495895.9266577831,0,,,,,,,,,,,,,,,,,,,,,,
benchmarks/output/ddd_fleet_sweeps/five_station_b_no_wait_k18_21/policies/skip_stop_no_wait/k20/result.json,root,ddd_fleet_sweeps,result_document,,20,,,unknown,e98ae1b220d810d73dcaf8c178db59f360eb1aea37dbe91b1e7847fcfd0f4fc9,,skip_stop_no_wait,,,,,,,,,,,,,,,0.7309478814219551,pricing was not certified and produced no improving incumbent column,,,False,1843122.1775120005,validated_upper_bound,495895.9266577831,certified_lower_bound,19.567384875030257,elapsed_seconds,,,,,,reported_objective_verify_domain,,0,reported_objective_units,,,,,,,,,,,,,,,,,,,,,,,,,,,,,,,
benchmarks/output/ddd_fleet_sweeps/five_station_b_no_wait_k18_21/policies/skip_stop_no_wait/k21/five_station_circle_cw_full_skip_no_wait_headway_b_v0__reservoir_k21_w300__journey_time.json,root,ddd_fleet_sweeps,result_document,five_station_circle_cw_full_skip_no_wait_headway_b_v0,21,exact_root_column_generation,journey_time,unknown,,,,1200.0,300.0,,600.0,,,,,,,,,,,0.7679242582043353,pricing was not certified and produced no improving incumbent column,2026-08-19T14:43:31.251711+00:00,,False,1806260.3592400004,best_upper_bound,419189.2127467268,certified_lower_bound,19.801739540998824,total_seconds,"{""domain"": ""no_wait"", ""earliest_wait_time_seconds"": 0.0, ""maximum_wait_seconds_by_station_id"": [], ""step_seconds"": null}",,,,,reported_objective_verify_domain,sum_iteration_seconds_excludes_unassigned_overhead,3,reported_objective_units,1806260.3592400004,5.836541833006777,0.0,,19.346466584014706,19.346466584014706,1806260.3592400004,419189.2127467268,0,,,,,,,,,,,,,,,,,,,,,,
benchmarks/output/ddd_fleet_sweeps/five_station_b_no_wait_k18_21/policies/skip_stop_no_wait/k21/result.json,root,ddd_fleet_sweeps,result_document,,21,,,unknown,6bfea16930a51c732bf4113f0c2aaeb320c45f076c148cbcaa6038efe78b2e59,,skip_stop_no_wait,,,,,,,,,,,,,,,0.7679242582043353,pricing was not certified and produced no improving incumbent column,,,False,1806260.3592400004,validated_upper_bound,419189.2127467268,certified_lower_bound,19.801739540998824,elapsed_seconds,,,,,,reported_objective_verify_domain,,0,reported_objective_units,,,,,,,,,,,,,,,,,,,,,,,,,,,,,,,
benchmarks/output/ddd_fleet_sweeps/ui_preview/campaign.json,root,ddd_fleet_sweeps,result_document,,,,journey_time,running,,,,,,,,,,,,,,,,,,,,,,,,,,,,,,,,,,reported_objective_verify_domain,,0,reported_objective_units,,,,,,,,,,,,,,,,,,,,,,,,,,,,,,,
benchmarks/output/ddd_frozen_trajectory_pricing/focus_comparison/five_station_circle_cw_half_skip_no_wait_v0__c0__tight_convex_hull__focus0__10s.json,root,ddd_frozen_trajectory_pricing,result_document,five_station_circle_cw_half_skip_no_wait_v0,,,journey_time,unknown,,,,,,,,1013,,,,,,,10.001289749983698,,,,,2026-08-16T20:43:34.750452+00:00,,,,,,,10.001289749983698,solve_seconds,,,,,,reported_objective_verify_domain,,0,reported_objective_units,,,,,,,,,,,,,,,,,,,,,,,,,,,,,,,
benchmarks/output/ddd_frozen_trajectory_pricing/focus_comparison/five_station_circle_cw_half_skip_no_wait_v0__c0__tight_convex_hull__focus2__10s.json,root,ddd_frozen_trajectory_pricing,result_document,five_station_circle_cw_half_skip_no_wait_v0,,,journey_time,unknown,,,,,,,,1013,,,,,,,10.00136862497311,,,,,2026-08-16T20:43:50.932553+00:00,,,,,,,10.00136862497311,solve_seconds,,,,,,reported_objective_verify_domain,,0,reported_objective_units,,,,,,,,,,,,,,,,,,,,,,,,,,,,,,,
benchmarks/output/ddd_frozen_trajectory_pricing/focus_comparison/five_station_circle_cw_half_skip_no_wait_v0__c0__tight_convex_hull__focus2__30s.json,root,ddd_frozen_trajectory_pricing,result_document,five_station_circle_cw_half_skip_no_wait_v0,,,journey_time,unknown,,,,,,,,1013,,,,,,,30.001469832961448,,,,,2026-08-16T20:44:48.392808+00:00,,,,,,,30.001469832961448,solve_seconds,,,,,,reported_objective_verify_domain,,0,reported_objective_units,,,,,,,,,,,,,,,,,,,,,,,,,,,,,,,
benchmarks/output/ddd_frozen_trajectory_pricing/focus_comparison/five_station_circle_cw_half_skip_no_wait_v0__c0__tight_convex_hull__focus3__10s.json,root,ddd_frozen_trajectory_pricing,result_document,five_station_circle_cw_half_skip_no_wait_v0,,,journey_time,unknown,,,,,,,,1013,,,,,,,10.001654334017076,,,,,2026-08-16T20:44:08.739349+00:00,,,,,,,10.001654334017076,solve_seconds,,,,,,reported_objective_verify_domain,,0,reported_objective_units,,,,,,,,,,,,,,,,,,,,,,,,,,,,,,,
benchmarks/output/ddd_frozen_trajectory_pricing/passenger_flow/five_station_circle_cw_half_skip_no_wait_v0__c0__time_expanded_path__focus2__2s.json,root,ddd_frozen_trajectory_pricing,result_document,five_station_circle_cw_half_skip_no_wait_v0,,,journey_time,optimal,,,,,,,,8254,,,,,,,0.5073649589903653,,,,,2026-08-16T20:50:19.343902+00:00,,,,,,,0.5073649589903653,solve_seconds,,,,,,reported_objective_verify_domain,,0,reported_objective_units,,,,,,,,,,,,,,,,,,,,,,,,,,,,,,,
benchmarks/output/ddd_frozen_trajectory_pricing/smoke/five_station_circle_cw_half_skip_no_wait_v0__c0__tight_convex_hull__focus0__2s.json,root,ddd_frozen_trajectory_pricing,result_document,five_station_circle_cw_half_skip_no_wait_v0,,,journey_time,unknown,,,,,,,,1013,,,,,,,2.001266459003091,,,,,2026-08-16T20:43:14.946260+00:00,,,,,,,2.001266459003091,solve_seconds,,,,,,reported_objective_verify_domain,,0,reported_objective_units,,,,,,,,,,,,,,,,,,,,,,,,,,,,,,,
benchmarks/output/ddd_frozen_trajectory_pricing/time_coupled/five_station_circle_cw_half_skip_no_wait_v0__c0__time_expanded_path__focus0__2s.json,root,ddd_frozen_trajectory_pricing,result_document,five_station_circle_cw_half_skip_no_wait_v0,,,journey_time,unknown,,,,,,,,6672,,,,,,,2.0019243749557063,,,,,2026-08-16T20:46:18.631913+00:00,,,,,,,2.0019243749557063,solve_seconds,,,,,,reported_objective_verify_domain,,0,reported_objective_units,,,,,,,,,,,,,,,,,,,,,,,,,,,,,,,
benchmarks/output/ddd_frozen_trajectory_pricing/time_coupled/five_station_circle_cw_half_skip_no_wait_v0__c0__time_expanded_path__focus2__10s.json,root,ddd_frozen_trajectory_pricing,result_document,five_station_circle_cw_half_skip_no_wait_v0,,,journey_time,unknown,,,,,,,,6672,,,,,,,10.002943459083326,,,,,2026-08-16T20:46:35.650563+00:00,,,,,,,10.002943459083326,solve_seconds,,,,,,reported_objective_verify_domain,,0,reported_objective_units,,,,,,,,,,,,,,,,,,,,,,,,,,,,,,,
benchmarks/output/ddd_frozen_trajectory_pricing/time_coupled/five_station_circle_cw_half_skip_no_wait_v0__c0__time_expanded_path__focus2__30s.json,root,ddd_frozen_trajectory_pricing,result_document,five_station_circle_cw_half_skip_no_wait_v0,,,journey_time,unknown,,,,,,,,6672,,,,,,,30.002017166931182,,,,,2026-08-16T20:47:15.129487+00:00,,,,,,,30.002017166931182,solve_seconds,,,,,,reported_objective_verify_domain,,0,reported_objective_units,,,,,,,,,,,,,,,,,,,,,,,,,,,,,,,
benchmarks/output/ddd_integrated_cp_sat/k20/build_product/result.json,root,ddd_integrated_cp_sat,result_document,five_station_circle_cw_half_skip_no_wait_headway_b_v0,20,,,NOT_RUN,6350ed04aa8697a43714e8675b4d7e0ac24389b4dd1491eeed3796e09e10559b,balanced_reference,skip_stop,,,,,,,,,,,0.05650883400085149,,,,,BUILD_ONLY,,,,,,,,0.375480750000861,total_wall_seconds,,,,,,reported_objective_verify_domain,,0,reported_objective_units,,,,,,,,,,,,,,,,,,,,,,,,,,19570,42175,,,,
benchmarks/output/ddd_integrated_cp_sat/k20/product_300s_seed0_v2/result.json,root,ddd_integrated_cp_sat,result_document,five_station_circle_cw_half_skip_no_wait_headway_b_v0,20,,journey_time,FEASIBLE,9a12aad41c4cba5c2e875a2240deb8618122db9de87ff996655465b9635294ee,balanced_reference,skip_stop,,,,,,,,,,,0.05510358399988036,299.38708029100053,1280,0,0.20134549518588454,TIME_LIMIT,,,,525730.90816,validated_upper_bound,419877.358122,combined_lower_bound,300.3523446250001,total_wall_seconds,,,,,,reported_objective_verify_domain,optimizer_elapsed_excludes_runner_preparation,28,reported_objective_units,1534245.090904,3.663220292000915,-4896000.0,4.446317500000077,249.5957747500015,299.83822933400006,525730.90816,419877.358123,6,525730.90816,419708.118211,525730.90816,419871.871602,525730.90816,419871.892518,525730.90816,419877.358123,,,,,,,,,19570,42175,,,,
benchmarks/output/ddd_integrated_cp_sat/k20/unary_300s_seed0/result.json,root,ddd_integrated_cp_sat,result_document,five_station_circle_cw_half_skip_no_wait_headway_b_v0,20,,journey_time,FEASIBLE,9a12aad41c4cba5c2e875a2240deb8618122db9de87ff996655465b9635294ee,balanced_reference,skip_stop,,,,,,,,,,,0.056615458999658586,299.19741875,1280,0,1.0,TIME_LIMIT,,,,525730.90816,validated_upper_bound,0.0,combined_lower_bound,300.22087912499956,total_wall_seconds,,,,,,reported_objective_verify_domain,optimizer_elapsed_excludes_runner_preparation,16,reported_objective_units,1535298.636362,7.205957374999343,-4883745.45456,9.303988833999028,9.39262266699916,299.76773320900065,525730.90816,0.0,12,525730.90816,0.0,525730.90816,0.0,525730.90816,0.0,525730.90816,0.0,,,,,,,,,29620,57585,,,,
benchmarks/output/ddd_integrated_cp_sat/k39/build_product/result.json,root,ddd_integrated_cp_sat,result_document,five_station_circle_cw_half_skip_no_wait_headway_b_v0,39,,,NOT_RUN,f8b765b7b1821a2ac4746aed1cbdc3511fc813d47ed5cb8e347dac913ba6186b,balanced_reference,skip_stop,,,,,,,,,,,3.8533975000009377,,,,,BUILD_ONLY,,,,,,,,4.526281165999535,total_wall_seconds,,,,,,reported_objective_verify_domain,,0,reported_objective_units,,,,,,,,,,,,,,,,,,,,,,,,,,43986,92596,,,,
benchmarks/output/ddd_integrated_cp_sat/k39/product_600s_seed0/arc_flow_seed.json,root,ddd_integrated_cp_sat,result_document,five_station_circle_cw_half_skip_no_wait_headway_b_v0,39,,journey_time,,f8b765b7b1821a2ac4746aed1cbdc3511fc813d47ed5cb8e347dac913ba6186b,balanced_reference,skip_stop,,,,,,,,,,,,,,,,,,,,1272673.026168,validated_upper_bound,,,,,,,,,,reported_objective_verify_domain,,0,reported_objective_units,,,,,,,,,,,,,,,,,,,,,,,,,,,,,,,
benchmarks/output/ddd_integrated_cp_sat/k39/product_600s_seed0/result.json,root,ddd_integrated_cp_sat,result_document,five_station_circle_cw_half_skip_no_wait_headway_b_v0,39,,journey_time,FEASIBLE,f8b765b7b1821a2ac4746aed1cbdc3511fc813d47ed5cb8e347dac913ba6186b,balanced_reference,skip_stop,,,,,,,,,,,3.994898708000619,597.3436762499987,400,880,0.6834667761892029,TIME_LIMIT,,,,1272673.026168,validated_upper_bound,402843.29583,combined_lower_bound,603.2150650000003,total_wall_seconds,,,,,,reported_objective_verify_domain,optimizer_elapsed_excludes_runner_preparation,90,reported_objective_units,1376000.78288,21.361973791999844,-10512000.0,379.76655991699954,560.5166809589991,598.3309344999998,1272673.026168,402843.295831,48,1360974.720432,0.0,1312631.339112,2161.162528,1278095.42592,380167.075826,1273232.353176,390930.675034,,,,,,,,,43986,92596,,,,
benchmarks/output/ddd_integrated_cp_sat_waiting/diagnostics/allstop38_inclusion/no_wait/result.json,root,ddd_integrated_cp_sat_waiting,result_document,,,,journey_time,OPTIMAL,e71ddfb906c5523952ecbdc72d8391121038431987c8dc9e7cbe95404e3c3b23,,,,,,,,,,,,,,0.9058268329972634,1280,0,0.0,OPTIMAL,,,,399287.271408,validated_upper_bound,399287.271408,combined_lower_bound,1.943979625000793,total_wall_seconds,,,,,,reported_objective_verify_domain,optimizer_elapsed_excludes_runner_preparation,10,reported_objective_units,1536000.0,1.1455933750003169,-2138312.855512,1.85534104099861,1.943888458001311,1.943888458001311,399287.271408,399287.271408,6,,,,,,,,,,,,,,,,,36982,86692,,,,
benchmarks/output/ddd_integrated_cp_sat_waiting/diagnostics/allstop38_inclusion/waiting_w1200/result.json,root,ddd_integrated_cp_sat_waiting,result_document,,,,journey_time,OPTIMAL,b60db3dda4e51c37591df4016da1dd8f1f9b07627e0b5986f67f2dbf1f831393,,,,,,,,,,,,,,0.9680410840010154,1280,0,0.0,OPTIMAL,,,,399287.271408,validated_upper_bound,399287.271408,combined_lower_bound,2.5250715000001946,total_wall_seconds,,,,,,reported_objective_verify_domain,optimizer_elapsed_excludes_runner_preparation,10,reported_objective_units,1536000.0,1.5814019159988675,-2138312.855512,2.294013624999934,2.5249919159978162,2.5249919159978162,399287.271408,399287.271408,6,,,,,,,,,,,,,,,,,49303,109975,,,,
benchmarks/output/ddd_integrated_cp_sat_waiting/k39/build_w1200_v2/result.json,root,ddd_integrated_cp_sat_waiting,result_document,five_station_circle_cw_half_skip_no_wait_headway_b_v0,39,,,NOT_RUN,9825bcd8af25c3d0d5eea6613158f4c548477771c4c763b855831574c88a96a4,balanced_reference,skip_stop,,,,,,,,,,,4.083952583998325,,,,,BUILD_ONLY,,,,,,,,4.943053958999371,total_wall_seconds,,,,,,reported_objective_verify_domain,,0,reported_objective_units,,,,,,,,,,,,,,,,,,,,,,,,,,51076,106782,,,,
benchmarks/output/ddd_integrated_cp_sat_waiting/k39/no_wait_600s_seed0/post_ip_validation.json,root,ddd_integrated_cp_sat_waiting,result_document,,,,1262099.935264,OPTIMAL,,,,,,,,,,,,,,,0.00030291700022644363,,,,,,,,1262099.935264,objective,,,0.00030291700022644363,solve_seconds,,,,,,reported_objective_verify_domain,,0,reported_objective_units,,,,,,,,,,,,,,,,,,,,,,,,,,,,,,,
benchmarks/output/ddd_integrated_cp_sat_waiting/k39/no_wait_600s_seed0/result.json,root,ddd_integrated_cp_sat_waiting,result_document,five_station_circle_cw_half_skip_no_wait_headway_b_v0,39,,journey_time,FEASIBLE,f8b765b7b1821a2ac4746aed1cbdc3511fc813d47ed5cb8e347dac913ba6186b,balanced_reference,skip_stop,,,,,,,,,,,4.258749333002925,593.9738199590029,416,864,0.6857725039174145,TIME_LIMIT,,,,1262099.935264,validated_upper_bound,396586.502464,combined_lower_bound,600.3357265830018,total_wall_seconds,,,,,,reported_objective_verify_domain,optimizer_elapsed_excludes_runner_preparation,49,reported_objective_units,1272673.026168,24.427924167001038,-10512000.0,532.4094662079988,454.44719925000027,595.1497546249993,1262099.935264,396586.502465,15,1272673.026168,0.0,1270826.046528,0.0,1269311.076912,370816.67665,1264365.780592,388092.944255,,,,,,,,,43986,92596,,,,
benchmarks/output/ddd_integrated_cp_sat_waiting/k39/smoke_w1200_30s/result.json,root,ddd_integrated_cp_sat_waiting,result_document,five_station_circle_cw_half_skip_no_wait_headway_b_v0,39,,journey_time,UNKNOWN,9825bcd8af25c3d0d5eea6613158f4c548477771c4c763b855831574c88a96a4,balanced_reference,skip_stop,,,,,,,,,,,4.016691082997568,22.593172416000016,400,880,1.0,SOLVER_STOPPED,,,,1272673.026168,validated_upper_bound,0.0,combined_lower_bound,28.642825540999183,total_wall_seconds,,,,,,reported_objective_verify_domain,optimizer_elapsed_excludes_runner_preparation,1,reported_objective_units,,,0.0,,,23.70082770800218,,0.0,0,,,,,,,,,,,,,,,,,51076,106782,,,,
benchmarks/output/ddd_integrated_cp_sat_waiting/k39/w1200_600s_seed0/post_ip_validation.json,root,ddd_integrated_cp_sat_waiting,result_document,,,,1022076.357256,OPTIMAL,,,,,,,,,,,,,,,0.000879999999597203,,,,,,,,1022076.357256,objective,,,0.000879999999597203,solve_seconds,,,,,,reported_objective_verify_domain,,0,reported_objective_units,,,,,,,,,,,,,,,,,,,,,,,,,,,,,,,
benchmarks/output/ddd_integrated_cp_sat_waiting/k39/w1200_600s_seed0/result.json,root,ddd_integrated_cp_sat_waiting,result_document,five_station_circle_cw_half_skip_no_wait_headway_b_v0,39,,journey_time,FEASIBLE,9825bcd8af25c3d0d5eea6613158f4c548477771c4c763b855831574c88a96a4,balanced_reference,skip_stop,,,,,,,,,,,4.0600269160022435,594.3125925839995,1104,176,0.9252160217440043,TIME_LIMIT,,,,1022076.357256,validated_upper_bound,76434.936077,combined_lower_bound,600.5333139580034,total_wall_seconds,,,,,,reported_objective_verify_domain,optimizer_elapsed_excludes_runner_preparation,378,reported_objective_units,1272673.026168,36.63057508299971,-11097600.0,594.626740124997,532.1224756249976,595.5199964169988,1022076.357256,76434.936078,291,,-11097600.0,1196698.577057,0.0,1160190.7694,50503.085753,1087296.239008,50504.69426,,,,,,,,,51076,106782,,,,
benchmarks/output/ddd_integrated_cp_sat_warmup/k39/shared_seed_warmup0.json,root,ddd_integrated_cp_sat_warmup,result_document,five_station_circle_cw_half_skip_no_wait_headway_b_v0,39,,journey_time,,9825bcd8af25c3d0d5eea6613158f4c548477771c4c763b855831574c88a96a4,balanced_reference,skip_stop,,0,,,,,,,,,,,,,,,,,,1441651.79188,validated_upper_bound,,,,,,,,,,reported_objective_verify_domain,,0,reported_objective_units,,,,,,,,,,,,,,,,,,,,,,,,,,,,,,,
benchmarks/output/ddd_integrated_cp_sat_warmup/k39/shared_seed_warmup300.json,root,ddd_integrated_cp_sat_warmup,result_document,five_station_circle_cw_half_skip_no_wait_headway_b_v0,39,,journey_time,,2e7ca943ecb4a9a3a6af974e7111332ac3ddd6fbf95ef9c99fe3ff9eedf5c685,balanced_reference,skip_stop,,300,,,,,,,,,,,,,,,,,,1437094.22328,validated_upper_bound,,,,,,,,,,reported_objective_verify_domain,,0,reported_objective_units,,,,,,,,,,,,,,,,,,,,,,,,,,,,,,,
benchmarks/output/ddd_integrated_cp_sat_warmup/k39/warmup0_600s_seed0/post_ip_validation.json,root,ddd_integrated_cp_sat_warmup,result_document,,,FIXED_MOVEMENT,1131767.098632,OPTIMAL,,,,,,,,,,,,,,,0.001160332998551894,,,,,,,,1131767.098632,objective,,,0.001160332998551894,solve_seconds,,,,,,reported_objective_verify_domain,,0,reported_objective_units,,,,,,,,,,,,,,,,,,,,,,,,,,,,,,,
benchmarks/output/ddd_integrated_cp_sat_warmup/k39/warmup0_600s_seed0/result.json,root,ddd_integrated_cp_sat_warmup,result_document,five_station_circle_cw_half_skip_no_wait_headway_b_v0,39,,journey_time,FEASIBLE,9825bcd8af25c3d0d5eea6613158f4c548477771c4c763b855831574c88a96a4,balanced_reference,skip_stop,,0.0,,,,,,,,,4.012985165998543,594.4045210000004,1096,184,0.916569670013994,TIME_LIMIT,,,,1132243.584088,validated_upper_bound,94463.455845,combined_lower_bound,600.5057717079981,total_wall_seconds,,,,,,reported_objective_verify_domain,optimizer_elapsed_excludes_runner_preparation,437,reported_objective_units,1441651.79188,36.07611891700071,-11097600.0,587.0485903330009,559.1725045420026,595.5679264999999,1132243.584088,94463.455846,346,,-11097600.0,1369003.811464,0.0,1331329.484656,50506.302477,1239618.749056,50506.302477,,,,,,,,,51076,106782,,,,
benchmarks/output/ddd_integrated_cp_sat_warmup/k39/warmup300_600s_seed0/post_ip_validation.json,root,ddd_integrated_cp_sat_warmup,result_document,,,no independent Passenger-IP certificate obtained,,REJECTED_BY_EAN_MOVEMENT_VALIDATION,,,,,,,,,,,,,,,,,,,scenario validation failed: EAN_HEADWAY_VIOLATION: headway pair 'pair::exit_switch::C_entry_cw::candidate::exit_switch::C_entry_cw::cabin_35::visit_43::candidate::exit_switch::C_entry_cw::cabin_8::visit_41' has violation_seconds=0.4845422115335074,,,,,,,,,,,,,,,reported_objective_verify_domain,,0,reported_objective_units,,,,,,,,,,,,,,,,,,,,,,,,,,,,,,,
benchmarks/output/ddd_integrated_cp_sat_warmup/k39/warmup300_600s_seed0/result.json,root,ddd_integrated_cp_sat_warmup,result_document,five_station_circle_cw_half_skip_no_wait_headway_b_v0,39,,journey_time,FEASIBLE,2e7ca943ecb4a9a3a6af974e7111332ac3ddd6fbf95ef9c99fe3ff9eedf5c685,balanced_reference,skip_stop,,300.0,,,,,,,,,4.3560918330003915,593.4121918329984,1000,280,1.0,TIME_LIMIT,,,,1127695.888264,validated_upper_bound,0.0,combined_lower_bound,600.622153166998,total_wall_seconds,,,,,,reported_objective_verify_domain,optimizer_elapsed_excludes_runner_preparation,363,reported_objective_units,1437094.22328,51.25534229199911,-18372000.0,592.639804082999,594.9216679169986,594.9216679169986,1127695.888264,0.0,311,,,1373074.167888,-294160.091071,1291985.08893,-294091.56508,1224331.069624,-293766.230018,,,,,,,,,63767,133879,,,,
benchmarks/output/ddd_integrated_cp_sat_warmup/k39/warmup_plan_original_demand_seed.json,root,ddd_integrated_cp_sat_warmup,result_document,five_station_circle_cw_half_skip_no_wait_headway_b_v0,39,,journey_time,,,balanced_reference,skip_stop,,,,,,,,,,,,,,,,,,,,1347437.517224,validated_upper_bound,,,,,,,,,,reported_objective_verify_domain,,0,reported_objective_units,,,,,,,,,,,,,,,,,,,,,,,,,,,,,,,
benchmarks/output/ddd_integrated_cp_sat_warmup/k39/warmup_plan_with_original_demand.json,root,ddd_integrated_cp_sat_warmup,result_document,,,,1347437.517224,OPTIMAL,,,,,,,,,,,,,,,,,,,,,,,1347437.517224,objective,,,,,,,,,,reported_objective_verify_domain,,0,reported_objective_units,,,,,,,,,,,,,,,,,,,,,,,,,,,,,,,
benchmarks/output/ddd_labeled_gate_1h_k39/five_station_circle_cw_half_skip_no_wait_headway_b_v0_arc_flow_labeled_skip_stop_k39/result.json,root,ddd_labeled_gate_1h_k39,result_document,five_station_circle_cw_half_skip_no_wait_headway_b_v0,39,labeled,journey_time,time_limit_with_certified_interval,2f82126c06273d2299ab258ca5c5d92acc9d83d829360422f8473c26521cc0f0,balanced_reference,skip_stop,,,feasible,,,556679,42471,312833,17.16145337501075,5.491171791916713,3.8978766250656918,2457.2850330419606,,,0.6950519345554825,,,,,1408269.89552,validated_upper_bound,429449.18026257685,certified_lower_bound,2485.6017545419745,total_seconds,,,,,,reported_objective_verify_domain,,0,reported_objective_units,,,,,,,,,,,,,,,,,,,,,,,,,,,,,,,
benchmarks/output/ddd_labeled_gate_1h_k39_awake/five_station_circle_cw_half_skip_no_wait_headway_b_v0_arc_flow_labeled_skip_stop_k39/result.json,root,ddd_labeled_gate_1h_k39_awake,result_document,five_station_circle_cw_half_skip_no_wait_headway_b_v0,39,labeled,journey_time,time_limit_with_certified_interval,2f82126c06273d2299ab258ca5c5d92acc9d83d829360422f8473c26521cc0f0,balanced_reference,skip_stop,,,feasible,,,556679,42471,312833,17.019842291017994,5.4395990000339225,3.853152208030224,3513.178673666087,,,0.6950519345554825,,,,,1408269.89552,validated_upper_bound,429449.18026257685,certified_lower_bound,3541.314934166963,total_seconds,,,,,,reported_objective_verify_domain,,0,reported_objective_units,,,,,,,,,,,,,,,,,,,,,,,,,,,,,,,
benchmarks/output/ddd_merge_aware_bpc/five_station_b_k20_gate_pair_batch_2m.json,root.result.reference_lp,ddd_merge_aware_bpc,diagnostic_case,five_station_circle_cw_half_skip_no_wait_headway_b_v0,20,barrier_no_crossover,journey_time,optimal,2c53481066e498cc29ec206e717911f55d1ac30296cdc5cb8ac05139b35fbd01,balanced_reference,,,,,,,288435,21630,158925,2.6878487078938633,,0.04536162503063679,9.215812833048403,,,,,,,,,,525730.9081596907,certified_lower_bound,15.99123083311133,total_seconds,,,,,,reported_objective_verify_domain,,0,reported_objective_units,,,,,,,,,,,,,,,,,,,,,,,,,,,,,,,
benchmarks/output/ddd_merge_aware_bpc/five_station_b_k20_gate_pair_batch_2m.json,root.result.variants.0,ddd_merge_aware_bpc,diagnostic_case,five_station_circle_cw_half_skip_no_wait_headway_b_v0,20,,journey_time,time_limit_with_certified_interval,2c53481066e498cc29ec206e717911f55d1ac30296cdc5cb8ac05139b35fbd01,balanced_reference,,,,True,,,,,,,,0.04536162503063679,,,,0.18453950451436887,trajectory root column-generation stopped between completed rounds before the remaining total budget fell below the conservative next-master build reserve,,,False,635519.9980799999,validated_upper_bound,518241.4525253441,certified_lower_bound,116.14023854210973,total_seconds,,,,,,reported_objective_verify_domain,sum_iteration_seconds_excludes_unassigned_overhead,9,reported_objective_units,635519.9980799999,13.463117833947763,7892.728340000031,,116.076520916773,116.076520916773,635519.9980799999,518241.4525253441,0,635519.9980799999,424182.5462879994,635519.9980799999,486320.2417439999,,,,,,,,,,,,,,,,,,
benchmarks/output/ddd_merge_aware_bpc/five_station_b_k20_gate_pair_batch_2m.json,root.result.variants.1,ddd_merge_aware_bpc,diagnostic_case,five_station_circle_cw_half_skip_no_wait_headway_b_v0,20,,journey_time,time_limit_with_certified_interval,2c53481066e498cc29ec206e717911f55d1ac30296cdc5cb8ac05139b35fbd01,balanced_reference,,,,True,,,,,,,,0.04536162503063679,,,,0.25479874090489674,trajectory root column-generation stopped between completed rounds before the remaining total budget fell below the conservative next-master build reserve,,,False,635519.9980799999,validated_upper_bound,473590.30274933355,certified_lower_bound,120.22249866696075,total_seconds,,,,,,reported_objective_verify_domain,sum_iteration_seconds_excludes_unassigned_overhead,4,reported_objective_units,635519.9980799999,38.466281125089154,7892.728340000031,,70.23170716688037,120.16114724986255,635519.9980799999,473590.30274933355,0,,,635519.9980799999,7892.728340000031,635519.9980799999,473590.30274933355,,,,,,,,,,,,,,,,
benchmarks/output/ddd_merge_aware_bpc/five_station_b_k20_gate_window_modes_2m.json,root.result.reference_lp,ddd_merge_aware_bpc,diagnostic_case,five_station_circle_cw_half_skip_no_wait_headway_b_v0,20,barrier_no_crossover,journey_time,optimal,2c53481066e498cc29ec206e717911f55d1ac30296cdc5cb8ac05139b35fbd01,balanced_reference,,,,,,,288435,21630,158925,3.172185415867716,,0.0451727497857064,9.52976116607897,,,,,,,,,,525730.9081596907,certified_lower_bound,16.811603124951944,total_seconds,,,,,,reported_objective_verify_domain,,0,reported_objective_units,,,,,,,,,,,,,,,,,,,,,,,,,,,,,,,
benchmarks/output/ddd_merge_aware_bpc/five_station_b_k20_gate_window_modes_2m.json,root.result.variants.0,ddd_merge_aware_bpc,diagnostic_case,five_station_circle_cw_half_skip_no_wait_headway_b_v0,20,,journey_time,time_limit_with_certified_interval,2c53481066e498cc29ec206e717911f55d1ac30296cdc5cb8ac05139b35fbd01,balanced_reference,,,,True,,,,,,,,0.0451727497857064,,,,0.23100365991767607,trajectory root column-generation stopped between completed rounds before the remaining total budget fell below the conservative next-master build reserve,,,False,635519.9980799999,validated_upper_bound,488712.5525726455,certified_lower_bound,118.50998875009827,total_seconds,,,,,,reported_objective_verify_domain,sum_iteration_seconds_excludes_unassigned_overhead,8,reported_objective_units,635519.9980799999,13.566487582866102,7892.728340000031,,118.44774195784703,118.44774195784703,635519.9980799999,488712.5525726455,0,635519.9980799999,7892.728340000031,635519.9980799999,327627.1617386134,,,,,,,,,,,,,,,,,,
benchmarks/output/ddd_merge_aware_bpc/five_station_b_k20_gate_window_modes_2m.json,root.result.variants.1,ddd_merge_aware_bpc,diagnostic_case,five_station_circle_cw_half_skip_no_wait_headway_b_v0,20,,journey_time,time_limit_with_certified_interval,2c53481066e498cc29ec206e717911f55d1ac30296cdc5cb8ac05139b35fbd01,balanced_reference,,,,True,,,,,,,,0.0451727497857064,,,,0.19696070120858444,no total budget remained for required proof pricing,,,False,635519.9980799999,validated_upper_bound,510347.5336260849,certified_lower_bound,120.00702766701579,total_seconds,,,,,,reported_objective_verify_domain,sum_iteration_seconds_excludes_unassigned_overhead,8,reported_objective_units,635519.9980799999,13.642097333213314,7892.728340000031,,112.91215204144828,112.91215204144828,635519.9980799999,510347.5336260849,0,635519.9980799999,424182.5462879994,635519.9980799999,424182.5462879994,,,,,,,,,,,,,,,,,,
benchmarks/output/ddd_merge_aware_bpc/five_station_b_k39_gate_batch_5m.json,root.result.reference_lp,ddd_merge_aware_bpc,diagnostic_case,five_station_circle_cw_half_skip_no_wait_headway_b_v0,39,,journey_time,build_time_limit,2f82126c06273d2299ab258ca5c5d92acc9d83d829360422f8473c26521cc0f0,balanced_reference,,,,,,,,,,,,5.2698468749877065,,,,,fixed-K arc-flow budget expired during network construction,,,,,,0.0,certified_lower_bound,1.0225062500685453,total_seconds,,,,,,reported_objective_verify_domain,,0,reported_objective_units,,,,,,,,,,,,,,,,,,,,,,,,,,,,,,,
benchmarks/output/ddd_merge_aware_bpc/five_station_b_k39_gate_batch_5m.json,root.result.variants.0,ddd_merge_aware_bpc,diagnostic_case,five_station_circle_cw_half_skip_no_wait_headway_b_v0,39,,journey_time,time_limit_with_certified_interval,2f82126c06273d2299ab258ca5c5d92acc9d83d829360422f8473c26521cc0f0,balanced_reference,,,,True,,,,,,,,5.2698468749877065,,,,1.0,trajectory root column-generation stopped between completed rounds before the remaining total budget fell below the conservative next-master build reserve,,,False,1441586.411136,validated_upper_bound,0.0,certified_lower_bound,300.3794454999734,total_seconds,,,,,,reported_objective_verify_domain,sum_iteration_seconds_excludes_unassigned_overhead,4,reported_objective_units,1441586.411136,85.74553304212168,0.0,,,300.2588744601235,1441586.411136,0.0,0,,,,,1441586.411136,0.0,1441586.411136,0.0,,,,,,,,,,,,,,
benchmarks/output/ddd_merge_aware_bpc/five_station_b_k39_gate_pair_merge_5m.json,root.result.reference_lp,ddd_merge_aware_bpc,diagnostic_case,five_station_circle_cw_half_skip_no_wait_headway_b_v0,39,barrier_no_crossover,journey_time,unknown,2f82126c06273d2299ab258ca5c5d92acc9d83d829360422f8473c26521cc0f0,balanced_reference,,,,,,,556678,42471,312833,5.235536083113402,,5.235157750081271,10.978325834032148,,,,,,,,,,0.0,certified_lower_bound,24.211907499935478,total_seconds,,,,,,reported_objective_verify_domain,,0,reported_objective_units,,,,,,,,,,,,,,,,,,,,,,,,,,,,,,,
benchmarks/output/ddd_merge_aware_bpc/five_station_b_k39_gate_pair_merge_5m.json,root.result.variants.0,ddd_merge_aware_bpc,diagnostic_case,five_station_circle_cw_half_skip_no_wait_headway_b_v0,39,,journey_time,time_limit_with_certified_interval,2f82126c06273d2299ab258ca5c5d92acc9d83d829360422f8473c26521cc0f0,balanced_reference,,,,True,,,,,,,,5.235157750081271,,,,0.7891911872708891,no total budget remained for required proof pricing,,,False,1441586.411136,validated_upper_bound,303899.1197780001,certified_lower_bound,300.0043624169193,total_seconds,,,,,,reported_objective_verify_domain,sum_iteration_seconds_excludes_unassigned_overhead,11,reported_objective_units,1441586.411136,31.65555137488991,0.0,,196.09532749885693,261.74754458176903,1441586.411136,303899.1197780001,0,,,1441586.411136,0.0,1441586.411136,298100.42649599985,,,,,,,,,,,,,,,,
benchmarks/output/ddd_merge_aware_bpc/five_station_b_k39_gate_pair_merge_5m.json,root.result.variants.1,ddd_merge_aware_bpc,diagnostic_case,five_station_circle_cw_half_skip_no_wait_headway_b_v0,39,,journey_time,time_limit_with_certified_interval,2f82126c06273d2299ab258ca5c5d92acc9d83d829360422f8473c26521cc0f0,balanced_reference,,,,True,,,,,,,,5.235157750081271,,,,1.0,no total budget remained for required proof pricing,,,False,1441586.411136,validated_upper_bound,0.0,certified_lower_bound,300.2615433339961,total_seconds,,,,,,reported_objective_verify_domain,sum_iteration_seconds_excludes_unassigned_overhead,7,reported_objective_units,1441586.411136,31.823431124910712,0.0,,,278.9516302908305,1441586.411136,0.0,0,,,1441586.411136,0.0,1441586.411136,0.0,,,,,,,,,,,,,,,,
benchmarks/output/ddd_merge_aware_bpc/k20_corridor_gate.json,root.result.reference_lp,ddd_merge_aware_bpc,diagnostic_case,five_station_circle_cw_half_skip_no_wait_headway_b_v0,20,barrier_no_crossover,journey_time,optimal,2c53481066e498cc29ec206e717911f55d1ac30296cdc5cb8ac05139b35fbd01,balanced_reference,,,,,,,288435,21630,158925,2.809912374941632,,0.04510941682383418,4.180873167002574,,,,,,,,,,525730.9081589195,certified_lower_bound,11.197547957999632,total_seconds,,,,,,reported_objective_verify_domain,,0,reported_objective_units,,,,,,,,,,,,,,,,,,,,,,,,,,,,,,,
benchmarks/output/ddd_merge_aware_bpc/k20_corridor_gate.json,root.result.variants.0,ddd_merge_aware_bpc,diagnostic_case,five_station_circle_cw_half_skip_no_wait_headway_b_v0,20,,journey_time,root_lp_certified_with_integer_gap,2c53481066e498cc29ec206e717911f55d1ac30296cdc5cb8ac05139b35fbd01,balanced_reference,,,,True,,,,,,,,0.04510941682383418,,,,0.17275473667498997,,,,True,635519.9980799999,validated_upper_bound,525730.9081599994,certified_lower_bound,318.19546691700816,total_seconds,,,,,,reported_objective_verify_domain,sum_iteration_seconds_excludes_unassigned_overhead,19,reported_objective_units,635519.9980799999,13.593787916004658,7892.728340000031,,317.09211287577637,317.09211287577637,635519.9980799999,525730.9081599994,0,635519.9980799999,424182.5462879994,635519.9980799999,486320.2417439999,635519.9980799999,518241.4525253441,635519.9980799999,525327.9991039995,,,,,,,,,,,,,,
benchmarks/output/ddd_merge_aware_bpc/k20_corridor_gate.json,root.result.variants.1,ddd_merge_aware_bpc,diagnostic_case,five_station_circle_cw_half_skip_no_wait_headway_b_v0,20,,journey_time,root_lp_certified_with_integer_gap,2c53481066e498cc29ec206e717911f55d1ac30296cdc5cb8ac05139b35fbd01,balanced_reference,,,,True,,,,,,,,0.04510941682383418,,,,0.1727547366749887,,,,True,635519.9980799999,validated_upper_bound,525730.9081600002,certified_lower_bound,364.81493312492967,total_seconds,,,,,,reported_objective_verify_domain,sum_iteration_seconds_excludes_unassigned_overhead,19,reported_objective_units,635519.9980799999,15.068084290949628,7892.728340000031,,363.6821166658774,363.6821166658774,635519.9980799999,525730.9081600002,0,635519.9980799999,424182.5462879994,635519.9980799999,424182.5462879994,635519.9980799999,494424.10843516217,635519.9980799999,524294.9745025974,,,,,,,,,,,,,,
benchmarks/output/ddd_movement_feasibility_cp_sat_k19/five_station_circle_cw_half_skip_no_wait_v0.json,root,ddd_movement_feasibility_cp_sat_k19,result_document,five_station_circle_cw_half_skip_no_wait_v0,19,movement_feasibility,none,optimal,,,,1200.0,,,,,,,,,,0.0051405419944785535,3.2702236250042915,,,,,2026-08-06T19:21:51.902205+00:00,,,0.0,global_upper_bound,0.0,global_lower_bound,3.2702236250042915,solve_seconds,,,,,,reported_objective_verify_domain,sum_iteration_seconds_excludes_unassigned_overhead,1,reported_objective_units,0.0,3.2698548329935875,0.0,,,3.2698548329935875,0.0,0.0,0,,,,,,,,,,,,,,,,,,,,,,
benchmarks/output/ddd_movement_refinement_diagnostic_k19/five_station_circle_cw_half_skip_no_wait_v0.json,root,ddd_movement_refinement_diagnostic_k19,result_document,five_station_circle_cw_half_skip_no_wait_v0,19,movement_feasibility,none,invalid_internal,,,,1200.0,,,,,,,,,,0.005160000000614673,77.16423429100541,,,,,2026-08-06T19:23:16.039371+00:00,,,,,0.0,global_lower_bound,77.16423429100541,solve_seconds,,,,,,reported_objective_verify_domain,sum_iteration_seconds_excludes_unassigned_overhead,35,reported_objective_units,,,0.0,,,69.14555137594289,,0.0,0,,0.0,,0.0,,,,,,,,,,,,,,,,,,
benchmarks/output/ddd_movement_refinement_diagnostic_k19_after_fix/five_station_circle_cw_half_skip_no_wait_v0.json,root,ddd_movement_refinement_diagnostic_k19_after_fix,result_document,five_station_circle_cw_half_skip_no_wait_v0,19,movement_feasibility,none,refinement_budget_exhausted,,,,1200.0,,,,,,,,,,0.005096834007417783,80.3743806249986,,,,,2026-08-06T19:26:45.441246+00:00,,,,,0.0,global_lower_bound,80.3743806249986,solve_seconds,,,,,,reported_objective_verify_domain,sum_iteration_seconds_excludes_unassigned_overhead,36,reported_objective_units,,,0.0,,,73.15745621302631,,0.0,0,,0.0,,0.0,,,,,,,,,,,,,,,,,,
benchmarks/output/ddd_pair_root_k39_coordinated_interval5_10m/five_station_circle_cw_half_skip_no_wait_headway_b_v0__journey_time.json,root,ddd_pair_root_k39_coordinated_interval5_10m,result_document,five_station_circle_cw_half_skip_no_wait_headway_b_v0,39,exact_root_column_generation,journey_time,root_lp_certified_with_integer_gap,2f82126c06273d2299ab258ca5c5d92acc9d83d829360422f8473c26521cc0f0,balanced_reference,skip_stop,1200.0,,True,600.0,,,,,,,,,,,0.7620931651519561,,2026-08-25T18:21:36.188966+00:00,,True,1326950.6707600001,best_upper_bound,315690.6340800004,certified_lower_bound,529.969732456957,total_seconds,"{""domain"": ""no_wait"", ""earliest_wait_time_seconds"": 0.0, ""maximum_wait_seconds_by_station_id"": [], ""step_seconds"": null}",,,,,reported_objective_verify_domain,sum_iteration_seconds_excludes_unassigned_overhead,17,reported_objective_units,1441586.411136,42.82364266598597,0.0,330.11513041495346,524.819802164915,524.819802164915,1326950.6707600001,315690.6340800004,3,,,1441586.411136,0.0,1394994.077544,253161.43707666575,1371256.776608,307896.9408359994,,,,,,,,,,,,,,
benchmarks/output/ddd_partial_passenger_benders/k20_hybrid_20_control.json,root.variants.0.root,ddd_partial_passenger_benders,diagnostic_case,five_station_circle_cw_half_skip_no_wait_headway_b_v0,20,ddd_partial_passenger_root_gate,journey_time,iteration_limit_with_certified_bound,2c53481066e498cc29ec206e717911f55d1ac30296cdc5cb8ac05139b35fbd01,balanced_reference,skip_stop,,,,,,,21630,158925,,,1.9275346668437123,,,,,,,,,,,48643.54245445173,certified_lower_bound,118.3853614591062,total_seconds,,,,,,reported_objective_verify_domain,iteration_elapsed,30,reported_objective_units,,,48643.542454451584,,,118.37986354203895,,48643.542454451584,0,,,,48643.54245445173,,,,,,,,,,,,,,,,,,
benchmarks/output/ddd_partial_passenger_benders/k20_hybrid_20_core_point.json,root.variants.0.root,ddd_partial_passenger_benders,diagnostic_case,five_station_circle_cw_half_skip_no_wait_headway_b_v0,20,ddd_partial_passenger_root_gate,journey_time,time_limit_with_certified_bound,2c53481066e498cc29ec206e717911f55d1ac30296cdc5cb8ac05139b35fbd01,balanced_reference,skip_stop,,,,,,,21630,158925,,,1.9208215409889817,,,,,,,,,,,48643.54245445173,certified_lower_bound,120.98354700021446,total_seconds,,,,,,reported_objective_verify_domain,iteration_elapsed,9,reported_objective_units,,,48643.542454451584,,,120.97754375007935,,48643.542454451584,0,,,,48643.54245445164,,48643.54245445173,,,,,,,,,,,,,,,,
benchmarks/output/ddd_partial_passenger_benders/k20_hybrid_40_control.json,root.variants.0.root,ddd_partial_passenger_benders,diagnostic_case,five_station_circle_cw_half_skip_no_wait_headway_b_v0,20,ddd_partial_passenger_root_gate,journey_time,time_limit_with_certified_bound,2c53481066e498cc29ec206e717911f55d1ac30296cdc5cb8ac05139b35fbd01,balanced_reference,skip_stop,,,,,,,21630,158925,,,1.8902432499453425,,,,,,,,,,,85163.47468005426,certified_lower_bound,120.00153070921078,total_seconds,,,,,,reported_objective_verify_domain,iteration_elapsed,11,reported_objective_units,,,85163.4746799997,,,116.04829704202712,,85163.4746799997,0,,,,85163.4746799997,,,,,,,,,,,,,,,,,,
benchmarks/output/ddd_passenger_master/ab20_bootstrap_equality/five_station_circle_cw_half_skip_no_wait_v0.json,root,ddd_passenger_master,result_document,five_station_circle_cw_half_skip_no_wait_v0,19,anonymous_passenger_master,journey_time,feasible_with_gap,,,,1200.0,,,,,,,,,,0.005148832977283746,49.73177295800997,,,,,2026-08-10T15:25:57.832285+00:00,,,1422004.210176,global_upper_bound,409360.3827920009,global_lower_bound,49.73177295800997,solve_seconds,,,,,,reported_objective_verify_domain,sum_iteration_seconds_excludes_unassigned_overhead,20,reported_objective_units,1422004.210176,2.3306569579872303,409360.3827920009,,,46.74926762684481,1422004.210176,409360.3827920009,0,1422004.210176,409360.3827920009,,,,,,,,,,,,,,,,,,,,
benchmarks/output/ddd_passenger_master/ab20_bootstrap_nearest/five_station_circle_cw_half_skip_no_wait_v0.json,root,ddd_passenger_master,result_document,five_station_circle_cw_half_skip_no_wait_v0,19,anonymous_passenger_master,journey_time,feasible_with_gap,,,,1200.0,,,,,,,,,,0.0051332919974811375,158.18129966699053,,,,,2026-08-10T15:28:44.766529+00:00,,,636168.5152079997,global_upper_bound,409360.3827920009,global_lower_bound,158.18129966699053,solve_seconds,,,,,,reported_objective_verify_domain,sum_iteration_seconds_excludes_unassigned_overhead,20,reported_objective_units,701414.1516419996,7.490193958976306,409360.3827920009,53.88509741605958,,155.22683283494553,636168.5152079997,409360.3827920009,6,682377.223288,409360.3827920009,636168.5152079997,409360.3827920009,636168.5152079997,409360.3827920009,,,,,,,,,,,,,,,,
benchmarks/output/ddd_passenger_master/ab20_equality_no_nearest/five_station_circle_cw_half_skip_no_wait_v0.json,root,ddd_passenger_master,result_document,five_station_circle_cw_half_skip_no_wait_v0,19,anonymous_passenger_master,journey_time,feasible_with_gap,,,,1200.0,,,,,,,,,,0.004757958056870848,49.38205754099181,,,,,2026-08-10T16:22:19.279040+00:00,,,1422004.210176,global_upper_bound,409360.3827920009,global_lower_bound,49.38205754099181,solve_seconds,,,,,,reported_objective_verify_domain,sum_iteration_seconds_excludes_unassigned_overhead,20,reported_objective_units,1422004.210176,2.264763499959372,409360.3827920009,,,46.468396124837454,1422004.210176,409360.3827920009,0,1422004.210176,409360.3827920009,,,,,,,,,,,,,,,,,,,,
benchmarks/output/ddd_passenger_master/ab20_timed_flow_no_nearest/five_station_circle_cw_half_skip_no_wait_v0.json,root,ddd_passenger_master,result_document,five_station_circle_cw_half_skip_no_wait_v0,19,anonymous_passenger_master,journey_time,feasible_with_gap,,,,1200.0,,,,,,,,,,0.005451250006444752,61.17734691599617,,,,,2026-08-10T16:26:40.639800+00:00,,,1422004.210176,global_upper_bound,409360.3827920009,global_lower_bound,61.17734691599617,solve_seconds,,,,,,reported_objective_verify_domain,sum_iteration_seconds_excludes_unassigned_overhead,20,reported_objective_units,1422004.210176,2.652766499959398,409360.3827920009,,,57.924741750000976,1422004.210176,409360.3827920009,0,1422004.210176,409360.3827920009,,,,,,,,,,,,,,,,,,,,
benchmarks/output/ddd_passenger_master/five_station_k19_free_primal/five_station_circle_cw_half_skip_no_wait_v0.json,root,ddd_passenger_master,result_document,five_station_circle_cw_half_skip_no_wait_v0,19,passenger_primal,journey_time,feasible_with_gap,,,,1200.0,,,,,,,,,,0.0050533750327304006,3.173922042013146,,,,,2026-08-10T13:43:44.449148+00:00,,,697372.782648,global_upper_bound,0.0,global_lower_bound,3.173922042013146,solve_seconds,,,,,,reported_objective_verify_domain,sum_iteration_seconds_excludes_unassigned_overhead,1,reported_objective_units,697372.782648,3.155590582988225,0.0,,,3.155590582988225,697372.782648,0.0,0,,,,,,,,,,,,,,,,,,,,,,
benchmarks/output/ddd_passenger_master/five_station_k19_skip_no_wait_50/five_station_circle_cw_half_skip_no_wait_v0.json,root,ddd_passenger_master,result_document,five_station_circle_cw_half_skip_no_wait_v0,19,anonymous_passenger_master,journey_time,unknown_no_incumbent,,,,1200.0,,,,,,,,,,0.004943083971738815,116.25598549999995,,,,,2026-08-10T13:40:18.079326+00:00,,,,,2676.3635200010613,global_lower_bound,116.25598549999995,solve_seconds,,,,,,reported_objective_verify_domain,sum_iteration_seconds_excludes_unassigned_overhead,50,reported_objective_units,,,2676.3635200008284,,,116.07304837310221,,2676.3635200008284,0,,2676.3635200010613,,2676.3635200010613,,,,,,,,,,,,,,,,,,
benchmarks/output/ddd_passenger_master/five_station_k19_structural_earliest_50/five_station_circle_cw_half_skip_no_wait_v0.json,root,ddd_passenger_master,result_document,five_station_circle_cw_half_skip_no_wait_v0,19,anonymous_passenger_master,journey_time,unknown_no_incumbent,,,,1200.0,,,,,,,,,,0.005133541999384761,120.24730904196622,,,,,2026-08-10T14:18:34.192180+00:00,,,,,409360.3827920009,global_lower_bound,120.24730904196622,solve_seconds,,,,,,reported_objective_verify_domain,sum_iteration_seconds_excludes_unassigned_overhead,50,reported_objective_units,,,409360.3827920009,,,120.0564493741258,,409360.3827920009,0,,409360.3827920009,,409360.3827920009,,409360.3827920009,,,,,,,,,,,,,,,,
benchmarks/output/ddd_passenger_master/fixed_schedule_diagnostic_bootstrap/five_station_circle_cw_half_skip_no_wait_v0.json,root,ddd_passenger_master,result_document,five_station_circle_cw_half_skip_no_wait_v0,19,anonymous_passenger_master,journey_time,feasible_with_gap,,,,1200.0,,,,,,,,,,0.005124291987158358,5.004694167000707,,,,,2026-08-10T16:57:08.322349+00:00,,,1422004.210176,global_upper_bound,409360.3827920009,global_lower_bound,5.004694167000707,solve_seconds,,,,,,reported_objective_verify_domain,sum_iteration_seconds_excludes_unassigned_overhead,1,reported_objective_units,1422004.210176,2.2522797500132583,409360.3827920009,,,2.2522797500132583,1422004.210176,409360.3827920009,0,,,,,,,,,,,,,,,,,,,,,,
benchmarks/output/ddd_passenger_master/fixed_schedule_diagnostic_nearest/five_station_circle_cw_half_skip_no_wait_v0.json,root,ddd_passenger_master,result_document,five_station_circle_cw_half_skip_no_wait_v0,19,anonymous_passenger_master,journey_time,feasible_with_gap,,,,1200.0,,,,,,,,,,0.004971541988197714,79.27247895899927,,,,,2026-08-10T16:58:41.131483+00:00,,,622435.5581760004,global_upper_bound,409360.3827920009,global_lower_bound,79.27247895899927,solve_seconds,,,,,,reported_objective_verify_domain,sum_iteration_seconds_excludes_unassigned_overhead,10,reported_objective_units,676250.8980280003,7.432850250042975,409360.3827920009,53.2824147491483,,76.4141064141877,622435.5581760004,409360.3827920009,4,670491.1754719998,409360.3827920009,622435.5581760004,409360.3827920009,,,,,,,,,,,,,,,,,,
benchmarks/output/ddd_passenger_master/local_explainability_20/five_station_circle_cw_half_skip_no_wait_v0.json,root,ddd_passenger_master,result_document,five_station_circle_cw_half_skip_no_wait_v0,19,anonymous_passenger_master,journey_time,feasible_with_gap,,,,1200.0,,,,,,,,,,0.004919291997794062,89.73300837498391,,,,,2026-08-11T07:31:46.614029+00:00,,,1422004.210176,global_upper_bound,409360.3827920009,global_lower_bound,89.73300837498391,solve_seconds,,,,,,reported_objective_verify_domain,sum_iteration_seconds_excludes_unassigned_overhead,20,reported_objective_units,1422004.210176,3.076340291998349,409360.3827920009,,,83.39649391669082,1422004.210176,409360.3827920009,0,1422004.210176,409360.3827920009,1422004.210176,409360.3827920009,,,,,,,,,,,,,,,,,,
benchmarks/output/ddd_passenger_master/local_explainability_20_2s/five_station_circle_cw_half_skip_no_wait_v0.json,root,ddd_passenger_master,result_document,five_station_circle_cw_half_skip_no_wait_v0,19,anonymous_passenger_master,journey_time,feasible_with_gap,,,,1200.0,,,,,,,,,,0.00553862500237301,107.39241383399349,,,,,2026-08-11T07:36:15.893589+00:00,,,1422004.210176,global_upper_bound,409360.3827920009,global_lower_bound,107.39241383399349,solve_seconds,,,,,,reported_objective_verify_domain,sum_iteration_seconds_excludes_unassigned_overhead,20,reported_objective_units,1422004.210176,3.349216250004247,409360.3827920009,,,100.24372237588977,1422004.210176,409360.3827920009,0,1422004.210176,409360.3827920009,1422004.210176,409360.3827920009,,,,,,,,,,,,,,,,,,
benchmarks/output/ddd_passenger_master/selective_cabin_path_baseline_3/five_station_circle_cw_half_skip_no_wait_v0.json,root,ddd_passenger_master,result_document,five_station_circle_cw_half_skip_no_wait_v0,19,anonymous_passenger_master,journey_time,feasible_with_gap,,,,1200.0,,,,,,,,,,0.006957667006645352,12.744469708006363,,,,,2026-08-11T14:48:21.158416+00:00,,,1422004.210176,global_upper_bound,409360.3827920009,global_lower_bound,12.744469708006363,solve_seconds,,,,,,reported_objective_verify_domain,sum_iteration_seconds_excludes_unassigned_overhead,3,reported_objective_units,1422004.210176,3.017003625049256,409360.3827920009,,,9.096087459125556,1422004.210176,409360.3827920009,0,,,,,,,,,,,,,,,,,,,,,,
benchmarks/output/ddd_passenger_master/selective_cabin_path_smoke_10/five_station_circle_cw_half_skip_no_wait_v0.json,root,ddd_passenger_master,result_document,five_station_circle_cw_half_skip_no_wait_v0,19,anonymous_passenger_master,journey_time,feasible_with_gap,,,,1200.0,,,,,,,,,,0.007262707978952676,39.13750566600356,,,,,2026-08-11T14:50:49.422801+00:00,,,1422004.210176,global_upper_bound,409360.3827920009,global_lower_bound,39.13750566600356,solve_seconds,,,,,,reported_objective_verify_domain,sum_iteration_seconds_excludes_unassigned_overhead,10,reported_objective_units,1422004.210176,2.938313249964267,409360.3827920009,,,35.48041237395955,1422004.210176,409360.3827920009,0,1422004.210176,409360.3827920009,,,,,,,,,,,,,,,,,,,,
benchmarks/output/ddd_passenger_master/selective_cabin_path_smoke_3/five_station_circle_cw_half_skip_no_wait_v0.json,root,ddd_passenger_master,result_document,five_station_circle_cw_half_skip_no_wait_v0,19,anonymous_passenger_master,journey_time,feasible_with_gap,,,,1200.0,,,,,,,,,,0.00732745899586007,21.013006041990593,,,,,2026-08-11T14:47:34.906857+00:00,,,1422004.210176,global_upper_bound,409360.3827920009,global_lower_bound,21.013006041990593,solve_seconds,,,,,,reported_objective_verify_domain,sum_iteration_seconds_excludes_unassigned_overhead,3,reported_objective_units,1422004.210176,2.9482581249903888,409360.3827920009,,,17.324430542008486,1422004.210176,409360.3827920009,0,,,,,,,,,,,,,,,,,,,,,,
benchmarks/output/ddd_passenger_master/selective_cabin_path_smoke_3_fixed/five_station_circle_cw_half_skip_no_wait_v0.json,root,ddd_passenger_master,result_document,five_station_circle_cw_half_skip_no_wait_v0,19,anonymous_passenger_master,journey_time,feasible_with_gap,,,,1200.0,,,,,,,,,,0.006939832994248718,12.531476875010412,,,,,2026-08-11T14:49:37.109600+00:00,,,1422004.210176,global_upper_bound,409360.3827920009,global_lower_bound,12.531476875010412,solve_seconds,,,,,,reported_objective_verify_domain,sum_iteration_seconds_excludes_unassigned_overhead,3,reported_objective_units,1422004.210176,2.945284624991473,409360.3827920009,,,8.897704541974235,1422004.210176,409360.3827920009,0,,,,,,,,,,,,,,,,,,,,,,
benchmarks/output/ddd_passenger_master/selective_raw_core_10/five_station_circle_cw_half_skip_no_wait_v0.json,root,ddd_passenger_master,result_document,five_station_circle_cw_half_skip_no_wait_v0,19,anonymous_passenger_master,journey_time,feasible_with_gap,,,,1200.0,,,,,,,,,,0.0072210829821415246,36.127294790989254,,,,,2026-08-11T14:58:39.515512+00:00,,,1422004.210176,global_upper_bound,409360.3827920011,global_lower_bound,36.127294790989254,solve_seconds,,,,,,reported_objective_verify_domain,sum_iteration_seconds_excludes_unassigned_overhead,10,reported_objective_units,1422004.210176,3.186876541993115,409360.3827920009,,,32.4518005848513,1422004.210176,409360.3827920009,0,1422004.210176,409360.3827920011,,,,,,,,,,,,,,,,,,,,
benchmarks/output/ddd_passenger_master/selective_raw_core_200/five_station_circle_cw_half_skip_no_wait_v0.json,root,ddd_passenger_master,result_document,five_station_circle_cw_half_skip_no_wait_v0,19,anonymous_passenger_master,journey_time,feasible_with_gap,,,,1200.0,,,,,,,,,,0.007264374988153577,723.4504277500091,,,,,2026-08-11T17:13:28.554395+00:00,,,1422004.210176,global_upper_bound,409360.38279200136,global_lower_bound,723.4504277500091,solve_seconds,,,,,,reported_objective_verify_domain,sum_iteration_seconds_excludes_unassigned_overhead,200,reported_objective_units,1422004.210176,3.221249624970369,409360.3827920009,,,716.1435814163997,1422004.210176,409360.3827920009,0,1422004.210176,409360.3827920011,1422004.210176,409360.3827920011,1422004.210176,409360.3827920011,1422004.210176,409360.3827920011,,,1422004.210176,409360.38279200136,,,,,,,,,,
benchmarks/output/ddd_passenger_master/selective_raw_core_baseline_10/five_station_circle_cw_half_skip_no_wait_v0.json,root,ddd_passenger_master,result_document,five_station_circle_cw_half_skip_no_wait_v0,19,anonymous_passenger_master,journey_time,feasible_with_gap,,,,1200.0,,,,,,,,,,0.0071892080013640225,34.651959583046846,,,,,2026-08-11T15:00:29.304800+00:00,,,1422004.210176,global_upper_bound,409360.3827920009,global_lower_bound,34.651959583046846,solve_seconds,,,,,,reported_objective_verify_domain,sum_iteration_seconds_excludes_unassigned_overhead,10,reported_objective_units,1422004.210176,3.053803874994628,409360.3827920009,,,30.74542887386633,1422004.210176,409360.3827920009,0,1422004.210176,409360.3827920009,,,,,,,,,,,,,,,,,,,,
benchmarks/output/ddd_passenger_master/selective_route_literal_core_10/five_station_circle_cw_half_skip_no_wait_v0.json,root,ddd_passenger_master,result_document,five_station_circle_cw_half_skip_no_wait_v0,19,anonymous_passenger_master,journey_time,feasible_with_gap,,,,1200.0,,,,,,,,,,0.00756724999519065,41.79244854202261,,,,,2026-08-11T14:56:18.927726+00:00,,,1422004.210176,global_upper_bound,409360.3827920009,global_lower_bound,41.79244854202261,solve_seconds,,,,,,reported_objective_verify_domain,sum_iteration_seconds_excludes_unassigned_overhead,10,reported_objective_units,1422004.210176,3.204386625031475,409360.3827920009,,,37.99048308306374,1422004.210176,409360.3827920009,0,1422004.210176,409360.3827920009,,,,,,,,,,,,,,,,,,,,
benchmarks/output/ddd_passenger_master/smoke_bootstrap_nearest/five_station_circle_cw_half_skip_no_wait_v0.json,root,ddd_passenger_master,result_document,five_station_circle_cw_half_skip_no_wait_v0,19,anonymous_passenger_master,journey_time,feasible_with_gap,,,,1200.0,,,,,,,,,,0.005296124960295856,17.873226041032467,,,,,2026-08-10T15:21:22.811133+00:00,,,696748.5152199998,global_upper_bound,409360.3827920009,global_lower_bound,17.873226041032467,solve_seconds,,,,,,reported_objective_verify_domain,sum_iteration_seconds_excludes_unassigned_overhead,2,reported_objective_units,712493.3670739995,7.425042375049088,409360.3827920009,15.077972000057343,,15.077972000057343,696748.5152199998,409360.3827920009,1,,,,,,,,,,,,,,,,,,,,,,
benchmarks/output/ddd_passenger_master/three_station_k15_diagnostics_20/three_station_half_no_skip_no_wait_v0.json,root,ddd_passenger_master,result_document,three_station_half_no_skip_no_wait_v0,15,anonymous_passenger_master,journey_time,feasible_with_gap,,,,1200.0,,,,,,,,,,0.0029610409983433783,144.99754474998917,,,,,2026-08-10T13:17:13.876133+00:00,,,2706574.5407879995,global_upper_bound,1683047.272744001,global_lower_bound,144.99754474998917,solve_seconds,,,,,,reported_objective_verify_domain,sum_iteration_seconds_excludes_unassigned_overhead,20,reported_objective_units,2706574.5407879995,14.345499875897076,1165492.3634080025,,144.90878283488564,144.90878283488564,2706574.5407879995,1683047.272744001,0,2706574.5407879995,1308944.7270560018,2706574.5407879995,1398706.1816240014,2706574.5407879995,1514570.1816880014,,,,,,,,,,,,,,,,
benchmarks/output/ddd_passenger_master/three_station_k15_indexed_20/three_station_half_no_skip_no_wait_v0.json,root,ddd_passenger_master,result_document,three_station_half_no_skip_no_wait_v0,15,anonymous_passenger_master,journey_time,feasible_with_gap,,,,1200.0,,,,,,,,,,0.0029845410026609898,2.3279610839672387,,,,,2026-08-10T13:25:05.929576+00:00,,,2706574.5407879995,global_upper_bound,1683047.272744001,global_lower_bound,2.3279610839672387,solve_seconds,,,,,,reported_objective_verify_domain,sum_iteration_seconds_excludes_unassigned_overhead,20,reported_objective_units,2706574.5407879995,1.2625359590165317,1165492.3634080025,,2.2712690850021318,2.2712690850021318,2706574.5407879995,1683047.272744001,0,,,,,,,,,,,,,,,,,,,,,,
benchmarks/output/ddd_passenger_master/three_station_k15_indexed_50/three_station_half_no_skip_no_wait_v0.json,root,ddd_passenger_master,result_document,three_station_half_no_skip_no_wait_v0,15,anonymous_passenger_master,journey_time,feasible_with_gap,,,,1200.0,,,,,,,,,,0.002902833977714181,11.674594625015743,,,,,2026-08-10T13:27:33.518720+00:00,,,2706574.5407879995,global_upper_bound,2643804.3684880002,global_lower_bound,11.674594625015743,solve_seconds,,,,,,reported_objective_verify_domain,sum_iteration_seconds_excludes_unassigned_overhead,38,reported_objective_units,2706574.5407879995,1.2661813730373979,1165492.3634080025,,11.541767579969019,11.541767579969019,2706574.5407879995,2643804.3684880002,0,,,,,,,,,,,,,,,,,,,,,,
benchmarks/output/ddd_phase0_combined_refinement/three_station_two_cabin_network_refinement_v0.json,root,ddd_phase0_combined_refinement,result_document,three_station_two_cabin_network_refinement_v0,,,,optimal,,,,,,,,,,,,,,,,,,,,2026-08-06T17:57:31.448275+00:00,,,4.0,global_upper_bound,4.0,global_lower_bound,0.016256083006737754,elapsed_seconds,,,,,,reported_objective_verify_domain,sum_iteration_seconds_excludes_unassigned_overhead,3,reported_objective_units,4.0,0.011883333005243912,0.0,,0.014347125004860573,0.014347125004860573,4.0,4.0,0,,,,,,,,,,,,,,,,,,,,,,
benchmarks/output/ddd_phase0_conflict_loop/three_station_two_cabin_stop_skip_merge_v0.json,root,ddd_phase0_conflict_loop,result_document,three_station_two_cabin_stop_skip_merge_v0,,,,feasible,,,,,,,,,,,,,,,,,,,,2026-08-05T17:48:03.235168+00:00,,,1.0,objective_value,,,0.001342208001005929,elapsed_seconds,,,,,,reported_objective_verify_domain,,0,reported_objective_units,,,,,,,,,,,,,,,,,,,,,,,,,,,,,,,
benchmarks/output/ddd_phase0_network_time_refinement/three_station_time_refinement_v0.json,root,ddd_phase0_network_time_refinement,result_document,three_station_time_refinement_v0,,,,optimal,,,,,,,,,,,,,,,,,,,,2026-08-05T19:39:28.297512+00:00,,,1.0,global_upper_bound,1.0,global_lower_bound,0.008673208001710009,elapsed_seconds,,,,,,reported_objective_verify_domain,,0,reported_objective_units,,,,,,,,,,,,,,,,,,,,,,,,,,,,,,,
benchmarks/output/ddd_phase0_reference/three_station_half_no_skip_no_wait_v0.json,root,ddd_phase0_reference,result_document,three_station_half_no_skip_no_wait_v0,,fixed_starts_no_waiting,,feasible,,,,,,,,,,,,,,,,,,,,2026-08-05T17:24:59.520095+00:00,,,,,,,,,,,,,,reported_objective_verify_domain,,0,reported_objective_units,,,,,,,,,,,,,,,,,,,,,,,,,,,,,,,
benchmarks/output/ddd_phase0_reference/three_station_two_cabin_stop_skip_merge_v0.json,root,ddd_phase0_reference,result_document,three_station_two_cabin_stop_skip_merge_v0,,fixed_starts_no_waiting,,feasible,,,,,,,,,,,,,,,,,,,,2026-08-05T17:36:37.547423+00:00,,,,,,,,,,,,,,reported_objective_verify_domain,,0,reported_objective_units,,,,,,,,,,,,,,,,,,,,,,,,,,,,,,,
benchmarks/output/ddd_phase0_time_refinement/event_cell_bound_probe_v0.json,root,ddd_phase0_time_refinement,result_document,event_cell_bound_probe_v0,,,,optimal,,,,,,,,,,,,,,,,,,,,2026-08-05T18:16:38.755272+00:00,,,1.0,global_upper_bound,1.0,global_lower_bound,0.007414583000354469,elapsed_seconds,,,,,,reported_objective_verify_domain,,0,reported_objective_units,,,,,,,,,,,,,,,,,,,,,,,,,,,,,,,
benchmarks/output/ddd_progress_compact_smoke/five_station_circle_cw_half_skip_no_wait_v0.json,root,ddd_progress_compact_smoke,result_document,five_station_circle_cw_half_skip_no_wait_v0,19,movement_feasibility,none,unknown_no_incumbent,,,,1200.0,,,,,,,,,,0.007014332979451865,0.08020566601771861,,,,,2026-08-11T17:03:11.939156+00:00,,,,,0.0,global_lower_bound,0.08020566601771861,solve_seconds,,,,,,reported_objective_verify_domain,sum_iteration_seconds_excludes_unassigned_overhead,1,reported_objective_units,,,0.0,,,0.054422250017523766,,0.0,0,,,,,,,,,,,,,,,,,,,,,,
benchmarks/output/ddd_progress_fixed_width_smoke/five_station_circle_cw_half_skip_no_wait_v0.json,root,ddd_progress_fixed_width_smoke,result_document,five_station_circle_cw_half_skip_no_wait_v0,19,movement_feasibility,none,unknown_no_incumbent,,,,1200.0,,,,,,,,,,0.007780834042932838,2.1487704580067657,,,,,2026-08-11T16:57:29.485787+00:00,,,,,0.0,global_lower_bound,2.1487704580067657,solve_seconds,,,,,,reported_objective_verify_domain,sum_iteration_seconds_excludes_unassigned_overhead,1,reported_objective_units,,,0.0,,,2.117620042001363,,0.0,0,,,,,,,,,,,,,,,,,,,,,,
benchmarks/output/ddd_progress_fixed_width_smoke_2/five_station_circle_cw_half_skip_no_wait_v0.json,root,ddd_progress_fixed_width_smoke_2,result_document,five_station_circle_cw_half_skip_no_wait_v0,19,movement_feasibility,none,unknown_no_incumbent,,,,1200.0,,,,,,,,,,0.007577458978630602,0.10704845795407891,,,,,2026-08-11T16:59:50.461019+00:00,,,,,0.0,global_lower_bound,0.10704845795407891,solve_seconds,,,,,,reported_objective_verify_domain,sum_iteration_seconds_excludes_unassigned_overhead,1,reported_objective_units,,,0.0,,,0.07956837501842529,,0.0,0,,,,,,,,,,,,,,,,,,,,,,
benchmarks/output/ddd_reservation_insertion/assignment_comparison_v1.json,root.runs.0,ddd_reservation_insertion,diagnostic_case,,,,,OPTIMAL,9825bcd8af25c3d0d5eea6613158f4c548477771c4c763b855831574c88a96a4,,,,,,,,,,,,,,,,,,,,,,,,,,0.7657422919983219,total_seconds,,,,,,reported_objective_verify_domain,,0,reported_objective_units,,,,,,,,,,,,,,,,,,,,,,,,,,,,,,,
benchmarks/output/ddd_reservation_insertion/assignment_comparison_v1.json,root.runs.1,ddd_reservation_insertion,diagnostic_case,,,,,OPTIMAL,9825bcd8af25c3d0d5eea6613158f4c548477771c4c763b855831574c88a96a4,,,,,,,,,,,,,,,,,,,,,,,,,,0.6353387089984608,total_seconds,,,,,,reported_objective_verify_domain,,0,reported_objective_units,,,,,,,,,,,,,,,,,,,,,,,,,,,,,,,
benchmarks/output/ddd_reservation_insertion/followup_cached_scope1_integrated/result.json,root,ddd_reservation_insertion,result_document,,,reservation_insertion_result_v1,,REQUESTS_COMPLETED,,,,,,,,,,,,,,28.665867667001294,,1104,176,,REQUESTS_COMPLETED,,,,1022076.357256,validated_upper_bound,,,59.11479920900092,total_wall_seconds,,,,,,reported_objective_verify_domain,,0,reported_objective_units,,,,,,,,,,,,,,,,,,,,,,,,,,,,,,,
benchmarks/output/ddd_reservation_insertion/followup_cached_scope4/result.json,root,ddd_reservation_insertion,result_document,,,reservation_insertion_result_v1,,REQUESTS_COMPLETED,,,,,,,,,,,,,,27.14800733299853,,1104,176,,REQUESTS_COMPLETED,,,,1022076.357256,validated_upper_bound,,,56.38614999999845,total_wall_seconds,,,,,,reported_objective_verify_domain,,0,reported_objective_units,,,,,,,,,,,,,,,,,,,,,,,,,,,,,,,
benchmarks/output/ddd_reservation_insertion/followup_cached_scope4_1500ms/result.json,root,ddd_reservation_insertion,result_document,,,reservation_insertion_result_v1,,REQUESTS_COMPLETED,,,,,,,,,,,,,,25.441140874998382,,1120,160,,REQUESTS_COMPLETED,,,,1008673.472296,validated_upper_bound,,,209.052347249999,total_wall_seconds,,,,,,reported_objective_verify_domain,,0,reported_objective_units,,,,,,,,,,,,,,,,,,,,,,,,,,,,,,,
benchmarks/output/ddd_reservation_insertion/followup_cp_waiting_60s_control/result.json,root,ddd_reservation_insertion,result_document,five_station_circle_cw_half_skip_no_wait_headway_b_v0,2,,journey_time,FEASIBLE,0ecfe1aa82e94e84f5582b7a1264a3161356f1ef479fe7e4bb42c260a9e23b95,balanced_reference,skip_stop,,0.0,,,,,,,,,0.12331358299707063,59.57016574999943,268,1012,0.19175467234132307,TIME_LIMIT,,,,1365098.18129,validated_upper_bound,1103334.226823,combined_lower_bound,60.02061479099939,total_wall_seconds,,,,,,reported_objective_verify_domain,optimizer_elapsed_excludes_runner_preparation,9,reported_objective_units,1454163.933548,14.63858883300054,892800.0,17.013858041002095,39.17899391600076,59.88872054100284,1365098.18129,1103334.226824,2,1365098.18129,1103334.226747,1365098.18129,1103334.226824,,,,,,,,,,,,,2641,5509,,,,
benchmarks/output/ddd_reservation_insertion/followup_final_scope4_250ms/result.json,root,ddd_reservation_insertion,result_document,,,reservation_insertion_result_v1,,REQUESTS_COMPLETED,,,,,,,,,,,,,,6.077101584000047,,1120,160,,REQUESTS_COMPLETED,,,,1008673.472296,validated_upper_bound,,,41.501380459001666,total_wall_seconds,,,,,,reported_objective_verify_domain,,0,reported_objective_units,,,,,,,,,,,,,,,,,,,,,,,,,,,,,,,
benchmarks/output/ddd_reservation_insertion/followup_finalist_replay/result.json,root,ddd_reservation_insertion,result_document,,,reservation_insertion_result_v1,,REQUESTS_COMPLETED,,,,,,,,,,,,,,6.171256790999905,,1120,160,,REQUESTS_COMPLETED,,,,1008673.472296,validated_upper_bound,,,15.391819165997731,total_wall_seconds,,,,,,reported_objective_verify_domain,,0,reported_objective_units,,,,,,,,,,,,,,,,,,,,,,,,,,,,,,,
benchmarks/output/ddd_reservation_insertion/followup_profile_before/result.json,root,ddd_reservation_insertion,result_document,,,reservation_insertion_result_v1,,REQUESTS_COMPLETED,,,,,,,,,,,,,,9.37929591700231,,1104,176,,REQUESTS_COMPLETED,,,,1022076.357256,validated_upper_bound,,,18.769548625001335,total_wall_seconds,,,,,,reported_objective_verify_domain,,0,reported_objective_units,,,,,,,,,,,,,,,,,,,,,,,,,,,,,,,
benchmarks/output/ddd_reservation_insertion/k39_scope1_beam8_v1/result.json,root,ddd_reservation_insertion,result_document,,,reservation_insertion_result_v1,,REQUESTS_COMPLETED,,,,,,,,,,,,,,6.107267959003366,,1112,168,,REQUESTS_COMPLETED,,,,1014271.187944,validated_upper_bound,,,27.885509500003536,total_wall_seconds,,,,,,reported_objective_verify_domain,,0,reported_objective_units,,,,,,,,,,,,,,,,,,,,,,,,,,,,,,,
benchmarks/output/ddd_reservation_insertion/k39_scope4_beam1_v1/result.json,root,ddd_reservation_insertion,result_document,,,reservation_insertion_result_v1,,REQUESTS_COMPLETED,,,,,,,,,,,,,,6.053729917002784,,1096,184,,REQUESTS_COMPLETED,,,,1020993.580848,validated_upper_bound,,,33.291110000001936,total_wall_seconds,,,,,,reported_objective_verify_domain,,0,reported_objective_units,,,,,,,,,,,,,,,,,,,,,,,,,,,,,,,
benchmarks/output/ddd_reservation_insertion/k39_scope4_beam8_v1/result.json,root,ddd_reservation_insertion,result_document,,,reservation_insertion_result_v1,,REQUESTS_COMPLETED,,,,,,,,,,,,,,6.153826583002228,,1112,168,,REQUESTS_COMPLETED,,,,1014271.187944,validated_upper_bound,,,34.228605917000095,total_wall_seconds,,,,,,reported_objective_verify_domain,,0,reported_objective_units,,,,,,,,,,,,,,,,,,,,,,,,,,,,,,,
benchmarks/output/ddd_reservoir_arc_flow_gates/reservoir_build_gate/result.json,root,ddd_reservoir_arc_flow_gates,result_document,five_station_circle_cw_full_skip_no_wait_headway_b_v0,,,,build_only_complete,b7beb681a2d226420015766cd9809dcbabc92d8a95d87b719d23bcbb7d7a7241,,,,,,,,0,312645,2710064,0.0,34.195395833812654,,,,,,build-only network completed,,,,,,,,53.6397957499139,total_seconds,,,,,,reservoir_lexicographic_see_phase_fields,,0,reported_objective_units,,,,,,,,,,,,,,,,,,,,,,,,,,,,0.0,,,
benchmarks/output/ddd_reservoir_arc_flow_gates/reservoir_no_wait_smoke_10m/result.json,root,ddd_reservoir_arc_flow_gates,result_document,five_station_circle_cw_full_skip_no_wait_headway_b_v0,,,,primary_optimal_secondary_open,b7beb681a2d226420015766cd9809dcbabc92d8a95d87b719d23bcbb7d7a7241,,,,,,,,3306361,312645,2710064,137.448730916949,35.5616133750882,,,,,,,,,,,,,,278.4065962920431,total_seconds,,,,,,reservoir_lexicographic_see_phase_fields,,0,reported_objective_units,,,,,,,,,,,,,,,,,,,,,,,,,,,,0.0,0.0,0.0,1290659.5159119996
benchmarks/output/ddd_resource_clique_gate_k20_3m/five_station_circle_cw_half_skip_no_wait_headway_b_v0__journey_time.json,root,ddd_resource_clique_gate_k20_3m,result_document,five_station_circle_cw_half_skip_no_wait_headway_b_v0,20,exact_root_column_generation,journey_time,time_limit_with_certified_interval,2c53481066e498cc29ec206e717911f55d1ac30296cdc5cb8ac05139b35fbd01,balanced_reference,skip_stop,1200.0,,True,180.0,,,,,,,,,,,0.19324378777072032,no total budget remained for required proof pricing,2026-08-25T17:24:02.189079+00:00,,False,635519.9980799999,best_upper_bound,512709.70644697984,certified_lower_bound,180.21531758387573,total_seconds,"{""domain"": ""no_wait"", ""earliest_wait_time_seconds"": 0.0, ""maximum_wait_seconds_by_station_id"": [], ""step_seconds"": null}",,,,,reported_objective_verify_domain,sum_iteration_seconds_excludes_unassigned_overhead,11,reported_objective_units,635519.9980799999,12.689230083022267,7892.728340000031,,167.37009883311111,167.37009883311111,635519.9980799999,512709.70644697984,0,635519.9980799999,7892.728340000031,635519.9980799999,327627.1617386134,635519.9980799999,488712.5525726455,,,,,,,,,,,,,,,,
benchmarks/output/ddd_resource_clique_gate_k39_10m/five_station_circle_cw_half_skip_no_wait_headway_b_v0__journey_time.json,root,ddd_resource_clique_gate_k39_10m,result_document,five_station_circle_cw_half_skip_no_wait_headway_b_v0,39,exact_root_column_generation,journey_time,time_limit_with_certified_interval,2f82126c06273d2299ab258ca5c5d92acc9d83d829360422f8473c26521cc0f0,balanced_reference,skip_stop,1200.0,,True,600.0,,,,,,,,,,,1.0,no total budget remained for required proof pricing,2026-08-25T17:07:41.485479+00:00,,False,1441586.411136,best_upper_bound,0.0,certified_lower_bound,600.3370940410532,total_seconds,"{""domain"": ""no_wait"", ""earliest_wait_time_seconds"": 0.0, ""maximum_wait_seconds_by_station_id"": [], ""step_seconds"": null}",,,,,reported_objective_verify_domain,sum_iteration_seconds_excludes_unassigned_overhead,2,reported_objective_units,1441586.411136,30.234579458017834,0.0,,,506.2125458329683,1441586.411136,0.0,0,,,1441586.411136,0.0,1441586.411136,0.0,1441586.411136,0.0,,,,,,,,,,,,,,
benchmarks/output/ddd_resource_clique_gate_k39_arc_pricing_3m/five_station_circle_cw_half_skip_no_wait_headway_b_v0__journey_time.json,root,ddd_resource_clique_gate_k39_arc_pricing_3m,result_document,five_station_circle_cw_half_skip_no_wait_headway_b_v0,39,exact_root_column_generation,journey_time,time_limit_with_certified_interval,2f82126c06273d2299ab258ca5c5d92acc9d83d829360422f8473c26521cc0f0,balanced_reference,skip_stop,1200.0,,True,180.0,,,,,,,,,,,1.0,no total budget remained for required proof pricing,2026-08-25T17:16:56.111516+00:00,,False,1441586.411136,best_upper_bound,0.0,certified_lower_bound,188.28341637505218,total_seconds,"{""domain"": ""no_wait"", ""earliest_wait_time_seconds"": 0.0, ""maximum_wait_seconds_by_station_id"": [], ""step_seconds"": null}",,,,,reported_objective_verify_domain,sum_iteration_seconds_excludes_unassigned_overhead,5,reported_objective_units,1441586.411136,30.257445416995324,0.0,,,172.30257283290848,1441586.411136,0.0,0,,,1441586.411136,0.0,1441586.411136,0.0,,,,,,,,,,,,,,,,
benchmarks/output/ddd_resource_clique_gate_k39_barrier_3m/five_station_circle_cw_half_skip_no_wait_headway_b_v0__journey_time.json,root,ddd_resource_clique_gate_k39_barrier_3m,result_document,five_station_circle_cw_half_skip_no_wait_headway_b_v0,39,exact_root_column_generation,journey_time,time_limit_with_certified_interval,2f82126c06273d2299ab258ca5c5d92acc9d83d829360422f8473c26521cc0f0,balanced_reference,skip_stop,1200.0,,True,180.0,,,,,,,,,,,1.0,no total budget remained for required proof pricing,2026-08-25T17:20:49.349529+00:00,,False,1441586.411136,best_upper_bound,0.0,certified_lower_bound,180.00866654189304,total_seconds,"{""domain"": ""no_wait"", ""earliest_wait_time_seconds"": 0.0, ""maximum_wait_seconds_by_station_id"": [], ""step_seconds"": null}",,,,,reported_objective_verify_domain,sum_iteration_seconds_excludes_unassigned_overhead,4,reported_objective_units,1441586.411136,30.48772337497212,0.0,,,140.77559191605542,1441586.411136,0.0,0,,,1441586.411136,0.0,1441586.411136,0.0,,,,,,,,,,,,,,,,
benchmarks/output/ddd_resource_clique_gate_k39_coordinated_200prefs_3m/five_station_circle_cw_half_skip_no_wait_headway_b_v0__journey_time.json,root,ddd_resource_clique_gate_k39_coordinated_200prefs_3m,result_document,five_station_circle_cw_half_skip_no_wait_headway_b_v0,39,exact_root_column_generation,journey_time,time_limit_with_certified_interval,2f82126c06273d2299ab258ca5c5d92acc9d83d829360422f8473c26521cc0f0,balanced_reference,skip_stop,1200.0,,True,180.0,,,,,,,,,,,1.0,trajectory root column-generation total time limit reached between completed rounds,2026-08-25T18:01:08.973762+00:00,,False,1441586.411136,best_upper_bound,0.0,certified_lower_bound,180.06129066704307,total_seconds,"{""domain"": ""no_wait"", ""earliest_wait_time_seconds"": 0.0, ""maximum_wait_seconds_by_station_id"": [], ""step_seconds"": null}",,,,,reported_objective_verify_domain,sum_iteration_seconds_excludes_unassigned_overhead,4,reported_objective_units,1441586.411136,42.78500679205172,0.0,,,176.0500339581631,1441586.411136,0.0,0,,,1441586.411136,0.0,1441586.411136,0.0,,,,,,,,,,,,,,,,
benchmarks/output/ddd_resource_clique_gate_k39_coordinated_hint_200prefs_3m/five_station_circle_cw_half_skip_no_wait_headway_b_v0__journey_time.json,root,ddd_resource_clique_gate_k39_coordinated_hint_200prefs_3m,result_document,five_station_circle_cw_half_skip_no_wait_headway_b_v0,39,exact_root_column_generation,journey_time,time_limit_with_certified_interval,2f82126c06273d2299ab258ca5c5d92acc9d83d829360422f8473c26521cc0f0,balanced_reference,skip_stop,1200.0,,True,180.0,,,,,,,,,,,1.0,trajectory root column-generation total time limit reached between completed rounds,2026-08-25T18:05:44.607792+00:00,,False,1380616.049328,best_upper_bound,0.0,certified_lower_bound,180.04450333397835,total_seconds,"{""domain"": ""no_wait"", ""earliest_wait_time_seconds"": 0.0, ""maximum_wait_seconds_by_station_id"": [], ""step_seconds"": null}",,,,,reported_objective_verify_domain,sum_iteration_seconds_excludes_unassigned_overhead,4,reported_objective_units,1441586.411136,42.89131191605702,0.0,175.95878645812627,,175.95878645812627,1380616.049328,0.0,1,,,1441586.411136,0.0,1441586.411136,0.0,,,,,,,,,,,,,,,,
benchmarks/output/ddd_resource_clique_gate_k39_coordinated_interval3_5m/five_station_circle_cw_half_skip_no_wait_headway_b_v0__journey_time.json,root,ddd_resource_clique_gate_k39_coordinated_interval3_5m,result_document,five_station_circle_cw_half_skip_no_wait_headway_b_v0,39,exact_root_column_generation,journey_time,time_limit_with_certified_interval,2f82126c06273d2299ab258ca5c5d92acc9d83d829360422f8473c26521cc0f0,balanced_reference,skip_stop,1200.0,,True,300.0,,,,,,,,,,,1.0,no total budget remained for required proof pricing,2026-08-25T18:11:41.368080+00:00,,False,1374088.542376,best_upper_bound,0.0,certified_lower_bound,329.56163479201496,total_seconds,"{""domain"": ""no_wait"", ""earliest_wait_time_seconds"": 0.0, ""maximum_wait_seconds_by_station_id"": [], ""step_seconds"": null}",,,,,reported_objective_verify_domain,sum_iteration_seconds_excludes_unassigned_overhead,7,reported_objective_units,1441586.411136,43.26768683292903,0.0,289.59189462522045,,289.59189462522045,1374088.542376,0.0,2,,,1441586.411136,0.0,1441586.411136,0.0,,,,,,,,,,,,,,,,
benchmarks/output/ddd_resource_clique_gate_k39_multicolumn_5m/five_station_circle_cw_half_skip_no_wait_headway_b_v0__journey_time.json,root,ddd_resource_clique_gate_k39_multicolumn_5m,result_document,five_station_circle_cw_half_skip_no_wait_headway_b_v0,39,exact_root_column_generation,journey_time,time_limit_with_certified_interval,2f82126c06273d2299ab258ca5c5d92acc9d83d829360422f8473c26521cc0f0,balanced_reference,skip_stop,1200.0,,True,300.0,,,,,,,,,,,1.0,trajectory root column-generation total time limit reached between completed rounds,2026-08-25T17:39:23.875343+00:00,,False,1441586.411136,best_upper_bound,0.0,certified_lower_bound,343.4287182909902,total_seconds,"{""domain"": ""no_wait"", ""earliest_wait_time_seconds"": 0.0, ""maximum_wait_seconds_by_station_id"": [], ""step_seconds"": null}",,,,,reported_objective_verify_domain,sum_iteration_seconds_excludes_unassigned_overhead,4,reported_objective_units,1441586.411136,59.30278133391403,0.0,,,339.45386441692244,1441586.411136,0.0,0,,,1441586.411136,0.0,1441586.411136,0.0,1441586.411136,0.0,,,,,,,,,,,,,,
benchmarks/output/ddd_resource_clique_gate_k39_smoke/five_station_circle_cw_half_skip_no_wait_headway_b_v0__journey_time.json,root,ddd_resource_clique_gate_k39_smoke,result_document,five_station_circle_cw_half_skip_no_wait_headway_b_v0,39,exact_root_column_generation,journey_time,iteration_limit_with_certified_interval,2f82126c06273d2299ab258ca5c5d92acc9d83d829360422f8473c26521cc0f0,balanced_reference,skip_stop,1200.0,,True,180.0,,,,,,,,,,,1.0,trajectory root column-generation iteration limit exhausted,2026-08-25T16:57:14.425889+00:00,,False,1441586.411136,best_upper_bound,0.0,certified_lower_bound,35.4988882499747,total_seconds,"{""domain"": ""no_wait"", ""earliest_wait_time_seconds"": 0.0, ""maximum_wait_seconds_by_station_id"": [], ""step_seconds"": null}",,,,,reported_objective_verify_domain,sum_iteration_seconds_excludes_unassigned_overhead,1,reported_objective_units,1441586.411136,30.15546312497463,0.0,,,30.15546312497463,1441586.411136,0.0,0,,,,,,,,,,,,,,,,,,,,,,
benchmarks/output/ddd_resource_clique_gate_k39_zero_dual_3m/five_station_circle_cw_half_skip_no_wait_headway_b_v0__journey_time.json,root,ddd_resource_clique_gate_k39_zero_dual_3m,result_document,five_station_circle_cw_half_skip_no_wait_headway_b_v0,39,exact_root_column_generation,journey_time,time_limit_with_certified_interval,2f82126c06273d2299ab258ca5c5d92acc9d83d829360422f8473c26521cc0f0,balanced_reference,skip_stop,1200.0,,True,180.0,,,,,,,,,,,1.0,no total budget remained for required proof pricing,2026-08-25T17:12:02.834927+00:00,,False,1441586.411136,best_upper_bound,0.0,certified_lower_bound,180.33698379108682,total_seconds,"{""domain"": ""no_wait"", ""earliest_wait_time_seconds"": 0.0, ""maximum_wait_seconds_by_station_id"": [], ""step_seconds"": null}",,,,,reported_objective_verify_domain,sum_iteration_seconds_excludes_unassigned_overhead,3,reported_objective_units,1441586.411136,30.21799629193265,0.0,,,132.6806500419043,1441586.411136,0.0,0,,,1441586.411136,0.0,1441586.411136,0.0,,,,,,,,,,,,,,,,
benchmarks/output/ddd_resource_window_ab20_energy/five_station_circle_cw_half_skip_no_wait_v0.json,root,ddd_resource_window_ab20_energy,result_document,five_station_circle_cw_half_skip_no_wait_v0,19,anonymous_passenger_master,journey_time,feasible_with_gap,,,,1200.0,,,,,,,,,,0.007518791011534631,81.72367637499701,,,,,2026-08-11T13:56:25.747806+00:00,,,1422004.210176,global_upper_bound,409360.3827920009,global_lower_bound,81.72367637499701,solve_seconds,,,,,,reported_objective_verify_domain,sum_iteration_seconds_excludes_unassigned_overhead,20,reported_objective_units,1422004.210176,3.4827554580406286,409360.3827920009,,,77.92832108179573,1422004.210176,409360.3827920009,0,1422004.210176,409360.3827920009,1422004.210176,409360.3827920009,,,,,,,,,,,,,,,,,,
benchmarks/output/ddd_resource_window_ab20_energy_fixed/five_station_circle_cw_half_skip_no_wait_v0.json,root,ddd_resource_window_ab20_energy_fixed,result_document,five_station_circle_cw_half_skip_no_wait_v0,19,anonymous_passenger_master,journey_time,feasible_with_gap,,,,1200.0,,,,,,,,,,0.007050874992273748,79.97113329102285,,,,,2026-08-11T14:18:42.211427+00:00,,,1422004.210176,global_upper_bound,409360.3827920009,global_lower_bound,79.97113329102285,solve_seconds,,,,,,reported_objective_verify_domain,sum_iteration_seconds_excludes_unassigned_overhead,20,reported_objective_units,1422004.210176,3.3895613749627955,409360.3827920009,,,75.82304454006953,1422004.210176,409360.3827920009,0,1422004.210176,409360.3827920009,1422004.210176,409360.3827920009,,,,,,,,,,,,,,,,,,
benchmarks/output/ddd_resource_window_ab20_entry/five_station_circle_cw_half_skip_no_wait_v0.json,root,ddd_resource_window_ab20_entry,result_document,five_station_circle_cw_half_skip_no_wait_v0,19,anonymous_passenger_master,journey_time,feasible_with_gap,,,,1200.0,,,,,,,,,,0.00762595800915733,81.85736012499547,,,,,2026-08-11T13:54:49.287589+00:00,,,1422004.210176,global_upper_bound,409360.3827920009,global_lower_bound,81.85736012499547,solve_seconds,,,,,,reported_objective_verify_domain,sum_iteration_seconds_excludes_unassigned_overhead,20,reported_objective_units,1422004.210176,3.4538277079700492,409360.3827920009,,,77.9044927500072,1422004.210176,409360.3827920009,0,1422004.210176,409360.3827920009,1422004.210176,409360.3827920009,,,,,,,,,,,,,,,,,,
benchmarks/output/ddd_resource_window_ab20_off/five_station_circle_cw_half_skip_no_wait_v0.json,root,ddd_resource_window_ab20_off,result_document,five_station_circle_cw_half_skip_no_wait_v0,19,anonymous_passenger_master,journey_time,feasible_with_gap,,,,1200.0,,,,,,,,,,0.007202125038020313,81.93620233400725,,,,,2026-08-11T13:53:11.797093+00:00,,,1422004.210176,global_upper_bound,409360.3827920009,global_lower_bound,81.93620233400725,solve_seconds,,,,,,reported_objective_verify_domain,sum_iteration_seconds_excludes_unassigned_overhead,20,reported_objective_units,1422004.210176,3.4889201669720933,409360.3827920009,,,78.12454371084459,1422004.210176,409360.3827920009,0,1422004.210176,409360.3827920009,1422004.210176,409360.3827920009,,,,,,,,,,,,,,,,,,
benchmarks/output/ddd_resource_window_smoke/five_station_circle_cw_half_skip_no_wait_v0.json,root,ddd_resource_window_smoke,result_document,five_station_circle_cw_half_skip_no_wait_v0,19,anonymous_passenger_master,journey_time,feasible_with_gap,,,,1200.0,,,,,,,,,,0.007341084012296051,10.92839975003153,,,,,2026-08-11T13:48:08.073260+00:00,,,1422004.210176,global_upper_bound,409360.3827920009,global_lower_bound,10.92839975003153,solve_seconds,,,,,,reported_objective_verify_domain,sum_iteration_seconds_excludes_unassigned_overhead,2,reported_objective_units,1422004.210176,3.441024166997522,409360.3827920009,,,7.28277937596431,1422004.210176,409360.3827920009,0,,,,,,,,,,,,,,,,,,,,,,
benchmarks/output/ddd_resource_window_smoke_energy_fixed/five_station_circle_cw_half_skip_no_wait_v0.json,root,ddd_resource_window_smoke_energy_fixed,result_document,five_station_circle_cw_half_skip_no_wait_v0,19,anonymous_passenger_master,journey_time,feasible_with_gap,,,,1200.0,,,,,,,,,,0.007203916960861534,10.937072041037027,,,,,2026-08-11T14:01:12.800496+00:00,,,1422004.210176,global_upper_bound,409360.3827920009,global_lower_bound,10.937072041037027,solve_seconds,,,,,,reported_objective_verify_domain,sum_iteration_seconds_excludes_unassigned_overhead,2,reported_objective_units,1422004.210176,3.517674542032182,409360.3827920009,,,7.351473792048637,1422004.210176,409360.3827920009,0,,,,,,,,,,,,,,,,,,,,,,
benchmarks/output/ddd_timed_flow_cover_smoke/five_station_circle_cw_half_skip_no_wait_v0.json,root,ddd_timed_flow_cover_smoke,result_document,five_station_circle_cw_half_skip_no_wait_v0,19,anonymous_passenger_master,journey_time,unknown_no_incumbent,,,,1200.0,,,,,,,,,,0.004974416980985552,2.1364206250291318,,,,,2026-08-10T16:16:21.507923+00:00,,,,,409360.3827920009,global_lower_bound,2.1364206250291318,solve_seconds,,,,,,reported_objective_verify_domain,sum_iteration_seconds_excludes_unassigned_overhead,1,reported_objective_units,,,409360.3827920009,,,2.1163386669941247,,409360.3827920009,0,,,,,,,,,,,,,,,,,,,,,,
benchmarks/output/ddd_timed_flow_cover_smoke2/five_station_circle_cw_half_skip_no_wait_v0.json,root,ddd_timed_flow_cover_smoke2,result_document,five_station_circle_cw_half_skip_no_wait_v0,19,anonymous_passenger_master,journey_time,unknown_no_incumbent,,,,1200.0,,,,,,,,,,0.005005458020605147,5.417426832951605,,,,,2026-08-10T16:17:37.730079+00:00,,,,,409360.3827920009,global_lower_bound,5.417426832951605,solve_seconds,,,,,,reported_objective_verify_domain,sum_iteration_seconds_excludes_unassigned_overhead,2,reported_objective_units,,,409360.3827920009,,,5.414969707955606,,409360.3827920009,0,,,,,,,,,,,,,,,,,,,,,,
benchmarks/output/ddd_timed_flow_cover_smoke5/five_station_circle_cw_half_skip_no_wait_v0.json,root,ddd_timed_flow_cover_smoke5,result_document,five_station_circle_cw_half_skip_no_wait_v0,19,anonymous_passenger_master,journey_time,unknown_no_incumbent,,,,1200.0,,,,,,,,,,0.005330292042344809,2.5681899579940364,,,,,2026-08-10T16:17:23.797869+00:00,,,,,409360.3827920009,global_lower_bound,2.5681899579940364,solve_seconds,,,,,,reported_objective_verify_domain,sum_iteration_seconds_excludes_unassigned_overhead,1,reported_objective_units,,,409360.3827920009,,,2.566621790989302,,409360.3827920009,0,,,,,,,,,,,,,,,,,,,,,,
benchmarks/output/ddd_trajectory_ab_20260814/five_diversified10_off/five_station_circle_cw_half_skip_no_wait_v0.json,root,ddd_trajectory_ab_20260814,result_document,five_station_circle_cw_half_skip_no_wait_v0,19,passenger_primal,journey_time,feasible_with_gap,,,,1200.0,,,,,,,,,,0.005275957984849811,31.029317000007723,,,,,2026-08-14T10:38:20.507920+00:00,,,688161.6438960005,global_upper_bound,0.0,global_lower_bound,31.029317000007723,solve_seconds,,,,,,reported_objective_verify_domain,sum_iteration_seconds_excludes_unassigned_overhead,10,reported_objective_units,697372.782648,2.995443666994106,0.0,6.174416499969084,,30.989442082005553,688161.6438960005,0.0,1,688161.6438960005,0.0,,,,,,,,,,,,,,,,,,,,
benchmarks/output/ddd_trajectory_ab_20260814/five_diversified10_restricted/five_station_circle_cw_half_skip_no_wait_v0.json,root,ddd_trajectory_ab_20260814,result_document,five_station_circle_cw_half_skip_no_wait_v0,19,passenger_primal,journey_time,feasible_with_gap,,,,1200.0,,,,,,,,,,0.005324334022589028,33.858102458005305,,,,,2026-08-14T10:39:04.344732+00:00,,,685629.3568240002,global_upper_bound,0.0,global_lower_bound,33.858102458005305,solve_seconds,,,,,,reported_objective_verify_domain,sum_iteration_seconds_excludes_unassigned_overhead,10,reported_objective_units,697372.782648,2.985075708013028,0.0,14.391775708005298,,33.815083333000075,685629.3568240002,0.0,2,685629.3568240002,0.0,,,,,,,,,,,,,,,,,,,,
benchmarks/output/ddd_trajectory_ab_20260814/five_diversified_off/five_station_circle_cw_half_skip_no_wait_v0.json,root,ddd_trajectory_ab_20260814,result_document,five_station_circle_cw_half_skip_no_wait_v0,19,passenger_primal,journey_time,feasible_with_gap,,,,1200.0,,,,,,,,,,0.005391084006987512,15.751328542013653,,,,,2026-08-14T10:36:41.846445+00:00,,,685629.3568240002,global_upper_bound,0.0,global_lower_bound,15.751328542013653,solve_seconds,,,,,,reported_objective_verify_domain,sum_iteration_seconds_excludes_unassigned_overhead,5,reported_objective_units,697372.782648,2.9448108340147883,0.0,13.15982566709863,,15.73902070906479,685629.3568240002,0.0,2,,,,,,,,,,,,,,,,,,,,,,
benchmarks/output/ddd_trajectory_ab_20260814/five_diversified_restricted/five_station_circle_cw_half_skip_no_wait_v0.json,root,ddd_trajectory_ab_20260814,result_document,five_station_circle_cw_half_skip_no_wait_v0,19,passenger_primal,journey_time,feasible_with_gap,,,,1200.0,,,,,,,,,,0.005146958981640637,16.86008104099892,,,,,2026-08-14T10:37:19.451239+00:00,,,685629.3568240002,global_upper_bound,0.0,global_lower_bound,16.86008104099892,solve_seconds,,,,,,reported_objective_verify_domain,sum_iteration_seconds_excludes_unassigned_overhead,5,reported_objective_units,697372.782648,2.9933609159779735,0.0,14.261710666993167,,16.84607558400603,685629.3568240002,0.0,2,,,,,,,,,,,,,,,,,,,,,,
benchmarks/output/ddd_trajectory_ab_20260814/five_k19_off/five_station_circle_cw_half_skip_no_wait_v0.json,root,ddd_trajectory_ab_20260814,result_document,five_station_circle_cw_half_skip_no_wait_v0,19,passenger_primal,journey_time,feasible_with_gap,,,,1200.0,,,,,,,,,,0.007154167047701776,13.10510508302832,,,,,2026-08-14T10:26:58.637341+00:00,,,697372.782648,global_upper_bound,0.0,global_lower_bound,13.10510508302832,solve_seconds,,,,,,reported_objective_verify_domain,sum_iteration_seconds_excludes_unassigned_overhead,10,reported_objective_units,697372.782648,4.675894625019282,0.0,,,13.051432832959108,697372.782648,0.0,0,,,,,,,,,,,,,,,,,,,,,,
benchmarks/output/ddd_trajectory_ab_20260814/five_k19_restricted/five_station_circle_cw_half_skip_no_wait_v0.json,root,ddd_trajectory_ab_20260814,result_document,five_station_circle_cw_half_skip_no_wait_v0,19,passenger_primal,journey_time,feasible_with_gap,,,,1200.0,,,,,,,,,,0.0069846249534748495,12.087939834047575,,,,,2026-08-14T10:27:11.521978+00:00,,,697372.782648,global_upper_bound,0.0,global_lower_bound,12.087939834047575,solve_seconds,,,,,,reported_objective_verify_domain,sum_iteration_seconds_excludes_unassigned_overhead,10,reported_objective_units,697372.782648,4.6315866250079125,0.0,,,12.028801917971577,697372.782648,0.0,0,,,,,,,,,,,,,,,,,,,,,,
benchmarks/output/ddd_trajectory_ab_20260814/three_diversified/three_station_half_no_skip_no_wait_v0.json,root,ddd_trajectory_ab_20260814,result_document,three_station_half_no_skip_no_wait_v0,15,passenger_primal,journey_time,feasible_with_gap,,,,1200.0,,,,,,,,,,0.0027962090098299086,0.23812066699611023,,,,,2026-08-14T10:35:03.403857+00:00,,,2706574.5407879995,global_upper_bound,0.0,global_lower_bound,0.23812066699611023,solve_seconds,,,,,,reported_objective_verify_domain,sum_iteration_seconds_excludes_unassigned_overhead,3,reported_objective_units,2706574.5407879995,0.13255358301103115,0.0,,,0.23444645904237404,2706574.5407879995,0.0,0,,,,,,,,,,,,,,,,,,,,,,
benchmarks/output/ddd_trajectory_ab_20260814/three_off/three_station_half_no_skip_no_wait_v0.json,root,ddd_trajectory_ab_20260814,result_document,three_station_half_no_skip_no_wait_v0,15,passenger_primal,journey_time,feasible_with_gap,,,,1200.0,,,,,,,,,,0.003928582998923957,0.7373699159943499,,,,,2026-08-14T10:26:32.055983+00:00,,,2706574.5407879995,global_upper_bound,0.0,global_lower_bound,0.7373699159943499,solve_seconds,,,,,,reported_objective_verify_domain,sum_iteration_seconds_excludes_unassigned_overhead,10,reported_objective_units,2706574.5407879995,0.18642391700996086,0.0,,,0.7174984600860626,2706574.5407879995,0.0,0,,,,,,,,,,,,,,,,,,,,,,
benchmarks/output/ddd_trajectory_ab_20260814/three_restricted/three_station_half_no_skip_no_wait_v0.json,root,ddd_trajectory_ab_20260814,result_document,three_station_half_no_skip_no_wait_v0,15,passenger_primal,journey_time,feasible_with_gap,,,,1200.0,,,,,,,,,,0.003993124992121011,0.7413654160336591,,,,,2026-08-14T10:26:33.506162+00:00,,,2706574.5407879995,global_upper_bound,0.0,global_lower_bound,0.7413654160336591,solve_seconds,,,,,,reported_objective_verify_domain,sum_iteration_seconds_excludes_unassigned_overhead,10,reported_objective_units,2706574.5407879995,0.18965687497984618,0.0,,,0.7212224169634283,2706574.5407879995,0.0,0,,,,,,,,,,,,,,,,,,,,,,
benchmarks/output/ddd_trajectory_phase2_20260814/five_lp/five_station_circle_cw_half_skip_no_wait_v0.json,root,ddd_trajectory_phase2_20260814,result_document,five_station_circle_cw_half_skip_no_wait_v0,19,passenger_primal,journey_time,feasible_with_gap,,,,1200.0,,,,,,,,,,0.005341874959412962,18.63425762503175,,,,,2026-08-14T13:28:52.586342+00:00,,,688161.6438960005,global_upper_bound,0.0,global_lower_bound,18.63425762503175,solve_seconds,,,,,,reported_objective_verify_domain,sum_iteration_seconds_excludes_unassigned_overhead,5,reported_objective_units,697372.782648,3.0920238330145366,0.0,6.9660503750201315,,18.620882250077557,688161.6438960005,0.0,1,,,,,,,,,,,,,,,,,,,,,,
benchmarks/output/ddd_trajectory_phase2_20260814/five_lp_complete_rows/five_station_circle_cw_half_skip_no_wait_v0.json,root,ddd_trajectory_phase2_20260814,result_document,five_station_circle_cw_half_skip_no_wait_v0,19,passenger_primal,journey_time,feasible_with_gap,,,,1200.0,,,,,,,,,,0.005229000002145767,19.159662541991565,,,,,2026-08-14T13:32:27.837983+00:00,,,685629.3568240002,global_upper_bound,0.0,global_lower_bound,19.159662541991565,solve_seconds,,,,,,reported_objective_verify_domain,sum_iteration_seconds_excludes_unassigned_overhead,5,reported_objective_units,697372.782648,2.9552935829851776,0.0,15.256631958007347,,19.146812083024997,685629.3568240002,0.0,2,,,,,,,,,,,,,,,,,,,,,,
benchmarks/output/ddd_trajectory_phase2_20260814/five_lp_final/five_station_circle_cw_half_skip_no_wait_v0.json,root,ddd_trajectory_phase2_20260814,result_document,five_station_circle_cw_half_skip_no_wait_v0,19,passenger_primal,journey_time,feasible_with_gap,,,,1200.0,,,,,,,,,,0.005215790995862335,18.379560166038573,,,,,2026-08-14T13:35:57.787563+00:00,,,685629.3568240002,global_upper_bound,0.0,global_lower_bound,18.379560166038573,solve_seconds,,,,,,reported_objective_verify_domain,sum_iteration_seconds_excludes_unassigned_overhead,5,reported_objective_units,697372.782648,2.9837014579679817,0.0,15.124673874932341,,18.366146541957278,685629.3568240002,0.0,2,,,,,,,,,,,,,,,,,,,,,,
benchmarks/output/ddd_trajectory_phase3_20260814/priced/five_station_circle_cw_half_skip_no_wait_v0.json,root,ddd_trajectory_phase3_20260814,result_document,five_station_circle_cw_half_skip_no_wait_v0,19,passenger_primal,journey_time,unknown_no_incumbent,,,,1200.0,,,,,,,,,,0.005407208984252065,6.044013792008627,,,,,2026-08-14T16:19:30.474576+00:00,,,,,0.0,global_lower_bound,6.044013792008627,solve_seconds,,,,,,reported_objective_verify_domain,sum_iteration_seconds_excludes_unassigned_overhead,5,reported_objective_units,,,0.0,,,6.031679249950685,,0.0,0,,,,,,,,,,,,,,,,,,,,,,
benchmarks/output/ddd_trajectory_phase3_20260814/priced_30s/five_station_circle_cw_half_skip_no_wait_v0.json,root,ddd_trajectory_phase3_20260814,result_document,five_station_circle_cw_half_skip_no_wait_v0,19,passenger_primal,journey_time,unknown_no_incumbent,,,,1200.0,,,,,,,,,,0.0053272920195013285,31.03751449997071,,,,,2026-08-14T16:20:10.955395+00:00,,,,,0.0,global_lower_bound,31.03751449997071,solve_seconds,,,,,,reported_objective_verify_domain,sum_iteration_seconds_excludes_unassigned_overhead,5,reported_objective_units,,,0.0,,,31.026445998984855,,0.0,0,,,,,,,,,,,,,,,,,,,,,,
benchmarks/output/ddd_trajectory_phase3_20260814/priced_8w/five_station_circle_cw_half_skip_no_wait_v0.json,root,ddd_trajectory_phase3_20260814,result_document,five_station_circle_cw_half_skip_no_wait_v0,19,passenger_primal,journey_time,feasible_with_gap,,,,1200.0,,,,,,,,,,0.005881291988771409,69.44452220801031,,,,,2026-08-14T16:21:33.816937+00:00,,,672577.2420280002,global_upper_bound,0.0,global_lower_bound,69.44452220801031,solve_seconds,,,,,,reported_objective_verify_domain,sum_iteration_seconds_excludes_unassigned_overhead,5,reported_objective_units,683287.9980160001,18.13639229198452,0.0,69.42672358389245,,69.42672358389245,672577.2420280002,0.0,4,675136.5722079998,0.0,672852.7635560002,0.0,,,,,,,,,,,,,,,,,,
benchmarks/output/ddd_trajectory_phase3_20260814/priced_8w_resolved/five_station_circle_cw_half_skip_no_wait_v0.json,root,ddd_trajectory_phase3_20260814,result_document,five_station_circle_cw_half_skip_no_wait_v0,19,passenger_primal,journey_time,feasible_with_gap,,,,1200.0,,,,,,,,,,0.005323624995071441,80.12631208304083,,,,,2026-08-14T16:28:59.658134+00:00,,,663475.5961279998,global_upper_bound,0.0,global_lower_bound,80.12631208304083,solve_seconds,,,,,,reported_objective_verify_domain,sum_iteration_seconds_excludes_unassigned_overhead,5,reported_objective_units,687011.6344239998,19.38733120803954,0.0,61.494399832969066,,80.10906204098137,663475.5961279998,0.0,2,687011.6344239998,0.0,666229.739712,0.0,,,,,,,,,,,,,,,,,,
benchmarks/output/ddd_trajectory_phase3_20260814/restricted_8w/five_station_circle_cw_half_skip_no_wait_v0.json,root,ddd_trajectory_phase3_20260814,result_document,five_station_circle_cw_half_skip_no_wait_v0,19,passenger_primal,journey_time,feasible_with_gap,,,,1200.0,,,,,,,,,,0.005339958006516099,8.699693791975733,,,,,2026-08-14T16:21:58.510963+00:00,,,694914.103248,global_upper_bound,0.0,global_lower_bound,8.699693791975733,solve_seconds,,,,,,reported_objective_verify_domain,sum_iteration_seconds_excludes_unassigned_overhead,5,reported_objective_units,694914.103248,7.7593464169767685,0.0,,,8.687498335086275,694914.103248,0.0,0,,,,,,,,,,,,,,,,,,,,,,
benchmarks/output/ddd_trajectory_root_cg/certified_gap_focus_10r/five_station_circle_cw_half_skip_no_wait_v0__journey_time.json,root,ddd_trajectory_root_cg,result_document,five_station_circle_cw_half_skip_no_wait_v0,19,fixed_starts_no_wait_exact_root_column_generation,journey_time,iteration_limit,,,,1200.0,,,,,,,,,,,,,,1.0,trajectory root column-generation iteration limit exhausted,2026-08-16T20:12:35.210894+00:00,,False,668768.9931919998,best_upper_bound,0.0,certified_lower_bound,395.91912408394273,total_seconds,,,,,,reported_objective_verify_domain,sum_iteration_seconds_excludes_unassigned_overhead,10,reported_objective_units,668768.9931919998,38.750186040997505,0.0,,,395.85662637499627,668768.9931919998,0.0,0,,,668768.9931919998,0.0,668768.9931919998,0.0,668768.9931919998,0.0,,,,,,,,,,,,,,
benchmarks/output/ddd_trajectory_root_cg/five_station_smoke/five_station_circle_cw_half_skip_no_wait_v0__journey_time.json,root,ddd_trajectory_root_cg,result_document,five_station_circle_cw_half_skip_no_wait_v0,19,fixed_starts_no_wait_exact_root_column_generation,journey_time,unknown,,,,1200.0,,,,,,,,,,,,,,1.0,at least one exact pricing problem was not certified,2026-08-15T10:55:19.828481+00:00,,False,668768.9931919998,best_upper_bound,0.0,certified_lower_bound,38.31275579100475,total_seconds,,,,,,reported_objective_verify_domain,sum_iteration_seconds_excludes_unassigned_overhead,1,reported_objective_units,668768.9931919998,38.26598612498492,0.0,,,38.26598612498492,668768.9931919998,0.0,0,,,,,,,,,,,,,,,,,,,,,,
benchmarks/output/ddd_trajectory_root_cg/five_station_smoke_binary/five_station_circle_cw_half_skip_no_wait_v0__journey_time.json,root,ddd_trajectory_root_cg,result_document,five_station_circle_cw_half_skip_no_wait_v0,19,fixed_starts_no_wait_exact_root_column_generation,journey_time,unknown,,,,1200.0,,,,,,,,,,,,,,1.0,at least one exact pricing problem was not certified,2026-08-15T11:02:24.763608+00:00,,False,668768.9931919998,best_upper_bound,0.0,certified_lower_bound,38.272162416018546,total_seconds,,,,,,reported_objective_verify_domain,sum_iteration_seconds_excludes_unassigned_overhead,1,reported_objective_units,668768.9931919998,38.225710541941226,0.0,,,38.225710541941226,668768.9931919998,0.0,0,,,,,,,,,,,,,,,,,,,,,,
benchmarks/output/ddd_trajectory_root_cg/five_station_smoke_bound/five_station_circle_cw_half_skip_no_wait_v0__journey_time.json,root,ddd_trajectory_root_cg,result_document,five_station_circle_cw_half_skip_no_wait_v0,19,fixed_starts_no_wait_exact_root_column_generation,journey_time,unknown,,,,1200.0,,,,,,,,,,,,,,1.0,at least one exact pricing problem was not certified,2026-08-15T11:00:16.725089+00:00,,False,668768.9931919998,best_upper_bound,0.0,certified_lower_bound,38.31447620806284,total_seconds,,,,,,reported_objective_verify_domain,sum_iteration_seconds_excludes_unassigned_overhead,1,reported_objective_units,668768.9931919998,38.2684072079137,0.0,,,38.2684072079137,668768.9931919998,0.0,0,,,,,,,,,,,,,,,,,,,,,,
benchmarks/output/ddd_trajectory_root_cg/five_station_smoke_incumbent/five_station_circle_cw_half_skip_no_wait_v0__journey_time.json,root,ddd_trajectory_root_cg,result_document,five_station_circle_cw_half_skip_no_wait_v0,19,fixed_starts_no_wait_exact_root_column_generation,journey_time,iteration_limit,,,,1200.0,,,,,,,,,,,,,,1.0,trajectory root column-generation iteration limit exhausted,2026-08-15T11:04:18.431868+00:00,,False,668768.9931919998,best_upper_bound,0.0,certified_lower_bound,38.29535779089201,total_seconds,,,,,,reported_objective_verify_domain,sum_iteration_seconds_excludes_unassigned_overhead,1,reported_objective_units,668768.9931919998,38.24661095801275,0.0,,,38.24661095801275,668768.9931919998,0.0,0,,,,,,,,,,,,,,,,,,,,,,
benchmarks/output/ddd_trajectory_root_cg/five_station_two_rounds/five_station_circle_cw_half_skip_no_wait_v0__journey_time.json,root,ddd_trajectory_root_cg,result_document,five_station_circle_cw_half_skip_no_wait_v0,19,fixed_starts_no_wait_exact_root_column_generation,journey_time,iteration_limit,,,,1200.0,,,,,,,,,,,,,,1.0,trajectory root column-generation iteration limit exhausted,2026-08-15T11:05:45.658115+00:00,,False,668768.9931919998,best_upper_bound,0.0,certified_lower_bound,76.78111037507188,total_seconds,,,,,,reported_objective_verify_domain,sum_iteration_seconds_excludes_unassigned_overhead,2,reported_objective_units,668768.9931919998,38.25550795905292,0.0,,,76.73286541702691,668768.9931919998,0.0,0,,,668768.9931919998,0.0,,,,,,,,,,,,,,,,,,
benchmarks/output/ddd_trajectory_root_cg/frozen_rmp_barrier_2s/five_station_circle_cw_half_skip_no_wait_v0__journey_time.json,root,ddd_trajectory_root_cg,result_document,five_station_circle_cw_half_skip_no_wait_v0,19,fixed_starts_no_wait_exact_root_column_generation,journey_time,iteration_limit,,,,1200.0,,,,,,,,,,,,,,1.0,trajectory root column-generation iteration limit exhausted,2026-08-16T20:30:14.993032+00:00,,False,668768.9931919998,best_upper_bound,0.0,certified_lower_bound,38.30002416600473,total_seconds,,,,,,reported_objective_verify_domain,sum_iteration_seconds_excludes_unassigned_overhead,1,reported_objective_units,668768.9931919998,38.2516080000205,0.0,,,38.2516080000205,668768.9931919998,0.0,0,,,,,,,,,,,,,,,,,,,,,,
benchmarks/output/ddd_trajectory_root_cg/frozen_rmp_conditional_tight_default_2s/five_station_circle_cw_half_skip_no_wait_v0__journey_time.json,root,ddd_trajectory_root_cg,result_document,five_station_circle_cw_half_skip_no_wait_v0,19,fixed_starts_no_wait_exact_root_column_generation,journey_time,iteration_limit,,,,1200.0,,,,,,,,,,,,,,1.0,trajectory root column-generation iteration limit exhausted,2026-08-16T20:41:38.473710+00:00,,False,668768.9931919998,best_upper_bound,0.0,certified_lower_bound,38.29919579101261,total_seconds,,,,,,reported_objective_verify_domain,sum_iteration_seconds_excludes_unassigned_overhead,1,reported_objective_units,668768.9931919998,38.250263207941316,0.0,,,38.250263207941316,668768.9931919998,0.0,0,,,,,,,,,,,,,,,,,,,,,,
benchmarks/output/ddd_trajectory_root_cg/frozen_rmp_default_2s/five_station_circle_cw_half_skip_no_wait_v0__journey_time.json,root,ddd_trajectory_root_cg,result_document,five_station_circle_cw_half_skip_no_wait_v0,19,fixed_starts_no_wait_exact_root_column_generation,journey_time,iteration_limit,,,,1200.0,,,,,,,,,,,,,,1.0,trajectory root column-generation iteration limit exhausted,2026-08-16T20:29:28.425874+00:00,,False,668768.9931919998,best_upper_bound,0.0,certified_lower_bound,38.30367554107215,total_seconds,,,,,,reported_objective_verify_domain,sum_iteration_seconds_excludes_unassigned_overhead,1,reported_objective_units,668768.9931919998,38.2540233329637,0.0,,,38.2540233329637,668768.9931919998,0.0,0,,,,,,,,,,,,,,,,,,,,,,
benchmarks/output/ddd_trajectory_root_cg/frozen_rmp_tight_barrier_2s/five_station_circle_cw_half_skip_no_wait_v0__journey_time.json,root,ddd_trajectory_root_cg,result_document,five_station_circle_cw_half_skip_no_wait_v0,19,fixed_starts_no_wait_exact_root_column_generation,journey_time,iteration_limit,,,,1200.0,,,,,,,,,,,,,,1.0,trajectory root column-generation iteration limit exhausted,2026-08-16T20:34:18.344486+00:00,,False,668768.9931919998,best_upper_bound,0.0,certified_lower_bound,38.31834133400116,total_seconds,,,,,,reported_objective_verify_domain,sum_iteration_seconds_excludes_unassigned_overhead,1,reported_objective_units,668768.9931919998,38.26883549999911,0.0,,,38.26883549999911,668768.9931919998,0.0,0,,,,,,,,,,,,,,,,,,,,,,
benchmarks/output/ddd_trajectory_root_cg/frozen_rmp_tight_default_2s/five_station_circle_cw_half_skip_no_wait_v0__journey_time.json,root,ddd_trajectory_root_cg,result_document,five_station_circle_cw_half_skip_no_wait_v0,19,fixed_starts_no_wait_exact_root_column_generation,journey_time,iteration_limit,,,,1200.0,,,,,,,,,,,,,,1.0,trajectory root column-generation iteration limit exhausted,2026-08-16T20:33:31.131067+00:00,,False,668768.9931919998,best_upper_bound,0.0,certified_lower_bound,38.295138749992475,total_seconds,,,,,,reported_objective_verify_domain,sum_iteration_seconds_excludes_unassigned_overhead,1,reported_objective_units,668768.9931919998,38.247111332952045,0.0,,,38.247111332952045,668768.9931919998,0.0,0,,,,,,,,,,,,,,,,,,,,,,
benchmarks/output/ddd_trajectory_root_cg/frozen_rmp_tight_default_5s/five_station_circle_cw_half_skip_no_wait_v0__journey_time.json,root,ddd_trajectory_root_cg,result_document,five_station_circle_cw_half_skip_no_wait_v0,19,fixed_starts_no_wait_exact_root_column_generation,journey_time,iteration_limit,,,,1200.0,,,,,,,,,,,,,,1.0,trajectory root column-generation iteration limit exhausted,2026-08-16T20:36:04.448206+00:00,,False,668768.9931919998,best_upper_bound,0.0,certified_lower_bound,95.2957112500444,total_seconds,,,,,,reported_objective_verify_domain,sum_iteration_seconds_excludes_unassigned_overhead,1,reported_objective_units,668768.9931919998,95.24757541704457,0.0,,,95.24757541704457,668768.9931919998,0.0,0,,,,,,,,,,,,,,,,,,,,,,
benchmarks/output/ddd_trajectory_root_cg/frozen_rmp_time_expanded_default_2s/five_station_circle_cw_half_skip_no_wait_v0__journey_time.json,root,ddd_trajectory_root_cg,result_document,five_station_circle_cw_half_skip_no_wait_v0,19,fixed_starts_no_wait_exact_root_column_generation,journey_time,iteration_limit,,,,1200.0,,,,,,,,,,,,,,1.0,trajectory root column-generation iteration limit exhausted,2026-08-16T20:40:06.810884+00:00,,False,668768.9931919998,best_upper_bound,0.0,certified_lower_bound,38.306126291980036,total_seconds,,,,,,reported_objective_verify_domain,sum_iteration_seconds_excludes_unassigned_overhead,1,reported_objective_units,668768.9931919998,38.25612291705329,0.0,,,38.25612291705329,668768.9931919998,0.0,0,,,,,,,,,,,,,,,,,,,,,,
benchmarks/output/ddd_trajectory_root_cg/full_cabins_skip_no_wait_30r/five_station_circle_cw_full_skip_no_wait_v0__journey_time.json,root,ddd_trajectory_root_cg,result_document,five_station_circle_cw_full_skip_no_wait_v0,38,fixed_starts_no_wait_exact_root_column_generation,journey_time,optimal_root_lp,,,,1200.0,,,,,,,,,,,,,,0.0006818903130166232,,2026-08-17T07:58:07.294629+00:00,,True,1115615.3086160002,best_upper_bound,1114854.581344002,certified_lower_bound,751.7329285839805,total_seconds,,,,,,reported_objective_verify_domain,sum_iteration_seconds_excludes_unassigned_overhead,17,reported_objective_units,1339294.6179519992,18.054036083980463,15484.049383999081,748.5276181679219,748.5276181679219,748.5276181679219,1115615.3086160002,1114854.581344002,4,1339294.6179519992,15484.049383999081,1339294.6179519992,991827.3702282412,1339294.6179519992,1029362.9835356101,1339294.6179519992,1103347.4192178086,,,1120425.4138639995,1108471.8428552195,,,,,,,,,,
benchmarks/output/ddd_trajectory_root_cg/full_cabins_skip_no_wait_headway_b_30r/five_station_circle_cw_full_skip_no_wait_headway_b_v0__journey_time.json,root,ddd_trajectory_root_cg,result_document,five_station_circle_cw_full_skip_no_wait_headway_b_v0,38,fixed_starts_no_wait_exact_root_column_generation,journey_time,iteration_limit,,,,1200.0,,,,,,,,,,,,,,0.17521337874658985,trajectory root column-generation iteration limit exhausted,2026-08-17T16:00:34.788815+00:00,,False,1339294.6179519997,best_upper_bound,1104632.2828035066,certified_lower_bound,940.1026974590495,total_seconds,,,,,,reported_objective_verify_domain,sum_iteration_seconds_excludes_unassigned_overhead,17,reported_objective_units,1339294.6179519997,19.565044583985582,44058.90111199953,,707.7233575400896,935.8697550811339,1339294.6179519997,1104632.2828035066,0,1339294.6179519997,44058.90111199953,1339294.6179519997,1009676.6288360013,1339294.6179519997,1046526.2368964299,1339294.6179519997,1080883.0405798503,,,1339294.6179519997,1096755.2896897548,,,,,,,,,,
benchmarks/output/ddd_trajectory_root_cg/full_cabins_skip_no_wait_headway_b_reduced_17r/five_station_circle_cw_full_skip_no_wait_headway_b_v0__journey_time.json,root,ddd_trajectory_root_cg,result_document,five_station_circle_cw_full_skip_no_wait_headway_b_v0,38,fixed_starts_no_wait_exact_root_column_generation,journey_time,iteration_limit,,,,1200.0,,,,,,,,,,,,,,0.1733396135262166,trajectory root column-generation iteration limit exhausted,2026-08-17T16:47:13.752881+00:00,,False,1339294.6179520003,best_upper_bound,1107141.8064784587,certified_lower_bound,787.8648990830407,total_seconds,,,,,,reported_objective_verify_domain,sum_iteration_seconds_excludes_unassigned_overhead,17,reported_objective_units,1339294.6179520003,18.151652666041628,23870.882224001223,,685.9406474579591,784.2646632499527,1339294.6179520003,1107141.8064784587,0,1339294.6179520003,23870.882224001223,1339294.6179520003,981656.8730738452,1339294.6179520003,1019980.1639485143,1339294.6179520003,1095555.9539096933,,,1339294.6179520003,1105479.9860987177,,,,,,,,,,
benchmarks/output/ddd_trajectory_root_cg/k4_h500/three_station_exhaustive_trajectory_bound_v0__journey_time.json,root,ddd_trajectory_root_cg,result_document,three_station_exhaustive_trajectory_bound_v0,4,fixed_starts_no_wait_exact_root_column_generation,journey_time,optimal_root_lp,,,,500.0,,,,,,,,,,,,,,0.0,,2026-08-15T10:54:30.652126+00:00,,True,1681211.345208,best_upper_bound,1681211.345208,certified_lower_bound,1.0336189169902354,total_seconds,,,,,,reported_objective_verify_domain,sum_iteration_seconds_excludes_unassigned_overhead,2,reported_objective_units,1681211.345208,0.46656279207672924,1643065.0905519999,,1.0319651670288295,1.0319651670288295,1681211.345208,1681211.345208,0,,,,,,,,,,,,,,,,,,,,,,
benchmarks/output/ddd_trajectory_root_cg/oip_b_k19_retained_classes_8/five_station_circle_cw_full_skip_no_wait_headway_b_v0__journey_time.json,root,ddd_trajectory_root_cg,result_document,five_station_circle_cw_full_skip_no_wait_headway_b_v0,19,no_wait_exact_root_column_generation,journey_time,iteration_limit,,,,1200.0,,,,,,,,,,,,,,0.5197690415835806,trajectory root column-generation iteration limit exhausted,2026-08-18T11:42:14.207085+00:00,,False,3072000.0,best_upper_bound,1475269.5042552403,certified_lower_bound,28.500509249977767,total_seconds,,,,,,reported_objective_verify_domain,sum_iteration_seconds_excludes_unassigned_overhead,8,reported_objective_units,3072000.0,2.3775447919033468,832944.3265717286,,14.342449624906294,27.84909295674879,3072000.0,1475269.5042552403,0,,,,,,,,,,,,,,,,,,,,,,
benchmarks/output/ddd_trajectory_root_cg/oip_b_k19_shared_fair_8/five_station_circle_cw_full_skip_no_wait_headway_b_v0__journey_time.json,root,ddd_trajectory_root_cg,result_document,five_station_circle_cw_full_skip_no_wait_headway_b_v0,19,no_wait_exact_root_column_generation,journey_time,iteration_limit,,,,1200.0,,,,,,,,,,,,,,0.5221447024858242,trajectory root column-generation iteration limit exhausted,2026-08-18T11:32:58.206172+00:00,,False,3072000.0,best_upper_bound,1467971.473963548,certified_lower_bound,28.16304629202932,total_seconds,,,,,,reported_objective_verify_domain,sum_iteration_seconds_excludes_unassigned_overhead,8,reported_objective_units,3072000.0,2.3541096249828115,824843.9072844791,,22.503814291907474,27.53814287588466,3072000.0,1467971.473963548,0,,,,,,,,,,,,,,,,,,,,,,
benchmarks/output/ddd_trajectory_root_cg/oip_b_k19_shared_fair_smoke/five_station_circle_cw_full_skip_no_wait_headway_b_v0__journey_time.json,root,ddd_trajectory_root_cg,result_document,five_station_circle_cw_full_skip_no_wait_headway_b_v0,19,no_wait_exact_root_column_generation,journey_time,iteration_limit,,,,1200.0,,,,,,,,,,,,,,0.7314961239308336,trajectory root column-generation iteration limit exhausted,2026-08-18T11:30:41.141542+00:00,,False,3072000.0,best_upper_bound,824843.9072844791,certified_lower_bound,2.403396209003404,total_seconds,,,,,,reported_objective_verify_domain,sum_iteration_seconds_excludes_unassigned_overhead,1,reported_objective_units,3072000.0,2.3914774999720976,824843.9072844791,,,2.3914774999720976,3072000.0,824843.9072844791,0,,,,,,,,,,,,,,,,,,,,,,
benchmarks/output/ddd_trajectory_root_cg/oip_b_k19_shared_primal_4/five_station_circle_cw_full_skip_no_wait_headway_b_v0__journey_time.json,root,ddd_trajectory_root_cg,result_document,five_station_circle_cw_full_skip_no_wait_headway_b_v0,19,no_wait_exact_root_column_generation,journey_time,iteration_limit,,,,1200.0,,,,,,,,,,,,,,0.5611872903586206,trajectory root column-generation iteration limit exhausted,2026-08-18T11:36:02.786242+00:00,,False,3072000.0,best_upper_bound,1348032.6440183176,certified_lower_bound,14.453492333064787,total_seconds,,,,,,reported_objective_verify_domain,sum_iteration_seconds_excludes_unassigned_overhead,4,reported_objective_units,3072000.0,3.249736832920462,824843.9072844791,,14.243250958970748,14.243250958970748,3072000.0,1348032.6440183176,0,,,,,,,,,,,,,,,,,,,,,,
benchmarks/output/ddd_trajectory_root_cg/passenger_flow_10r/five_station_circle_cw_half_skip_no_wait_v0__journey_time.json,root,ddd_trajectory_root_cg,result_document,five_station_circle_cw_half_skip_no_wait_v0,19,fixed_starts_no_wait_exact_root_column_generation,journey_time,unknown,,,,1200.0,,,,,,,,,,,,,,0.6410231095282304,pricing was not certified and produced no improving incumbent column,2026-08-16T20:53:32.920804+00:00,,False,668768.9931919998,best_upper_bound,240072.6136200002,certified_lower_bound,162.8095642910339,total_seconds,,,,,,reported_objective_verify_domain,sum_iteration_seconds_excludes_unassigned_overhead,6,reported_objective_units,668768.9931919998,9.103432208066806,23025.949320000014,,81.14324733312242,162.76128283306025,668768.9931919998,240072.6136200002,0,668768.9931919998,23025.949320000014,668768.9931919998,23025.949320000014,668768.9931919998,240072.6136200002,,,,,,,,,,,,,,,,
benchmarks/output/ddd_trajectory_root_cg/passenger_flow_1r/five_station_circle_cw_half_skip_no_wait_v0__journey_time.json,root,ddd_trajectory_root_cg,result_document,five_station_circle_cw_half_skip_no_wait_v0,19,fixed_starts_no_wait_exact_root_column_generation,journey_time,iteration_limit,,,,1200.0,,,,,,,,,,,,,,0.9655696517715358,trajectory root column-generation iteration limit exhausted,2026-08-16T20:50:39.456933+00:00,,False,668768.9931919998,best_upper_bound,23025.949320000014,certified_lower_bound,9.228940042085014,total_seconds,,,,,,reported_objective_verify_domain,sum_iteration_seconds_excludes_unassigned_overhead,1,reported_objective_units,668768.9931919998,9.180288499919698,23025.949320000014,,,9.180288499919698,668768.9931919998,23025.949320000014,0,,,,,,,,,,,,,,,,,,,,,,
benchmarks/output/ddd_trajectory_root_cg/passenger_flow_pair_only_10r/five_station_circle_cw_half_skip_no_wait_v0__journey_time.json,root,ddd_trajectory_root_cg,result_document,five_station_circle_cw_half_skip_no_wait_v0,19,fixed_starts_no_wait_exact_root_column_generation,journey_time,iteration_limit,,,,1200.0,,,,,,,,,,,,,,0.03972777247467827,trajectory root column-generation iteration limit exhausted,2026-08-16T20:55:36.184689+00:00,,False,572136.4581439999,best_upper_bound,549406.7511103868,certified_lower_bound,108.15297674993053,total_seconds,,,,,,reported_objective_verify_domain,sum_iteration_seconds_excludes_unassigned_overhead,10,reported_objective_units,668768.9931919998,9.181837250012904,23025.949320000014,108.10419566906057,79.57658587698825,108.10419566906057,572136.4581439999,549406.7511103868,3,668768.9931919998,488961.2717809658,668768.9931919998,502535.423391064,,,,,,,,,,,,,,,,,,
benchmarks/output/ddd_trajectory_root_cg/passenger_flow_pair_only_30r/five_station_circle_cw_half_skip_no_wait_v0__journey_time.json,root,ddd_trajectory_root_cg,result_document,five_station_circle_cw_half_skip_no_wait_v0,19,fixed_starts_no_wait_exact_root_column_generation,journey_time,optimal_root_lp,,,,1200.0,,,,,,,,,,,,,,0.0003246108154882884,,2026-08-16T21:14:18.283838+00:00,,True,556809.5681839999,best_upper_bound,556628.821776,certified_lower_bound,419.9866339999717,total_seconds,,,,,,reported_objective_verify_domain,sum_iteration_seconds_excludes_unassigned_overhead,21,reported_objective_units,668768.9931919998,9.066866124980152,23025.949320000014,375.9737060852349,417.2106844182126,417.2106844182126,556809.5681839999,556628.821776,13,668768.9931919998,488961.2717809658,668768.9931919998,502535.423391064,572136.4581439999,549406.7511103868,557151.7691439998,554387.7499520001,,,,,,,,,,,,,,
benchmarks/output/ddd_trajectory_root_cg/pricing_focus0_5s_1r/five_station_circle_cw_half_skip_no_wait_v0__journey_time.json,root,ddd_trajectory_root_cg,result_document,five_station_circle_cw_half_skip_no_wait_v0,19,fixed_starts_no_wait_exact_root_column_generation,journey_time,iteration_limit,,,,1200.0,,,,,,,,,,,,,,1.0,trajectory root column-generation iteration limit exhausted,2026-08-16T20:15:52.320556+00:00,,False,668768.9931919998,best_upper_bound,0.0,certified_lower_bound,95.39862925000489,total_seconds,,,,,,reported_objective_verify_domain,sum_iteration_seconds_excludes_unassigned_overhead,1,reported_objective_units,668768.9931919998,95.33664049999788,0.0,,,95.33664049999788,668768.9931919998,0.0,0,,,,,,,,,,,,,,,,,,,,,,
benchmarks/output/ddd_trajectory_root_cg/pricing_focus3_5s_1r/five_station_circle_cw_half_skip_no_wait_v0__journey_time.json,root,ddd_trajectory_root_cg,result_document,five_station_circle_cw_half_skip_no_wait_v0,19,fixed_starts_no_wait_exact_root_column_generation,journey_time,iteration_limit,,,,1200.0,,,,,,,,,,,,,,1.0,trajectory root column-generation iteration limit exhausted,2026-08-16T20:17:36.784787+00:00,,False,668768.9931919998,best_upper_bound,0.0,certified_lower_bound,95.40797612501774,total_seconds,,,,,,reported_objective_verify_domain,sum_iteration_seconds_excludes_unassigned_overhead,1,reported_objective_units,668768.9931919998,95.34483908303082,0.0,,,95.34483908303082,668768.9931919998,0.0,0,,,,,,,,,,,,,,,,,,,,,,
benchmarks/output/ddd_trajectory_root_cg/relative_oip_gate_compact_1/five_station_circle_cw_full_skip_no_wait_headway_b_v0__journey_time.json,root,ddd_trajectory_root_cg,result_document,five_station_circle_cw_full_skip_no_wait_headway_b_v0,19,no_wait_exact_root_column_generation,journey_time,iteration_limit,,,,1200.0,,,,,,,,,,,,,,0.7601231196142051,trajectory root column-generation iteration limit exhausted,2026-08-18T13:40:01.779135+00:00,,False,3072000.0,best_upper_bound,736901.7765451618,certified_lower_bound,2.395459499908611,total_seconds,,,,,,reported_objective_verify_domain,sum_iteration_seconds_excludes_unassigned_overhead,1,reported_objective_units,3072000.0,2.383923082961701,736901.7765451618,,,2.383923082961701,3072000.0,736901.7765451618,0,,,,,,,,,,,,,,,,,,,,,,
benchmarks/output/ddd_trajectory_root_cg/relative_oip_gate_compact_fixed_1/five_station_circle_cw_full_skip_no_wait_headway_b_v0__journey_time.json,root,ddd_trajectory_root_cg,result_document,five_station_circle_cw_full_skip_no_wait_headway_b_v0,19,no_wait_exact_root_column_generation,journey_time,iteration_limit,,,,1200.0,,,,,,,,,,,,,,0.7735737983864113,trajectory root column-generation iteration limit exhausted,2026-08-18T14:00:15.424584+00:00,,False,3072000.0,best_upper_bound,695581.2913569445,certified_lower_bound,5.449013999896124,total_seconds,,,,,,reported_objective_verify_domain,sum_iteration_seconds_excludes_unassigned_overhead,1,reported_objective_units,3072000.0,5.437185666989535,695581.2913569445,,,5.437185666989535,3072000.0,695581.2913569445,0,,,,,,,,,,,,,,,,,,,,,,
benchmarks/output/ddd_trajectory_root_cg/relative_oip_gate_relative_1/five_station_circle_cw_full_skip_no_wait_headway_b_v0__journey_time.json,root,ddd_trajectory_root_cg,result_document,five_station_circle_cw_full_skip_no_wait_headway_b_v0,19,no_wait_exact_root_column_generation,journey_time,unknown,,,,1200.0,,,,,,,,,,,,,,1.0,pricing was not certified and produced no improving incumbent column,2026-08-18T13:40:18.144126+00:00,,False,3072000.0,best_upper_bound,0.0,certified_lower_bound,7.439686749945395,total_seconds,,,,,,reported_objective_verify_domain,sum_iteration_seconds_excludes_unassigned_overhead,1,reported_objective_units,3072000.0,7.4277852500090376,0.0,,,7.4277852500090376,3072000.0,0.0,0,,,,,,,,,,,,,,,,,,,,,,
benchmarks/output/ddd_trajectory_root_cg/relative_oip_gate_relative_180s_1/five_station_circle_cw_full_skip_no_wait_headway_b_v0__journey_time.json,root,ddd_trajectory_root_cg,result_document,five_station_circle_cw_full_skip_no_wait_headway_b_v0,19,no_wait_exact_root_column_generation,journey_time,unknown,,,,1200.0,,,,,,,,,,,,,,1.0,pricing was not certified and produced no improving incumbent column,2026-08-18T14:11:08.201022+00:00,,False,3072000.0,best_upper_bound,0.0,certified_lower_bound,180.26203854195774,total_seconds,,,,,,reported_objective_verify_domain,sum_iteration_seconds_excludes_unassigned_overhead,1,reported_objective_units,3072000.0,180.24984879198018,0.0,,,180.24984879198018,3072000.0,0.0,0,,,,,,,,,,,,,,,,,,,,,,
benchmarks/output/ddd_trajectory_root_cg/relative_oip_gate_relative_final_1/five_station_circle_cw_full_skip_no_wait_headway_b_v0__journey_time.json,root,ddd_trajectory_root_cg,result_document,five_station_circle_cw_full_skip_no_wait_headway_b_v0,19,no_wait_exact_root_column_generation,journey_time,unknown,,,,1200.0,,,,,,,,,,,,,,1.0,pricing was not certified and produced no improving incumbent column,2026-08-18T14:00:29.345876+00:00,,False,3072000.0,best_upper_bound,0.0,certified_lower_bound,6.103290207916871,total_seconds,,,,,,reported_objective_verify_domain,sum_iteration_seconds_excludes_unassigned_overhead,1,reported_objective_units,3072000.0,6.091328499955125,0.0,,,6.091328499955125,3072000.0,0.0,0,,,,,,,,,,,,,,,,,,,,,,
benchmarks/output/ddd_trajectory_root_cg/relative_oip_gate_relative_projected_1/five_station_circle_cw_full_skip_no_wait_headway_b_v0__journey_time.json,root,ddd_trajectory_root_cg,result_document,five_station_circle_cw_full_skip_no_wait_headway_b_v0,19,no_wait_exact_root_column_generation,journey_time,unknown,,,,1200.0,,,,,,,,,,,,,,1.0,pricing was not certified and produced no improving incumbent column,2026-08-18T13:43:17.487915+00:00,,False,3072000.0,best_upper_bound,0.0,certified_lower_bound,5.225986041943543,total_seconds,,,,,,reported_objective_verify_domain,sum_iteration_seconds_excludes_unassigned_overhead,1,reported_objective_units,3072000.0,5.214263833942823,0.0,,,5.214263833942823,3072000.0,0.0,0,,,,,,,,,,,,,,,,,,,,,,
benchmarks/output/ddd_trajectory_root_cg/relative_oip_intervals_30s_1/five_station_circle_cw_full_skip_no_wait_headway_b_v0__journey_time.json,root,ddd_trajectory_root_cg,result_document,five_station_circle_cw_full_skip_no_wait_headway_b_v0,19,no_wait_exact_root_column_generation,journey_time,iteration_limit,,,,1200.0,,,,,,,,,,,,,,0.8473474288027757,trajectory root column-generation iteration limit exhausted,2026-08-18T14:19:00.435803+00:00,,False,3072000.0,best_upper_bound,468948.6987178731,certified_lower_bound,30.439422041992657,total_seconds,,,,,,reported_objective_verify_domain,sum_iteration_seconds_excludes_unassigned_overhead,1,reported_objective_units,3072000.0,30.42756045795977,468948.6987178731,,,30.42756045795977,3072000.0,468948.6987178731,0,,,,,,,,,,,,,,,,,,,,,,
benchmarks/output/ddd_trajectory_root_cg/relative_oip_intervals_5s_1/five_station_circle_cw_full_skip_no_wait_headway_b_v0__journey_time.json,root,ddd_trajectory_root_cg,result_document,five_station_circle_cw_full_skip_no_wait_headway_b_v0,19,no_wait_exact_root_column_generation,journey_time,iteration_limit,,,,1200.0,,,,,,,,,,,,,,0.9046770832343751,trajectory root column-generation iteration limit exhausted,2026-08-18T14:17:52.650555+00:00,,False,3072000.0,best_upper_bound,292832.0003039995,certified_lower_bound,5.446976333972998,total_seconds,,,,,,reported_objective_verify_domain,sum_iteration_seconds_excludes_unassigned_overhead,1,reported_objective_units,3072000.0,5.435078040929511,292832.0003039995,,,5.435078040929511,3072000.0,292832.0003039995,0,,,,,,,,,,,,,,,,,,,,,,
benchmarks/output/ddd_trajectory_root_cg/relative_oip_intervals_linear_5s_1/five_station_circle_cw_full_skip_no_wait_headway_b_v0__journey_time.json,root,ddd_trajectory_root_cg,result_document,five_station_circle_cw_full_skip_no_wait_headway_b_v0,19,no_wait_exact_root_column_generation,journey_time,iteration_limit,,,,1200.0,,,,,,,,,,,,,,1.0,trajectory root column-generation iteration limit exhausted,2026-08-18T14:24:45.617019+00:00,,False,3072000.0,best_upper_bound,0.0,certified_lower_bound,5.4402434170478955,total_seconds,,,,,,reported_objective_verify_domain,sum_iteration_seconds_excludes_unassigned_overhead,1,reported_objective_units,3072000.0,5.428728500031866,0.0,,,5.428728500031866,3072000.0,0.0,0,,,,,,,,,,,,,,,,,,,,,,
benchmarks/output/ddd_trajectory_root_cg/relative_oip_intervals_tight_30s_1/five_station_circle_cw_full_skip_no_wait_headway_b_v0__journey_time.json,root,ddd_trajectory_root_cg,result_document,five_station_circle_cw_full_skip_no_wait_headway_b_v0,19,no_wait_exact_root_column_generation,journey_time,iteration_limit,,,,1200.0,,,,,,,,,,,,,,0.8417639895661426,trajectory root column-generation iteration limit exhausted,2026-08-18T14:25:56.799156+00:00,,False,3072000.0,best_upper_bound,486101.0240528099,certified_lower_bound,30.726006167009473,total_seconds,,,,,,reported_objective_verify_domain,sum_iteration_seconds_excludes_unassigned_overhead,1,reported_objective_units,3072000.0,30.714254916994832,486101.0240528099,,,30.714254916994832,3072000.0,486101.0240528099,0,,,,,,,,,,,,,,,,,,,,,,
benchmarks/output/ddd_trajectory_root_cg/relative_oip_intervals_tight_5s_1/five_station_circle_cw_full_skip_no_wait_headway_b_v0__journey_time.json,root,ddd_trajectory_root_cg,result_document,five_station_circle_cw_full_skip_no_wait_headway_b_v0,19,no_wait_exact_root_column_generation,journey_time,iteration_limit,,,,1200.0,,,,,,,,,,,,,,0.9059984135208327,trajectory root column-generation iteration limit exhausted,2026-08-18T14:21:47.921257+00:00,,False,3072000.0,best_upper_bound,288772.87366400193,certified_lower_bound,5.48633670900017,total_seconds,,,,,,reported_objective_verify_domain,sum_iteration_seconds_excludes_unassigned_overhead,1,reported_objective_units,3072000.0,5.474084667046554,288772.87366400193,,,5.474084667046554,3072000.0,288772.87366400193,0,,,,,,,,,,,,,,,,,,,,,,
benchmarks/output/ddd_trajectory_root_cg/reservoir_k18_hybrid_10m/five_station_circle_cw_full_skip_no_wait_headway_b_v0__reservoir_k18_w300__journey_time.json,root,ddd_trajectory_root_cg,result_document,five_station_circle_cw_full_skip_no_wait_headway_b_v0,18,no_wait_exact_root_column_generation,journey_time,unknown,,,,1200.0,300.0,,600.0,,,,,,,,,,,0.212110329546326,pricing was not certified and produced no improving incumbent column,2026-08-18T20:01:21.637691+00:00,,False,1920400.7231440004,best_upper_bound,1513063.8928969237,certified_lower_bound,137.16325287497602,total_seconds,,,,,,reported_objective_verify_domain,sum_iteration_seconds_excludes_unassigned_overhead,8,reported_objective_units,1920400.7231440004,18.49775454204064,275090.41078707995,,117.17253870924469,136.69054925034288,1920400.7231440004,1513063.8928969237,0,1920400.7231440004,275090.41078707995,1920400.7231440004,1103719.8718162081,1920400.7231440004,1513063.8928969237,,,,,,,,,,,,,,,,
benchmarks/output/ddd_trajectory_root_cg/reservoir_k19_ab_10m_hybrid/five_station_circle_cw_full_skip_no_wait_headway_b_v0__reservoir_k19_w300__journey_time.json,root,ddd_trajectory_root_cg,result_document,five_station_circle_cw_full_skip_no_wait_headway_b_v0,19,no_wait_exact_root_column_generation,journey_time,optimal_root_lp,,,,1200.0,300.0,,600.0,,,,,,,,,,,0.057190289866233784,,2026-08-18T18:42:48.602290+00:00,,True,1881313.450328,best_upper_bound,1773720.5887744972,certified_lower_bound,195.1714477079222,total_seconds,,,,,,reported_objective_verify_domain,sum_iteration_seconds_excludes_unassigned_overhead,10,reported_objective_units,1881313.450328,18.525194042013027,257719.54368518828,,194.30082870891783,194.30082870891783,1881313.450328,1773720.5887744972,0,1881313.450328,257719.54368518828,1881313.450328,908857.9482431845,1881313.450328,1108421.8211771988,,,,,,,,,,,,,,,,
benchmarks/output/ddd_trajectory_root_cg/reservoir_k19_ab_10m_proof_only/five_station_circle_cw_full_skip_no_wait_headway_b_v0__reservoir_k19_w300__journey_time.json,root,ddd_trajectory_root_cg,result_document,five_station_circle_cw_full_skip_no_wait_headway_b_v0,19,no_wait_exact_root_column_generation,journey_time,unknown,,,,1200.0,300.0,,600.0,,,,,,,,,,,0.11353778058409798,pricing was not certified and produced no improving incumbent column,2026-08-18T18:37:03.157463+00:00,,False,1881313.450328,best_upper_bound,1667713.296594747,certified_lower_bound,57.69074262504,total_seconds,,,,,,reported_objective_verify_domain,sum_iteration_seconds_excludes_unassigned_overhead,5,reported_objective_units,1881313.450328,10.776077292044647,257719.54368518828,,57.27047695987858,57.27047695987858,1881313.450328,1667713.296594747,0,1881313.450328,743919.0311691242,,,,,,,,,,,,,,,,,,,,
benchmarks/output/ddd_trajectory_root_cg/reservoir_k19_anchor_debug/five_station_circle_cw_full_skip_no_wait_headway_b_v0__reservoir_k19_w300__journey_time.json,root,ddd_trajectory_root_cg,result_document,five_station_circle_cw_full_skip_no_wait_headway_b_v0,19,no_wait_exact_root_column_generation,journey_time,iteration_limit,,,,1200.0,300.0,,,,,,,,,,,,,0.4594658823684153,trajectory root column-generation iteration limit exhausted,2026-08-18T18:00:31.202185+00:00,,False,1881313.450328,best_upper_bound,1016914.1058614776,certified_lower_bound,20.534209290985018,total_seconds,,,,,,reported_objective_verify_domain,sum_iteration_seconds_excludes_unassigned_overhead,1,reported_objective_units,1881313.450328,20.335890125017613,1016914.1058614776,,,20.335890125017613,1881313.450328,1016914.1058614776,0,,,,,,,,,,,,,,,,,,,,,,
benchmarks/output/ddd_trajectory_root_cg/reservoir_k19_anchor_primal/five_station_circle_cw_full_skip_no_wait_headway_b_v0__reservoir_k19_w300__journey_time.json,root,ddd_trajectory_root_cg,result_document,five_station_circle_cw_full_skip_no_wait_headway_b_v0,19,no_wait_exact_root_column_generation,journey_time,iteration_limit,,,,1200.0,300.0,,,,,,,,,,,,,0.4594658823684153,trajectory root column-generation iteration limit exhausted,2026-08-18T18:00:00.047948+00:00,,False,1881313.450328,best_upper_bound,1016914.1058614776,certified_lower_bound,10.74915275000967,total_seconds,,,,,,reported_objective_verify_domain,sum_iteration_seconds_excludes_unassigned_overhead,1,reported_objective_units,1881313.450328,10.559676124947146,1016914.1058614776,,,10.559676124947146,1881313.450328,1016914.1058614776,0,,,,,,,,,,,,,,,,,,,,,,
benchmarks/output/ddd_trajectory_root_cg/reservoir_k19_debug/five_station_circle_cw_full_skip_no_wait_headway_b_v0__reservoir_k19_w300__journey_time.json,root,ddd_trajectory_root_cg,result_document,five_station_circle_cw_full_skip_no_wait_headway_b_v0,19,no_wait_exact_root_column_generation,journey_time,iteration_limit,,,,1200.0,300.0,,,,,,,,,,,,,0.4606189468689763,trajectory root column-generation iteration limit exhausted,2026-08-18T17:59:04.994583+00:00,,False,1881313.450328,best_upper_bound,1014744.8301074764,certified_lower_bound,11.087499457993545,total_seconds,,,,,,reported_objective_verify_domain,sum_iteration_seconds_excludes_unassigned_overhead,1,reported_objective_units,1881313.450328,10.899872665992007,1014744.8301074764,,,10.899872665992007,1881313.450328,1014744.8301074764,0,,,,,,,,,,,,,,,,,,,,,,
benchmarks/output/ddd_trajectory_root_cg/reservoir_k19_diverse_review/five_station_circle_cw_full_skip_no_wait_headway_b_v0__reservoir_k19_w300__journey_time.json,root,ddd_trajectory_root_cg,result_document,five_station_circle_cw_full_skip_no_wait_headway_b_v0,19,no_wait_exact_root_column_generation,journey_time,iteration_limit,,,,1200.0,300.0,,,,,,,,,,,,,0.45955776877107796,trajectory root column-generation iteration limit exhausted,2026-08-18T17:47:54.541418+00:00,,False,1881313.450328,best_upper_bound,1016741.238736246,certified_lower_bound,11.180135792004876,total_seconds,,,,,,reported_objective_verify_domain,sum_iteration_seconds_excludes_unassigned_overhead,1,reported_objective_units,1881313.450328,11.011314083938487,1016741.238736246,,,11.011314083938487,1881313.450328,1016741.238736246,0,,,,,,,,,,,,,,,,,,,,,,
benchmarks/output/ddd_trajectory_root_cg/reservoir_k19_diverse_review_2/five_station_circle_cw_full_skip_no_wait_headway_b_v0__reservoir_k19_w300__journey_time.json,root,ddd_trajectory_root_cg,result_document,five_station_circle_cw_full_skip_no_wait_headway_b_v0,19,no_wait_exact_root_column_generation,journey_time,iteration_limit,,,,1200.0,300.0,,,,,,,,,,,,,0.4594658823684153,trajectory root column-generation iteration limit exhausted,2026-08-18T17:48:30.784222+00:00,,False,1881313.450328,best_upper_bound,1016914.1058614776,certified_lower_bound,22.717542791971937,total_seconds,,,,,,reported_objective_verify_domain,sum_iteration_seconds_excludes_unassigned_overhead,2,reported_objective_units,1881313.450328,11.001308124978095,1016914.1058614776,,,22.54598466702737,1881313.450328,1016914.1058614776,0,,,,,,,,,,,,,,,,,,,,,,
benchmarks/output/ddd_trajectory_root_cg/reservoir_k19_diverse_review_3/five_station_circle_cw_full_skip_no_wait_headway_b_v0__reservoir_k19_w300__journey_time.json,root,ddd_trajectory_root_cg,result_document,five_station_circle_cw_full_skip_no_wait_headway_b_v0,19,no_wait_exact_root_column_generation,journey_time,iteration_limit,,,,1200.0,300.0,,,,,,,,,,,,,0.4594658823684153,trajectory root column-generation iteration limit exhausted,2026-08-18T17:49:23.682273+00:00,,False,1881313.450328,best_upper_bound,1016914.1058614776,certified_lower_bound,11.217529291985556,total_seconds,,,,,,reported_objective_verify_domain,sum_iteration_seconds_excludes_unassigned_overhead,1,reported_objective_units,1881313.450328,11.013659958960488,1016914.1058614776,,,11.013659958960488,1881313.450328,1016914.1058614776,0,,,,,,,,,,,,,,,,,,,,,,
benchmarks/output/ddd_trajectory_root_cg/reservoir_k19_iis/five_station_circle_cw_full_skip_no_wait_headway_b_v0__reservoir_k19_w300__journey_time.json,root,ddd_trajectory_root_cg,result_document,five_station_circle_cw_full_skip_no_wait_headway_b_v0,19,no_wait_exact_root_column_generation,journey_time,iteration_limit,,,,1200.0,300.0,,,,,,,,,,,,,0.4594658823684153,trajectory root column-generation iteration limit exhausted,2026-08-18T18:01:16.718215+00:00,,False,1881313.450328,best_upper_bound,1016914.1058614776,certified_lower_bound,10.799382415949367,total_seconds,,,,,,reported_objective_verify_domain,sum_iteration_seconds_excludes_unassigned_overhead,1,reported_objective_units,1881313.450328,10.611885040998459,1016914.1058614776,,,10.611885040998459,1881313.450328,1016914.1058614776,0,,,,,,,,,,,,,,,,,,,,,,
benchmarks/output/ddd_trajectory_root_cg/reservoir_k19_iis2/five_station_circle_cw_full_skip_no_wait_headway_b_v0__reservoir_k19_w300__journey_time.json,root,ddd_trajectory_root_cg,result_document,five_station_circle_cw_full_skip_no_wait_headway_b_v0,19,no_wait_exact_root_column_generation,journey_time,iteration_limit,,,,1200.0,300.0,,,,,,,,,,,,,0.4594658823684153,trajectory root column-generation iteration limit exhausted,2026-08-18T18:01:43.513003+00:00,,False,1881313.450328,best_upper_bound,1016914.1058614776,certified_lower_bound,10.818360333913006,total_seconds,,,,,,reported_objective_verify_domain,sum_iteration_seconds_excludes_unassigned_overhead,1,reported_objective_units,1881313.450328,10.615484167006798,1016914.1058614776,,,10.615484167006798,1881313.450328,1016914.1058614776,0,,,,,,,,,,,,,,,,,,,,,,
benchmarks/output/ddd_trajectory_root_cg/reservoir_k19_pr1_pr2/five_station_circle_cw_full_skip_no_wait_headway_b_v0__reservoir_k19_w300__journey_time.json,root,ddd_trajectory_root_cg,result_document,five_station_circle_cw_full_skip_no_wait_headway_b_v0,19,no_wait_exact_root_column_generation,journey_time,iteration_limit,,,,1200.0,300.0,,,,,,,,,,,,,0.4594658823684153,trajectory root column-generation iteration limit exhausted,2026-08-18T17:56:32.059734+00:00,,False,1881313.450328,best_upper_bound,1016914.1058614776,certified_lower_bound,11.170227334019728,total_seconds,,,,,,reported_objective_verify_domain,sum_iteration_seconds_excludes_unassigned_overhead,1,reported_objective_units,1881313.450328,10.97490891709458,1016914.1058614776,,,10.97490891709458,1881313.450328,1016914.1058614776,0,,,,,,,,,,,,,,,,,,,,,,
benchmarks/output/ddd_trajectory_root_cg/reservoir_k19_pr1_pr2_2r/five_station_circle_cw_full_skip_no_wait_headway_b_v0__reservoir_k19_w300__journey_time.json,root,ddd_trajectory_root_cg,result_document,five_station_circle_cw_full_skip_no_wait_headway_b_v0,19,no_wait_exact_root_column_generation,journey_time,iteration_limit,,,,1200.0,300.0,,,,,,,,,,,,,0.5155034677300641,trajectory root column-generation iteration limit exhausted,2026-08-18T18:04:13.468119+00:00,,False,1881313.450328,best_upper_bound,911489.8427967044,certified_lower_bound,37.90670720790513,total_seconds,,,,,,reported_objective_verify_domain,sum_iteration_seconds_excludes_unassigned_overhead,2,reported_objective_units,1881313.450328,18.584262749995105,257719.54368518828,,37.668631833978,37.668631833978,1881313.450328,911489.8427967044,0,1881313.450328,257719.54368518828,,,,,,,,,,,,,,,,,,,,
benchmarks/output/ddd_trajectory_root_cg/reservoir_k19_pr1_pr2_final/five_station_circle_cw_full_skip_no_wait_headway_b_v0__reservoir_k19_w300__journey_time.json,root,ddd_trajectory_root_cg,result_document,five_station_circle_cw_full_skip_no_wait_headway_b_v0,19,no_wait_exact_root_column_generation,journey_time,iteration_limit,,,,1200.0,300.0,,,,,,,,,,,,,0.8630108429617319,trajectory root column-generation iteration limit exhausted,2026-08-18T18:02:45.574949+00:00,,False,1881313.450328,best_upper_bound,257719.54368518828,certified_lower_bound,18.80743699998129,total_seconds,,,,,,reported_objective_verify_domain,sum_iteration_seconds_excludes_unassigned_overhead,1,reported_objective_units,1881313.450328,18.611524207983166,257719.54368518828,,,18.611524207983166,1881313.450328,257719.54368518828,0,,,,,,,,,,,,,,,,,,,,,,
benchmarks/output/ddd_trajectory_root_cg/reservoir_k19_pr1_pr2_v2/five_station_circle_cw_full_skip_no_wait_headway_b_v0__reservoir_k19_w300__journey_time.json,root,ddd_trajectory_root_cg,result_document,five_station_circle_cw_full_skip_no_wait_headway_b_v0,19,no_wait_exact_root_column_generation,journey_time,iteration_limit,,,,1200.0,300.0,,,,,,,,,,,,,0.4594658823684153,trajectory root column-generation iteration limit exhausted,2026-08-18T17:57:05.222591+00:00,,False,1881313.450328,best_upper_bound,1016914.1058614776,certified_lower_bound,11.146726583945565,total_seconds,,,,,,reported_objective_verify_domain,sum_iteration_seconds_excludes_unassigned_overhead,1,reported_objective_units,1881313.450328,10.954237167024985,1016914.1058614776,,,10.954237167024985,1881313.450328,1016914.1058614776,0,,,,,,,,,,,,,,,,,,,,,,
benchmarks/output/ddd_trajectory_root_cg/reservoir_k19_pr1_pr2_v3/five_station_circle_cw_full_skip_no_wait_headway_b_v0__reservoir_k19_w300__journey_time.json,root,ddd_trajectory_root_cg,result_document,five_station_circle_cw_full_skip_no_wait_headway_b_v0,19,no_wait_exact_root_column_generation,journey_time,iteration_limit,,,,1200.0,300.0,,,,,,,,,,,,,0.4594658823684153,trajectory root column-generation iteration limit exhausted,2026-08-18T17:58:07.976260+00:00,,False,1881313.450328,best_upper_bound,1016914.1058614776,certified_lower_bound,11.165445125079714,total_seconds,,,,,,reported_objective_verify_domain,sum_iteration_seconds_excludes_unassigned_overhead,1,reported_objective_units,1881313.450328,10.970959082944319,1016914.1058614776,,,10.970959082944319,1881313.450328,1016914.1058614776,0,,,,,,,,,,,,,,,,,,,,,,
benchmarks/output/ddd_trajectory_root_cg/reservoir_k19_smoke/five_station_circle_cw_full_skip_no_wait_headway_b_v0__reservoir_k19_w300__journey_time.json,root,ddd_trajectory_root_cg,result_document,five_station_circle_cw_full_skip_no_wait_headway_b_v0,19,no_wait_exact_root_column_generation,journey_time,unknown,,,,1200.0,300.0,,,,,,,,,,,,,0.40560575892025164,pricing was not certified and produced no improving incumbent column,2026-08-18T16:54:12.733887+00:00,,False,1881313.4503280001,best_upper_bound,1118241.8805408345,certified_lower_bound,21.871187415905297,total_seconds,,,,,,reported_objective_verify_domain,sum_iteration_seconds_excludes_unassigned_overhead,2,reported_objective_units,1881313.4503280001,10.535192875075154,1016741.2387362455,,21.63641291600652,21.63641291600652,1881313.4503280001,1118241.8805408345,0,,,,,,,,,,,,,,,,,,,,,,
benchmarks/output/ddd_trajectory_root_cg/reservoir_k20_hybrid_10m/five_station_circle_cw_full_skip_no_wait_headway_b_v0__reservoir_k20_w300__journey_time.json,root,ddd_trajectory_root_cg,result_document,five_station_circle_cw_full_skip_no_wait_headway_b_v0,20,no_wait_exact_root_column_generation,journey_time,time_limit,,,,1200.0,300.0,,600.0,,,,,,,,,,,0.10834624463775161,trajectory root column-generation total time limit reached between completed rounds,2026-08-18T19:05:36.439462+00:00,,False,1843075.632128001,best_upper_bound,1643385.3088035819,certified_lower_bound,602.9618260409916,total_seconds,,,,,,reported_objective_verify_domain,sum_iteration_seconds_excludes_unassigned_overhead,24,reported_objective_units,1843122.177512001,18.966877207974903,198110.3050377129,38.20950462401379,599.5379756640177,599.5379756640177,1843075.632128001,1643385.3088035819,1,1843122.177512001,198110.3050377129,1843075.632128001,1316994.065394042,1843075.632128001,1316994.065394042,1843075.632128001,1316994.065394042,,,1843075.632128001,1643385.3088035819,,,,,,,,,,
benchmarks/output/ddd_trajectory_root_cg/reservoir_k21_hybrid_10m/five_station_circle_cw_full_skip_no_wait_headway_b_v0__reservoir_k21_w300__journey_time.json,root,ddd_trajectory_root_cg,result_document,five_station_circle_cw_full_skip_no_wait_headway_b_v0,21,no_wait_exact_root_column_generation,journey_time,time_limit,,,,1200.0,300.0,,600.0,,,,,,,,,,,0.05347467333355276,trajectory root column-generation total time limit reached between completed rounds,2026-08-18T19:58:51.147647+00:00,,False,1805621.0865200008,best_upper_bound,1709066.0887541692,certified_lower_bound,612.4011709999759,total_seconds,,,,,,reported_objective_verify_domain,sum_iteration_seconds_excludes_unassigned_overhead,26,reported_objective_units,1806260.3592400006,19.075023084064014,113206.26437448291,490.49414295936003,334.33723066723906,609.3511537513696,1805621.0865200008,1709066.0887541692,1,1806260.3592400006,113206.26437448291,1806260.3592400006,794956.5317949605,1806260.3592400006,859533.3333620395,1806260.3592400006,1611964.2403276542,,,1805621.0865200008,1709066.0887541692,,,,,,,,,,
benchmarks/output/ddd_trajectory_root_cg/smoke/three_station_exhaustive_trajectory_bound_v0__journey_time.json,root,ddd_trajectory_root_cg,result_document,three_station_exhaustive_trajectory_bound_v0,3,fixed_starts_no_wait_exact_root_column_generation,journey_time,optimal_root_lp,,,,250.0,,,,,,,,,,,,,,0.0,,2026-08-15T10:54:21.415545+00:00,,True,860821.818136,best_upper_bound,860821.818136,certified_lower_bound,0.15942379203625023,total_seconds,,,,,,reported_objective_verify_domain,sum_iteration_seconds_excludes_unassigned_overhead,2,reported_objective_units,860821.818136,0.07747229188680649,854207.418112,,0.15877629187889397,0.15877629187889397,860821.818136,860821.818136,0,,,,,,,,,,,,,,,,,,,,,,
benchmarks/output/ddd_trajectory_slot_probe/five_station_circle_cw_half_skip_no_wait_v0.json,root,ddd_trajectory_slot_probe,result_document,five_station_circle_cw_half_skip_no_wait_v0,19,,journey_time,feasible_with_gap,,,,1200.0,,,,,,,,,,0.004902375003439374,24.762189209010103,,,,,2026-08-06T18:59:25.781550+00:00,,,689333.8926880001,global_upper_bound,0.0,global_lower_bound,24.762189209010103,solve_seconds,,,,,,reported_objective_verify_domain,sum_iteration_seconds_excludes_unassigned_overhead,1,reported_objective_units,689333.8926880001,24.761161333008204,0.0,,,24.761161333008204,689333.8926880001,0.0,0,,,,,,,,,,,,,,,,,,,,,,
benchmarks/output/ddd_waiting_canonical_k20_exact_control/five_station_circle_cw_half_skip_no_wait_headway_b_v0_arc_flow_labeled_skip_stop_k20_wait_0h/result.json,root,ddd_waiting_canonical_k20_exact_control,result_document,five_station_circle_cw_half_skip_no_wait_headway_b_v0,20,labeled,journey_time,integer_optimal,16fcc794aff9bc7cf92131c56834aba7f235f2c3ada27d7ab96e0c8edf81f904,canonical_rope,skip_stop,,,feasible,,,282361,21665,159480,8.81001904211007,0.8330925409682095,0.0326323751360178,4.3325946249533445,,,2.1721905109038154e-16,,,,,535935.1366400002,validated_upper_bound,535935.13664,certified_lower_bound,23.495816125068814,total_seconds,"{""domain"": ""no_wait"", ""maximum_wait_seconds_by_station_id"": {}, ""reference_headway_seconds_by_station_id"": {""A"": 4.6200690686765515, ""B"": 4.6200690686765515, ""C"": 4.6200690686765515, ""D"": 4.6200690686765515, ""E"": 4.6200690686765515}, ""step_seconds"": null}",,,,,reported_objective_verify_domain,,0,reported_objective_units,,,,,,,,,,,,,,,,,,,,,,,,,,,,,,,
benchmarks/output/ddd_waiting_cascade_k20_15m/five_station_circle_cw_half_skip_no_wait_headway_b_v0__k20__skip_stop__wait_0h.json,root,ddd_waiting_cascade_k20_15m,result_document,five_station_circle_cw_half_skip_no_wait_headway_b_v0,20,,journey_time,running,,,,1200.0,,,900.0,,,,,,,0.03273354202974588,153.36658558400813,,,,,2026-08-26T15:38:45.525587+00:00,,,664764.2265600002,global_upper_bound,405543.09120000014,global_lower_bound,153.36658558400813,solve_seconds,,,,,,reported_objective_verify_domain,sum_iteration_seconds_excludes_unassigned_overhead,43,reported_objective_units,664764.2265600002,2.61082041694317,402823.0911999992,,61.16929824813269,149.55291349894833,664764.2265600002,405543.0911999997,0,664764.2265600002,403911.0911999992,664764.2265600002,404999.0911999997,664764.2265600002,405543.09120000014,,,,,,,,,,,,,,,,
benchmarks/output/ddd_waiting_cascade_k20_15m_exact_seed/five_station_circle_cw_half_skip_no_wait_headway_b_v0__k20__skip_stop__wait_0p5h.json,root,ddd_waiting_cascade_k20_15m_exact_seed,result_document,five_station_circle_cw_half_skip_no_wait_headway_b_v0,20,anonymous_passenger_master,journey_time,refinement_stalled,,canonical_rope,skip_stop,1200.0,,,900.0,,,,,,,0.036093957955017686,99.27454641694203,,,,,2026-08-26T16:08:35.407768+00:00,,,535935.1366400003,global_upper_bound,403690.86963999923,global_lower_bound,99.27454641694203,solve_seconds,"{""domain"": ""bounded_wait"", ""earliest_wait_time_seconds"": 0.0, ""maximum_wait_seconds_by_station_id"": [[""A"", 3.0], [""B"", 3.0], [""C"", 3.0], [""D"", 3.0], [""E"", 3.0]], ""step_seconds"": 1.0}",,,,,reported_objective_verify_domain,sum_iteration_seconds_excludes_unassigned_overhead,10,reported_objective_units,535935.1366400003,5.452134041115642,402823.0911999992,,94.14685849985108,94.14685849985108,535935.1366400003,403690.86963999923,0,535935.1366400003,403367.0911999992,535935.1366400003,403367.0911999992,,,,,,,,,,,,,,,,,,
benchmarks/output/ddd_waiting_cascade_k20_15m_exact_seed/five_station_circle_cw_half_skip_no_wait_headway_b_v0__k20__skip_stop__wait_1h.json,root,ddd_waiting_cascade_k20_15m_exact_seed,result_document,five_station_circle_cw_half_skip_no_wait_headway_b_v0,20,anonymous_passenger_master,journey_time,refinement_stalled,,canonical_rope,skip_stop,1200.0,,,900.0,,,,,,,0.03628691681660712,62.001688125077635,,,,,2026-08-26T16:09:38.190478+00:00,,,535935.1366400003,global_upper_bound,402913.62075199885,global_lower_bound,62.001688125077635,solve_seconds,"{""domain"": ""bounded_wait"", ""earliest_wait_time_seconds"": 0.0, ""maximum_wait_seconds_by_station_id"": [[""A"", 5.0], [""B"", 5.0], [""C"", 5.0], [""D"", 5.0], [""E"", 5.0]], ""step_seconds"": 1.0}",,,,,reported_objective_verify_domain,sum_iteration_seconds_excludes_unassigned_overhead,6,reported_objective_units,535935.1366400003,5.457670792005956,402823.0911999992,,43.963071000762284,56.66429616790265,535935.1366400003,402913.62075199885,0,535935.1366400003,402823.0911999992,,,,,,,,,,,,,,,,,,,,
benchmarks/output/ddd_waiting_cascade_k20_15m_exact_seed/five_station_circle_cw_half_skip_no_wait_headway_b_v0__k20__skip_stop__wait_2h.json,root,ddd_waiting_cascade_k20_15m_exact_seed,result_document,five_station_circle_cw_half_skip_no_wait_headway_b_v0,20,anonymous_passenger_master,journey_time,refinement_stalled,,canonical_rope,skip_stop,1200.0,,,900.0,,,,,,,0.03648975002579391,46.821892000036314,,,,,2026-08-26T16:10:25.766544+00:00,,,535935.1366400003,global_upper_bound,402941.984399999,global_lower_bound,46.821892000036314,solve_seconds,"{""domain"": ""bounded_wait"", ""earliest_wait_time_seconds"": 0.0, ""maximum_wait_seconds_by_station_id"": [[""A"", 10.0], [""B"", 10.0], [""C"", 10.0], [""D"", 10.0], [""E"", 10.0]], ""step_seconds"": 1.0}",,,,,reported_objective_verify_domain,sum_iteration_seconds_excludes_unassigned_overhead,5,reported_objective_units,535935.1366400003,4.557776540983468,402823.0911999992,,42.474454291164875,42.474454291164875,535935.1366400003,402941.984399999,0,535935.1366400003,402823.0911999992,,,,,,,,,,,,,,,,,,,,
benchmarks/output/ddd_waiting_cascade_k20_15m_exact_seed/five_station_circle_cw_half_skip_no_wait_headway_b_v0__k20__skip_stop__wait_5h.json,root,ddd_waiting_cascade_k20_15m_exact_seed,result_document,five_station_circle_cw_half_skip_no_wait_headway_b_v0,20,anonymous_passenger_master,journey_time,refinement_stalled,,canonical_rope,skip_stop,1200.0,,,900.0,,,,,,,0.03623487497679889,40.20952258305624,,,,,2026-08-26T16:11:06.761807+00:00,,,535935.1366400003,global_upper_bound,402877.2571039989,global_lower_bound,40.20952258305624,solve_seconds,"{""domain"": ""bounded_wait"", ""earliest_wait_time_seconds"": 0.0, ""maximum_wait_seconds_by_station_id"": [[""A"", 24.0], [""B"", 24.0], [""C"", 24.0], [""D"", 24.0], [""E"", 24.0]], ""step_seconds"": 1.0}",,,,,reported_objective_verify_domain,sum_iteration_seconds_excludes_unassigned_overhead,4,reported_objective_units,535935.1366400003,4.8429291669745,402823.0911999992,,35.57295895926654,35.57295895926654,535935.1366400003,402877.2571039989,0,535935.1366400003,402823.0911999992,,,,,,,,,,,,,,,,,,,,
benchmarks/output/ddd_waiting_cascade_k20_15m_seeded/five_station_circle_cw_half_skip_no_wait_headway_b_v0__k20__skip_stop__wait_0h.json,root,ddd_waiting_cascade_k20_15m_seeded,result_document,five_station_circle_cw_half_skip_no_wait_headway_b_v0,20,anonymous_passenger_master,journey_time,feasible_with_gap,,canonical_rope,skip_stop,1200.0,,,900.0,,,,,,,0.03367341693956405,509.85154879197944,,,,,2026-08-26T15:47:34.462653+00:00,,,660412.2004640001,global_upper_bound,405543.09120000014,global_lower_bound,509.85154879197944,solve_seconds,"{""domain"": ""no_wait"", ""earliest_wait_time_seconds"": 0.0, ""maximum_wait_seconds_by_station_id"": [], ""step_seconds"": null}",,,,,reported_objective_verify_domain,sum_iteration_seconds_excludes_unassigned_overhead,100,reported_objective_units,660412.2004640001,2.539877124945633,402823.0911999992,,61.74320512684062,505.2922486203024,660412.2004640001,405543.0911999997,0,660412.2004640001,403911.0911999992,660412.2004640001,404999.0911999997,660412.2004640001,405543.09120000014,660412.2004640001,405543.09120000014,,,,,,,,,,,,,,
benchmarks/output/ddd_waiting_cascade_k20_15m_seeded/five_station_circle_cw_half_skip_no_wait_headway_b_v0__k20__skip_stop__wait_0p5h.json,root,ddd_waiting_cascade_k20_15m_seeded,result_document,five_station_circle_cw_half_skip_no_wait_headway_b_v0,20,anonymous_passenger_master,journey_time,refinement_stalled,,canonical_rope,skip_stop,1200.0,,,900.0,,,,,,,0.035501624923199415,259.13648575008847,,,,,2026-08-26T15:51:54.532140+00:00,,,660412.2004640001,global_upper_bound,403675.3389679992,global_lower_bound,259.13648575008847,solve_seconds,"{""domain"": ""bounded_wait"", ""earliest_wait_time_seconds"": 0.0, ""maximum_wait_seconds_by_station_id"": [[""A"", 3.0], [""B"", 3.0], [""C"", 3.0], [""D"", 3.0], [""E"", 3.0]], ""step_seconds"": 1.0}",,,,,reported_objective_verify_domain,sum_iteration_seconds_excludes_unassigned_overhead,18,reported_objective_units,660412.2004640001,5.400046999915503,402823.0911999992,,208.81941170978826,253.89463895978406,660412.2004640001,403675.33896799874,0,660412.2004640001,403367.09119999944,660412.2004640001,403367.09119999944,660412.2004640001,403390.7116639989,,,,,,,,,,,,,,,,
benchmarks/output/ddd_waiting_cascade_k20_15m_seeded/five_station_circle_cw_half_skip_no_wait_headway_b_v0__k20__skip_stop__wait_1h.json,root,ddd_waiting_cascade_k20_15m_seeded,result_document,five_station_circle_cw_half_skip_no_wait_headway_b_v0,20,anonymous_passenger_master,journey_time,refinement_stalled,,canonical_rope,skip_stop,1200.0,,,900.0,,,,,,,0.03450970794074237,76.31889174995013,,,,,2026-08-26T15:53:11.759920+00:00,,,660412.2004640001,global_upper_bound,403855.05937599926,global_lower_bound,76.31889174995013,solve_seconds,"{""domain"": ""bounded_wait"", ""earliest_wait_time_seconds"": 0.0, ""maximum_wait_seconds_by_station_id"": [[""A"", 5.0], [""B"", 5.0], [""C"", 5.0], [""D"", 5.0], [""E"", 5.0]], ""step_seconds"": 1.0}",,,,,reported_objective_verify_domain,sum_iteration_seconds_excludes_unassigned_overhead,9,reported_objective_units,660412.2004640001,5.4081904160557315,402823.0911999992,,70.80781795585062,70.80781795585062,660412.2004640001,403855.05937599926,0,660412.2004640001,403367.09119999944,660412.2004640001,403504.7196079993,,,,,,,,,,,,,,,,,,
benchmarks/output/ddd_waiting_cascade_k20_15m_seeded/five_station_circle_cw_half_skip_no_wait_headway_b_v0__k20__skip_stop__wait_2h.json,root,ddd_waiting_cascade_k20_15m_seeded,result_document,five_station_circle_cw_half_skip_no_wait_headway_b_v0,20,anonymous_passenger_master,journey_time,refinement_stalled,,canonical_rope,skip_stop,1200.0,,,900.0,,,,,,,0.03674558305647224,50.54224866593722,,,,,2026-08-26T15:54:03.230775+00:00,,,660412.2004640001,global_upper_bound,403567.05942399846,global_lower_bound,50.54224866593722,solve_seconds,"{""domain"": ""bounded_wait"", ""earliest_wait_time_seconds"": 0.0, ""maximum_wait_seconds_by_station_id"": [[""A"", 10.0], [""B"", 10.0], [""C"", 10.0], [""D"", 10.0], [""E"", 10.0]], ""step_seconds"": 1.0}",,,,,reported_objective_verify_domain,sum_iteration_seconds_excludes_unassigned_overhead,6,reported_objective_units,660412.2004640001,4.4462765409844,402823.0911999992,,45.14190866483841,45.14190866483841,660412.2004640001,403567.05942399846,0,660412.2004640001,403367.0911999992,,,,,,,,,,,,,,,,,,,,
benchmarks/output/ddd_waiting_cascade_k20_15m_seeded/five_station_circle_cw_half_skip_no_wait_headway_b_v0__k20__skip_stop__wait_5h.json,root,ddd_waiting_cascade_k20_15m_seeded,result_document,five_station_circle_cw_half_skip_no_wait_headway_b_v0,20,anonymous_passenger_master,journey_time,refinement_stalled,,canonical_rope,skip_stop,1200.0,,,900.0,,,,,,,0.03660212503746152,40.36383983306587,,,,,2026-08-26T15:54:44.458515+00:00,,,660412.2004640001,global_upper_bound,402877.2571039989,global_lower_bound,40.36383983306587,solve_seconds,"{""domain"": ""bounded_wait"", ""earliest_wait_time_seconds"": 0.0, ""maximum_wait_seconds_by_station_id"": [[""A"", 24.0], [""B"", 24.0], [""C"", 24.0], [""D"", 24.0], [""E"", 24.0]], ""step_seconds"": 1.0}",,,,,reported_objective_verify_domain,sum_iteration_seconds_excludes_unassigned_overhead,4,reported_objective_units,660412.2004640001,4.865164999850094,402823.0911999992,,35.6493765830528,35.6493765830528,660412.2004640001,402877.2571039989,0,660412.2004640001,402823.0911999992,,,,,,,,,,,,,,,,,,,,
benchmarks/output/ddd_waiting_exact_seed_smoke/five_station_circle_cw_half_skip_no_wait_headway_b_v0__k20__skip_stop__wait_0p5h.json,root,ddd_waiting_exact_seed_smoke,result_document,five_station_circle_cw_half_skip_no_wait_headway_b_v0,20,anonymous_passenger_master,journey_time,time_limit_with_certified_interval,,canonical_rope,skip_stop,1200.0,,,5.0,,,,,,,0.036102292127907276,5.021597541170195,,,,,2026-08-26T16:06:43.434581+00:00,,,535935.1366400003,global_upper_bound,402823.0911999992,global_lower_bound,5.021597541170195,solve_seconds,"{""domain"": ""bounded_wait"", ""earliest_wait_time_seconds"": 0.0, ""maximum_wait_seconds_by_station_id"": [[""A"", 3.0], [""B"", 3.0], [""C"", 3.0], [""D"", 3.0], [""E"", 3.0]], ""step_seconds"": 1.0}",,,,,reported_objective_verify_domain,,0,reported_objective_units,,,,,,,,,,,,,,,,,,,,,,,,,,,,,,,
benchmarks/output/ddd_waiting_k20_gate/five_station_b_k20_wait_0h/result.json,root,ddd_waiting_k20_gate,result_document,five_station_circle_cw_half_skip_no_wait_headway_b_v0,20,exact_anonymous,journey_time,integer_optimal,2c53481066e498cc29ec206e717911f55d1ac30296cdc5cb8ac05139b35fbd01,balanced_reference,skip_stop,,,feasible,,,207597,16250,171010,2.899792707990855,3.047206249902956,0.032747791963629425,119.04502820898779,,,6.643055602401736e-16,,,,,525730.9081600006,validated_upper_bound,525730.9081600002,certified_lower_bound,126.14797333301976,total_seconds,"{""domain"": ""no_wait"", ""maximum_wait_seconds_by_station_id"": {}, ""reference_headway_seconds_by_station_id"": {""A"": 4.6200690686765515, ""B"": 4.6200690686765515, ""C"": 4.6200690686765515, ""D"": 4.6200690686765515, ""E"": 4.6200690686765515}, ""step_seconds"": null}",,,,,reported_objective_verify_domain,,0,reported_objective_units,,,,,,,,,,,,,,,,,,,,,,,,,,,,,,,
benchmarks/output/ddd_waiting_k20_gate/five_station_b_k20_wait_0p5h_build_gate/result.json,root,ddd_waiting_k20_gate,result_document,five_station_circle_cw_half_skip_no_wait_headway_b_v0,20,exact_anonymous,journey_time,time_limit_with_certified_interval,aba6d27c5729e107906ea28f1e8983a9e848834ba69185ce17c719234afb9067,balanced_reference,skip_stop,,,feasible,,,0,0,0,0.0,17.65466562495567,0.036760916002094746,0.0,,,1.0,fixed-K arc-flow budget expired during anonymous quotienting,,,,635519.99808,validated_upper_bound,0.0,certified_lower_bound,18.718626958085224,total_seconds,"{""domain"": ""bounded_wait"", ""maximum_wait_seconds_by_station_id"": {""A"": 3.0, ""B"": 3.0, ""C"": 3.0, ""D"": 3.0, ""E"": 3.0}, ""reference_headway_seconds_by_station_id"": {""A"": 4.6200690686765515, ""B"": 4.6200690686765515, ""C"": 4.6200690686765515, ""D"": 4.6200690686765515, ""E"": 4.6200690686765515}, ""step_seconds"": 1.0}",,,,,reported_objective_verify_domain,,0,reported_objective_units,,,,,,,,,,,,,,,,,,,,,,,,,,,,,,,
benchmarks/output/ddd_waiting_k20_gate/five_station_b_k20_wait_1h_build_gate/result.json,root,ddd_waiting_k20_gate,result_document,five_station_circle_cw_half_skip_no_wait_headway_b_v0,20,exact_anonymous,journey_time,time_limit_with_certified_interval,192a57ac3c9cecae3301e38e443770320c35321a81f3333b5b8f03080d20a178,balanced_reference,skip_stop,,,feasible,,,0,0,0,0.0,17.734846833045594,0.036309750052168965,0.0,,,1.0,fixed-K arc-flow budget expired during network construction,,,,635519.99808,validated_upper_bound,0.0,certified_lower_bound,18.540525042102672,total_seconds,"{""domain"": ""bounded_wait"", ""maximum_wait_seconds_by_station_id"": {""A"": 5.0, ""B"": 5.0, ""C"": 5.0, ""D"": 5.0, ""E"": 5.0}, ""reference_headway_seconds_by_station_id"": {""A"": 4.6200690686765515, ""B"": 4.6200690686765515, ""C"": 4.6200690686765515, ""D"": 4.6200690686765515, ""E"": 4.6200690686765515}, ""step_seconds"": 1.0}",,,,,reported_objective_verify_domain,,0,reported_objective_units,,,,,,,,,,,,,,,,,,,,,,,,,,,,,,,
benchmarks/output/ddd_waiting_k20_gate/five_station_b_k20_wait_2h_build_gate/result.json,root,ddd_waiting_k20_gate,result_document,five_station_circle_cw_half_skip_no_wait_headway_b_v0,20,exact_anonymous,journey_time,time_limit_with_certified_interval,d1695e3f720a17658c66530c92a07f8155a15401c9ddf31c5b8dd227e8f87e6f,balanced_reference,skip_stop,,,feasible,,,0,0,0,0.0,17.713279124931432,0.03743008302990347,0.0,,,1.0,fixed-K arc-flow budget expired during network construction,,,,635519.99808,validated_upper_bound,0.0,certified_lower_bound,18.586146333022043,total_seconds,"{""domain"": ""bounded_wait"", ""maximum_wait_seconds_by_station_id"": {""A"": 10.0, ""B"": 10.0, ""C"": 10.0, ""D"": 10.0, ""E"": 10.0}, ""reference_headway_seconds_by_station_id"": {""A"": 4.6200690686765515, ""B"": 4.6200690686765515, ""C"": 4.6200690686765515, ""D"": 4.6200690686765515, ""E"": 4.6200690686765515}, ""step_seconds"": 1.0}",,,,,reported_objective_verify_domain,,0,reported_objective_units,,,,,,,,,,,,,,,,,,,,,,,,,,,,,,,
benchmarks/output/ddd_waiting_k20_gate/five_station_b_k20_wait_5h_build_gate/result.json,root,ddd_waiting_k20_gate,result_document,five_station_circle_cw_half_skip_no_wait_headway_b_v0,20,exact_anonymous,journey_time,time_limit_with_certified_interval,cecd5c52c93be1916f0ee07e94ace3313a6ada382a776fefa3db82ca52f2c85a,balanced_reference,skip_stop,,,feasible,,,0,0,0,0.0,17.760404041036963,0.036664332961663604,0.0,,,1.0,fixed-K arc-flow budget expired during network construction,,,,635519.99808,validated_upper_bound,0.0,certified_lower_bound,18.591817540931515,total_seconds,"{""domain"": ""bounded_wait"", ""maximum_wait_seconds_by_station_id"": {""A"": 24.0, ""B"": 24.0, ""C"": 24.0, ""D"": 24.0, ""E"": 24.0}, ""reference_headway_seconds_by_station_id"": {""A"": 4.6200690686765515, ""B"": 4.6200690686765515, ""C"": 4.6200690686765515, ""D"": 4.6200690686765515, ""E"": 4.6200690686765515}, ""step_seconds"": 1.0}",,,,,reported_objective_verify_domain,,0,reported_objective_units,,,,,,,,,,,,,,,,,,,,,,,,,,,,,,,
benchmarks/output/ddd_waiting_labeled_k20_15m_cascade/five_station_circle_cw_half_skip_no_wait_headway_b_v0_arc_flow_labeled_skip_stop_k20_wait_0p5h/result.json,root,ddd_waiting_labeled_k20_15m_cascade,result_document,five_station_circle_cw_half_skip_no_wait_headway_b_v0,20,labeled,journey_time,time_limit_with_certified_interval,f8a9e4002e3dc2ccf8c2e6af3a92ab171abbb7006ee05d885fdfdee6f36b91b2,canonical_rope,skip_stop,,,feasible,,,0,0,0,0.0,829.0095298751257,0.03389670909382403,0.0,,,1.0,fixed-K arc-flow budget expired during network construction,,,,535935.1366400003,validated_upper_bound,0.0,certified_lower_bound,841.8604469590355,total_seconds,"{""domain"": ""bounded_wait"", ""maximum_wait_seconds_by_station_id"": {""A"": 3.0, ""B"": 3.0, ""C"": 3.0, ""D"": 3.0, ""E"": 3.0}, ""reference_headway_seconds_by_station_id"": {""A"": 4.6200690686765515, ""B"": 4.6200690686765515, ""C"": 4.6200690686765515, ""D"": 4.6200690686765515, ""E"": 4.6200690686765515}, ""step_seconds"": 1.0}",,,,,reported_objective_verify_domain,,0,reported_objective_units,,,,,,,,,,,,,,,,,,,,,,,,,,,,,,,
benchmarks/output/ddd_waiting_labeled_seed_smoke/five_station_circle_cw_half_skip_no_wait_headway_b_v0_arc_flow_labeled_skip_stop_k20_wait_0p5h/result.json,root,ddd_waiting_labeled_seed_smoke,result_document,five_station_circle_cw_half_skip_no_wait_headway_b_v0,20,labeled,journey_time,time_limit_with_certified_interval,f8a9e4002e3dc2ccf8c2e6af3a92ab171abbb7006ee05d885fdfdee6f36b91b2,canonical_rope,skip_stop,,,feasible,,,0,0,0,0.0,42.80110775004141,0.033375625032931566,0.0,,,1.0,fixed-K arc-flow budget expired during network construction,,,,535935.1366400003,validated_upper_bound,0.0,certified_lower_bound,55.988679541042075,total_seconds,"{""domain"": ""bounded_wait"", ""maximum_wait_seconds_by_station_id"": {""A"": 3.0, ""B"": 3.0, ""C"": 3.0, ""D"": 3.0, ""E"": 3.0}, ""reference_headway_seconds_by_station_id"": {""A"": 4.6200690686765515, ""B"": 4.6200690686765515, ""C"": 4.6200690686765515, ""D"": 4.6200690686765515, ""E"": 4.6200690686765515}, ""step_seconds"": 1.0}",,,,,reported_objective_verify_domain,,0,reported_objective_units,,,,,,,,,,,,,,,,,,,,,,,,,,,,,,,
benchmarks/output/ddd_waiting_no_wait_k20_true_15m/five_station_circle_cw_half_skip_no_wait_headway_b_v0__k20__skip_stop__wait_0h.json,root,ddd_waiting_no_wait_k20_true_15m,result_document,five_station_circle_cw_half_skip_no_wait_headway_b_v0,20,,journey_time,running,,,,1200.0,,,900.0,,,,,,,0.03303087502717972,450.40524695813656,,,,,2026-08-26T16:03:15.474163+00:00,,,660412.2004640001,global_upper_bound,405543.09120000014,global_lower_bound,450.40524695813656,solve_seconds,,,,,,reported_objective_verify_domain,sum_iteration_seconds_excludes_unassigned_overhead,88,reported_objective_units,660412.2004640001,2.6166227909270674,402823.0911999992,,61.197471460094675,445.9184516267851,660412.2004640001,405543.0911999997,0,660412.2004640001,403911.0911999992,660412.2004640001,404999.0911999997,660412.2004640001,405543.09120000014,660412.2004640001,405543.09120000014,,,,,,,,,,,,,,
benchmarks/output/ddd_waiting_seed_smoke/five_station_circle_cw_half_skip_no_wait_headway_b_v0__k20__skip_stop__wait_0h.json,root,ddd_waiting_seed_smoke,result_document,five_station_circle_cw_half_skip_no_wait_headway_b_v0,20,anonymous_passenger_master,journey_time,time_limit_with_certified_interval,,canonical_rope,skip_stop,1200.0,,,10.0,,,,,,,0.032885707914829254,10.013940959004685,,,,,2026-08-26T15:35:44.007963+00:00,,,660412.2004640001,global_upper_bound,402823.0911999992,global_lower_bound,10.013940959004685,solve_seconds,"{""domain"": ""no_wait"", ""earliest_wait_time_seconds"": 0.0, ""maximum_wait_seconds_by_station_id"": [], ""step_seconds"": null}",,,,,reported_objective_verify_domain,sum_iteration_seconds_excludes_unassigned_overhead,2,reported_objective_units,660412.2004640001,2.5076260418863967,402823.0911999992,,,5.08989291684702,660412.2004640001,402823.0911999992,0,,,,,,,,,,,,,,,,,,,,,,
benchmarks/output/ddd_waiting_seed_smoke/five_station_circle_cw_half_skip_no_wait_headway_b_v0__k20__skip_stop__wait_0p5h.json,root,ddd_waiting_seed_smoke,result_document,five_station_circle_cw_half_skip_no_wait_headway_b_v0,20,anonymous_passenger_master,journey_time,time_limit_with_certified_interval,,canonical_rope,skip_stop,1200.0,,,5.0,,,,,,,0.03572316700592637,5.016690040938556,,,,,2026-08-26T15:35:49.880706+00:00,,,660412.2004640001,global_upper_bound,402823.0911999992,global_lower_bound,5.016690040938556,solve_seconds,"{""domain"": ""bounded_wait"", ""earliest_wait_time_seconds"": 0.0, ""maximum_wait_seconds_by_station_id"": [[""A"", 3.0], [""B"", 3.0], [""C"", 3.0], [""D"", 3.0], [""E"", 3.0]], ""step_seconds"": 1.0}",,,,,reported_objective_verify_domain,,0,reported_objective_units,,,,,,,,,,,,,,,,,,,,,,,,,,,,,,,
benchmarks/output/ddd_waiting_smoke/five_station_circle_cw_half_skip_no_wait_headway_b_v0_arc_flow_exact_anonymous_skip_stop_k1_wait_0p5h/result.json,root,ddd_waiting_smoke,result_document,five_station_circle_cw_half_skip_no_wait_headway_b_v0,1,exact_anonymous,journey_time,time_limit_with_certified_interval,9c2ee8d975f92899e37920ce2fd52cc57bae9df2a4433e5870cfb992cc8a17e7,balanced_reference,skip_stop,,,feasible,,,466273,44785,626887,9.321830707951449,12.709414707962424,0.0074765419121831656,5.139155125012621,,,1.0,,,,,1434831.9996159999,validated_upper_bound,0.0,certified_lower_bound,27.231389624997973,total_seconds,"{""domain"": ""bounded_wait"", ""maximum_wait_seconds_by_station_id"": {""A"": 3.0, ""B"": 3.0, ""C"": 3.0, ""D"": 3.0, ""E"": 3.0}, ""reference_headway_seconds_by_station_id"": {""A"": 4.6200690686765515, ""B"": 4.6200690686765515, ""C"": 4.6200690686765515, ""D"": 4.6200690686765515, ""E"": 4.6200690686765515}, ""step_seconds"": 1.0}",,,,,reported_objective_verify_domain,,0,reported_objective_units,,,,,,,,,,,,,,,,,,,,,,,,,,,,,,,
benchmarks/output/ean_build_baselines/five_station_optimized_initial_placement_all_stop_skip_wait_v0/ean_model_build_profile.json,root,ean_build_baselines,result_document,five_station_optimized_initial_placement_all_stop_skip_wait_v0,,,journey_time,build_only,,,,,,,,,,,,,,,,,,,,,,,,,,,,,,,,,,lexicographic_unserved_then_served_time_then_fleet,,0,multiobjective_phase_not_identified,,,,,,,,,,,,,,,,,,,,,,,,,,,,,,,
benchmarks/output/ean_merge_sequence/final_gate_10_adversarial.json,root.results.0,ean_merge_sequence,diagnostic_case,,,pairwise_fifo,1291.5,optimal,,,,,,,,120,218,,,,,,0.8207914580125362,,,,,,,,1291.5,objective,1291.5,best_bound,0.8207914580125362,solve_seconds,,,,,,reported_objective_verify_domain,,0,reported_objective_units,,,,,,,,,,,,,,,,,,,,,,,,,,,,,,,
benchmarks/output/ean_merge_sequence/final_gate_10_adversarial.json,root.results.1,ean_merge_sequence,diagnostic_case,,,lattice,1291.4999985511822,optimal,,,,,,,,240,339,,,,,,2.0508716248441488,,,,,,,,1291.4999985511822,objective,1291.4999985511822,best_bound,2.0508716248441488,solve_seconds,,,,,,reported_objective_verify_domain,,0,reported_objective_units,,,,,,,,,,,,,,,,,,,,,,,,,,,,,,,
benchmarks/output/ean_merge_sequence/final_gate_10_adversarial.json,root.results.2,ean_merge_sequence,diagnostic_case,,,slots,1291.5,optimal,,,,,,,,440,477,,,,,,4.695210916921496,,,,,,,,1291.5,objective,1291.4999999999918,best_bound,4.695210916921496,solve_seconds,,,,,,reported_objective_verify_domain,,0,reported_objective_units,,,,,,,,,,,,,,,,,,,,,,,,,,,,,,,
benchmarks/output/ean_merge_sequence/gate_10.json,root.results.0,ean_merge_sequence,diagnostic_case,,,pairwise_fifo,1291.5,optimal,,,,,,,,120,218,,,,,,0.6770820419769734,,,,,,,,1291.5,objective,1291.5,best_bound,0.6770820419769734,solve_seconds,,,,,,reported_objective_verify_domain,,0,reported_objective_units,,,,,,,,,,,,,,,,,,,,,,,,,,,,,,,
benchmarks/output/ean_merge_sequence/gate_10.json,root.results.1,ean_merge_sequence,diagnostic_case,,,lattice,1291.5,optimal,,,,,,,,240,339,,,,,,2.085942375008017,,,,,,,,1291.5,objective,1291.5,best_bound,2.085942375008017,solve_seconds,,,,,,reported_objective_verify_domain,,0,reported_objective_units,,,,,,,,,,,,,,,,,,,,,,,,,,,,,,,
benchmarks/output/ean_merge_sequence/gate_10.json,root.results.2,ean_merge_sequence,diagnostic_case,,,slots,1291.5,optimal,,,,,,,,440,477,,,,,,4.519979999866337,,,,,,,,1291.5,objective,1291.4999999999918,best_bound,4.519979999866337,solve_seconds,,,,,,reported_objective_verify_domain,,0,reported_objective_units,,,,,,,,,,,,,,,,,,,,,,,,,,,,,,,
benchmarks/output/ean_merge_sequence/gate_10.json,root.results.3,ean_merge_sequence,diagnostic_case,,,cp_sat,1291.5,feasible,,,,,,,,40,20,,,,,,30.011029249988496,,,,,,,,1291.5,objective,297.164,best_bound,30.011029249988496,solve_seconds,,,,,,reported_objective_verify_domain,,0,reported_objective_units,,,,,,,,,,,,,,,,,,,,,,,,,,,,,,,
benchmarks/output/ean_merge_sequence/gate_20.json,root.results.0,ean_merge_sequence,diagnostic_case,,,pairwise_fifo,4833.0,feasible,,,,,,,,440,838,,,,,,59.99323383392766,,,,,,,,4833.0,objective,2525.193660595849,best_bound,59.99323383392766,solve_seconds,,,,,,reported_objective_verify_domain,,0,reported_objective_units,,,,,,,,,,,,,,,,,,,,,,,,,,,,,,,
benchmarks/output/ean_merge_sequence/gate_20.json,root.results.1,ean_merge_sequence,diagnostic_case,,,lattice,4833.0,feasible,,,,,,,,880,1279,,,,,,59.99969962495379,,,,,,,,4833.0,objective,2007.1376195775358,best_bound,59.99969962495379,solve_seconds,,,,,,reported_objective_verify_domain,,0,reported_objective_units,,,,,,,,,,,,,,,,,,,,,,,,,,,,,,,
benchmarks/output/ean_merge_sequence/gate_20.json,root.results.2,ean_merge_sequence,diagnostic_case,,,slots,4833.0,feasible,,,,,,,,1680,1757,,,,,,60.00033062486909,,,,,,,,4833.0,objective,2445.5238464051677,best_bound,60.00033062486909,solve_seconds,,,,,,reported_objective_verify_domain,,0,reported_objective_units,,,,,,,,,,,,,,,,,,,,,,,,,,,,,,,
benchmarks/output/fixed_k_model_bakeoff/five_station_b_no_wait_model_bakeoff_k20_k39_30m/campaign.json,root,fixed_k_model_bakeoff,result_document,five_station_circle_cw_half_skip_no_wait_headway_b_v0,,fixed_k_model_bakeoff,journey_time,interrupted,,,skip_stop,,,,,,,,,,,,,,,,superseded by v2 with solver-phase heartbeats,,,,,,,,,,no_wait,,,,,reported_objective_verify_domain,,0,reported_objective_units,,,,,,,,,,,,,,,,,,,,,,,,,,,,,,,
benchmarks/output/fixed_k_model_bakeoff/five_station_b_no_wait_model_bakeoff_k20_k39_30m/ean_pairwise_shared/k20/result.json,root,fixed_k_model_bakeoff,result_document,,20,ean_pairwise_shared,,interrupted,2c53481066e498cc29ec206e717911f55d1ac30296cdc5cb8ac05139b35fbd01,,,,,,,63960,278295,22980,,4.560952540952712,,,132.98855590820312,0,0,,,,,,,,446187.6311107552,certified_lower_bound,138.5794630839955,total_seconds,,,,0,,reported_objective_verify_domain,solver_runtime,4,reported_objective_units,,,-1.0583818266240996e-09,,126.57601380348206,132.98855590820312,,446187.63111075404,0,,-1.0583818266240996e-09,,-1.0583818266240996e-09,,-1.0583818266240996e-09,,,,,,,,,,,,,,,,
benchmarks/output/fixed_k_model_bakeoff/five_station_b_no_wait_model_bakeoff_k20_k39_30m_v2/campaign.json,root,fixed_k_model_bakeoff,result_document,five_station_circle_cw_half_skip_no_wait_headway_b_v0,,fixed_k_model_bakeoff,journey_time,interrupted,,,skip_stop,,,,,,,,,,,,,,,,superseded by v3 with valid EAN warm-start policy and phase retention,,,,,,,,,,no_wait,,,,,reported_objective_verify_domain,,0,reported_objective_units,,,,,,,,,,,,,,,,,,,,,,,,,,,,,,,
benchmarks/output/fixed_k_model_bakeoff/five_station_b_no_wait_model_bakeoff_k20_k39_30m_v2/ean_pairwise_shared/k20/result.json,root,fixed_k_model_bakeoff,result_document,,20,ean_pairwise_shared,,interrupted,2c53481066e498cc29ec206e717911f55d1ac30296cdc5cb8ac05139b35fbd01,,,,,,,63960,278295,22980,,4.348557790974155,,,109.33829092979431,0,0,,,,,,,,0.0,certified_lower_bound,114.26433933293447,total_seconds,,,,0,,reported_objective_verify_domain,solver_runtime,2,reported_objective_units,,,-1.0583818266240996e-09,,,109.33829092979431,,-1.0583818266240996e-09,0,,-1.0583818266240996e-09,,-1.0583818266240996e-09,,,,,,,,,,,,,,,,,,
benchmarks/output/fixed_k_model_bakeoff/five_station_b_no_wait_model_bakeoff_k20_k39_30m_v3/campaign.json,root,fixed_k_model_bakeoff,result_document,five_station_circle_cw_half_skip_no_wait_headway_b_v0,,fixed_k_model_bakeoff,journey_time,complete,,,skip_stop,,,,,,,,,,,,,,,,,,,,,,,,,,no_wait,,,,,reported_objective_verify_domain,,0,reported_objective_units,,,,,,,,,,,,,,,,,,,,,,,,,,,,,,,
benchmarks/output/fixed_k_model_bakeoff/five_station_b_no_wait_model_bakeoff_k20_k39_30m_v3/ddd_arc_flow_labeled/k20/bakeoff_result.json,root,fixed_k_model_bakeoff,result_document,five_station_circle_cw_half_skip_no_wait_headway_b_v0,20,ddd_arc_flow_labeled,journey_time,integer_optimal,2c53481066e498cc29ec206e717911f55d1ac30296cdc5cb8ac05139b35fbd01,balanced_reference,skip_stop,,,feasible,,,288436,21630,158925,6.911735083907843,1.8473446248099208,2.337503246963024e-05,14.538553375052288,,,0.0,,,,,525730.9081600005,validated_upper_bound,525730.9081600005,certified_lower_bound,24.619112416170537,total_seconds,"{""domain"": ""no_wait"", ""maximum_wait_seconds_by_station_id"": {}, ""reference_headway_seconds_by_station_id"": {""A"": 4.6200690686765515, ""B"": 4.6200690686765515, ""C"": 4.6200690686765515, ""D"": 4.6200690686765515, ""E"": 4.6200690686765515}, ""step_seconds"": null}",,,,,reported_objective_verify_domain,,0,reported_objective_units,,,,,,,,,,,,,,,,,,,,,,,,,,,,,,,
benchmarks/output/fixed_k_model_bakeoff/five_station_b_no_wait_model_bakeoff_k20_k39_30m_v3/ddd_arc_flow_labeled/k20/result.json,root,fixed_k_model_bakeoff,result_document,five_station_circle_cw_half_skip_no_wait_headway_b_v0,20,labeled,journey_time,integer_optimal,2c53481066e498cc29ec206e717911f55d1ac30296cdc5cb8ac05139b35fbd01,balanced_reference,skip_stop,,,feasible,,,288436,21630,158925,6.911735083907843,1.8473446248099208,2.337503246963024e-05,14.538553375052288,,,0.0,,,,,525730.9081600005,validated_upper_bound,525730.9081600005,certified_lower_bound,24.619112416170537,total_seconds,"{""domain"": ""no_wait"", ""maximum_wait_seconds_by_station_id"": {}, ""reference_headway_seconds_by_station_id"": {""A"": 4.6200690686765515, ""B"": 4.6200690686765515, ""C"": 4.6200690686765515, ""D"": 4.6200690686765515, ""E"": 4.6200690686765515}, ""step_seconds"": null}",,,,,reported_objective_verify_domain,,0,reported_objective_units,,,,,,,,,,,,,,,,,,,,,,,,,,,,,,,
benchmarks/output/fixed_k_model_bakeoff/five_station_b_no_wait_model_bakeoff_k20_k39_30m_v3/ddd_arc_flow_labeled/k39/bakeoff_result.json,root,fixed_k_model_bakeoff,result_document,five_station_circle_cw_half_skip_no_wait_headway_b_v0,39,ddd_arc_flow_labeled,journey_time,time_limit_with_certified_interval,2f82126c06273d2299ab258ca5c5d92acc9d83d829360422f8473c26521cc0f0,balanced_reference,skip_stop,,,feasible,,,556679,42471,312833,13.896617334103212,7.2544754589907825,7.1248505264520645e-06,1718.10406379099,,,0.7174103806107288,,,,,1441586.411136,validated_upper_bound,407377.3552396677,certified_lower_bound,1741.9622249999084,total_seconds,"{""domain"": ""no_wait"", ""maximum_wait_seconds_by_station_id"": {}, ""reference_headway_seconds_by_station_id"": {""A"": 4.6200690686765515, ""B"": 4.6200690686765515, ""C"": 4.6200690686765515, ""D"": 4.6200690686765515, ""E"": 4.6200690686765515}, ""step_seconds"": null}",,,,,reported_objective_verify_domain,,0,reported_objective_units,,,,,,,,,,,,,,,,,,,,,,,,,,,,,,,
benchmarks/output/fixed_k_model_bakeoff/five_station_b_no_wait_model_bakeoff_k20_k39_30m_v3/ddd_arc_flow_labeled/k39/result.json,root,fixed_k_model_bakeoff,result_document,five_station_circle_cw_half_skip_no_wait_headway_b_v0,39,labeled,journey_time,time_limit_with_certified_interval,2f82126c06273d2299ab258ca5c5d92acc9d83d829360422f8473c26521cc0f0,balanced_reference,skip_stop,,,feasible,,,556679,42471,312833,13.896617334103212,7.2544754589907825,7.1248505264520645e-06,1718.10406379099,,,0.7174103806107288,,,,,1441586.411136,validated_upper_bound,407377.3552396677,certified_lower_bound,1741.9622249999084,total_seconds,"{""domain"": ""no_wait"", ""maximum_wait_seconds_by_station_id"": {}, ""reference_headway_seconds_by_station_id"": {""A"": 4.6200690686765515, ""B"": 4.6200690686765515, ""C"": 4.6200690686765515, ""D"": 4.6200690686765515, ""E"": 4.6200690686765515}, ""step_seconds"": null}",,,,,reported_objective_verify_domain,,0,reported_objective_units,,,,,,,,,,,,,,,,,,,,,,,,,,,,,,,
benchmarks/output/fixed_k_model_bakeoff/five_station_b_no_wait_model_bakeoff_k20_k39_30m_v3/ean_pairwise_shared/k20/result.json,root,fixed_k_model_bakeoff,result_document,,20,ean_pairwise_shared,,time_limit,2c53481066e498cc29ec206e717911f55d1ac30296cdc5cb8ac05139b35fbd01,,,,,,,63960,278295,22980,,5.3086584999691695,,,1794.3844368457794,1269,11,0.2626595597268542,,,,,605612.9090909115,validated_upper_bound,446542.88902419334,certified_lower_bound,1801.4950889579486,total_seconds,,,,0,,reported_objective_verify_domain,solver_runtime,62,reported_objective_units,635520.000000002,0.1092078685760498,-1.0583818266240996e-09,1622.0095570087433,1508.4985740184784,1794.3844368457794,605612.9090909123,446542.88902419334,7,635520.000000002,-1.0583818266240996e-09,635520.000000002,-1.0583818266240996e-09,635520.000000002,-1.0583818266240996e-09,625832.7272727294,446490.5620487968,,,625832.7272727294,446490.5620487968,,,,,,,,,,
benchmarks/output/fixed_k_model_bakeoff/five_station_b_no_wait_model_bakeoff_k20_k39_30m_v3/ean_pairwise_shared/k39/result.json,root,fixed_k_model_bakeoff,result_document,,39,ean_pairwise_shared,,time_limit,2f82126c06273d2299ab258ca5c5d92acc9d83d829360422f8473c26521cc0f0,,,,,,,163759,1093843,83259,,20.57934574992396,,,1776.9514989852905,0,1280,0.7971427528970058,,,,,1536000.0,validated_upper_bound,311588.7315501992,certified_lower_bound,1802.2426790841855,total_seconds,,,,0,,reported_objective_verify_domain,solver_runtime,8,reported_objective_units,1535999.9999999986,988.8736729621887,-1937.45454545606,,1776.9514989852905,1776.9514989852905,1535999.9999999986,311588.7315501992,0,,,,,,-1937.45454545606,,-1937.45454545606,,,,-1937.45454545606,,,,,,,,,,
benchmarks/output/fixed_k_model_bakeoff/five_station_b_no_wait_model_bakeoff_k20_k39_30m_v3/summary.json,root.results.0,fixed_k_model_bakeoff,diagnostic_case,five_station_circle_cw_half_skip_no_wait_headway_b_v0,20,ean_pairwise_shared,journey_time,time_limit,2c53481066e498cc29ec206e717911f55d1ac30296cdc5cb8ac05139b35fbd01,balanced_reference,skip_stop,,,,1800.0,63960,278295,22980,,5.3086584999691695,,,1794.3844368457794,1269,11,0.2626595597268542,,,,,605612.9090909115,validated_upper_bound,446542.88902419334,certified_lower_bound,1801.4950889579486,total_seconds,,,,0,,reported_objective_verify_domain,solver_runtime,62,reported_objective_units,635520.000000002,0.1092078685760498,-1.0583818266240996e-09,1622.0095570087433,1508.4985740184784,1794.3844368457794,605612.9090909123,446542.88902419334,7,635520.000000002,-1.0583818266240996e-09,635520.000000002,-1.0583818266240996e-09,635520.000000002,-1.0583818266240996e-09,625832.7272727294,446490.5620487968,,,625832.7272727294,446490.5620487968,,,,,,,,,,
benchmarks/output/fixed_k_model_bakeoff/five_station_b_no_wait_model_bakeoff_k20_k39_30m_v3/summary.json,root.results.1,fixed_k_model_bakeoff,diagnostic_case,five_station_circle_cw_half_skip_no_wait_headway_b_v0,20,ddd_arc_flow_labeled,journey_time,integer_optimal,2c53481066e498cc29ec206e717911f55d1ac30296cdc5cb8ac05139b35fbd01,balanced_reference,skip_stop,,,feasible,1800.0,,288436,21630,158925,6.911735083907843,1.8473446248099208,2.337503246963024e-05,14.538553375052288,,,0.0,,,,,525730.9081600005,validated_upper_bound,525730.9081600005,certified_lower_bound,24.619112416170537,total_seconds,"{""domain"": ""no_wait"", ""maximum_wait_seconds_by_station_id"": {}, ""reference_headway_seconds_by_station_id"": {""A"": 4.6200690686765515, ""B"": 4.6200690686765515, ""C"": 4.6200690686765515, ""D"": 4.6200690686765515, ""E"": 4.6200690686765515}, ""step_seconds"": null}",,,,,reported_objective_verify_domain,,0,reported_objective_units,,,,,,,,,,,,,,,,,,,,,,,,,,,,,,,
benchmarks/output/fixed_k_model_bakeoff/five_station_b_no_wait_model_bakeoff_k20_k39_30m_v3/summary.json,root.results.2,fixed_k_model_bakeoff,diagnostic_case,five_station_circle_cw_half_skip_no_wait_headway_b_v0,39,ean_pairwise_shared,journey_time,time_limit,2f82126c06273d2299ab258ca5c5d92acc9d83d829360422f8473c26521cc0f0,balanced_reference,skip_stop,,,,1800.0,163759,1093843,83259,,20.57934574992396,,,1776.9514989852905,0,1280,0.7971427528970058,,,,,1536000.0,validated_upper_bound,311588.7315501992,certified_lower_bound,1802.2426790841855,total_seconds,,,,0,,reported_objective_verify_domain,solver_runtime,8,reported_objective_units,1535999.9999999986,988.8736729621887,-1937.45454545606,,1776.9514989852905,1776.9514989852905,1535999.9999999986,311588.7315501992,0,,,,,,-1937.45454545606,,-1937.45454545606,,,,-1937.45454545606,,,,,,,,,,
benchmarks/output/fixed_k_model_bakeoff/five_station_b_no_wait_model_bakeoff_k20_k39_30m_v3/summary.json,root.results.3,fixed_k_model_bakeoff,diagnostic_case,five_station_circle_cw_half_skip_no_wait_headway_b_v0,39,ddd_arc_flow_labeled,journey_time,time_limit_with_certified_interval,2f82126c06273d2299ab258ca5c5d92acc9d83d829360422f8473c26521cc0f0,balanced_reference,skip_stop,,,feasible,1800.0,,556679,42471,312833,13.896617334103212,7.2544754589907825,7.1248505264520645e-06,1718.10406379099,,,0.7174103806107288,,,,,1441586.411136,validated_upper_bound,407377.3552396677,certified_lower_bound,1741.9622249999084,total_seconds,"{""domain"": ""no_wait"", ""maximum_wait_seconds_by_station_id"": {}, ""reference_headway_seconds_by_station_id"": {""A"": 4.6200690686765515, ""B"": 4.6200690686765515, ""C"": 4.6200690686765515, ""D"": 4.6200690686765515, ""E"": 4.6200690686765515}, ""step_seconds"": null}",,,,,reported_objective_verify_domain,,0,reported_objective_units,,,,,,,,,,,,,,,,,,,,,,,,,,,,,,,
benchmarks/output/fixed_movement_passenger_20260715/20260715T164450Z__three_station_v0__journey_time__all.json,root.cases.0,fixed_movement_passenger_20260715,diagnostic_case,three_station_v0,15,half_cabins_skip_wait,journey_time,optimal,,,,,,,300.0,74734,166756,59400,,1.7958769579418004,,,11.261579036712646,2392,1088,0.05802609878813762,,2026-07-15T16:44:50+00:00,08ac095ce19110dbf02e881f53da7f9fd83efd9d,,2706574.545454545,objective_value_seconds,2549522.583502541,best_bound,11.261579036712646,runtime_seconds,,,,,,reported_objective_verify_domain,solver_runtime,4,reported_objective_units,2706574.545454545,0.052726030349731445,-2.5579538487363607e-13,,11.251564025878906,11.261579036712646,2706574.545454545,2549522.583502541,0,,,,,,,,,300.0,,,,,,,,,,,,,
benchmarks/output/fixed_movement_passenger_20260715/20260715T164450Z__three_station_v0__journey_time__all.json,root.cases.1,fixed_movement_passenger_20260715,diagnostic_case,three_station_v0,15,half_cabins_skip_wait,journey_time,optimal,,,,,,,300.0,59400,117492,59400,,1.1355798749718815,,,1.0562620162963867,,,0.0,,2026-07-15T16:44:50+00:00,08ac095ce19110dbf02e881f53da7f9fd83efd9d,,,,0.0,best_bound,1.0562620162963867,runtime_seconds,,,,,,reported_objective_verify_domain,solver_runtime,3,reported_objective_units,0.0,1.048633098602295,0.0,,,1.0562620162963867,0.0,0.0,0,,,,,,,,,300.0,,,,,,,,,,,,,
benchmarks/output/fixed_movement_passenger_20260715/20260715T164450Z__three_station_v0__journey_time__all.json,root.cases.2,fixed_movement_passenger_20260715,diagnostic_case,three_station_v0,15,half_cabins_skip_wait,journey_time,optimal,,,,,,,300.0,770,329,0,,0.10027433303184807,,,0.006823062896728516,2424,1056,0.09976817909309749,,2026-07-15T16:44:50+00:00,08ac095ce19110dbf02e881f53da7f9fd83efd9d,,2731889.4545454546,objective_value_seconds,2459333.8181818193,best_bound,0.006823062896728516,runtime_seconds,,,,,,reported_objective_verify_domain,solver_runtime,5,reported_objective_units,3393161.818181818,0.0001468658447265625,2361204.0000000005,0.006494045257568359,0.006823062896728516,0.006823062896728516,2731889.4545454555,2459333.8181818193,2,,,,,,,,,300.0,,,,,,,,,,,,,
benchmarks/output/fixed_movement_passenger_20260715/20260715T164450Z__three_station_v0__journey_time__all.json,root.cases.3,fixed_movement_passenger_20260715,diagnostic_case,three_station_v0,15,half_cabins_skip_wait,journey_time,optimal,,,,,,,300.0,770,329,0,,0.0993966250680387,,,0.003161907196044922,,,,,2026-07-15T16:44:50+00:00,08ac095ce19110dbf02e881f53da7f9fd83efd9d,,2706574.5454545454,objective_value_seconds,2706574.5454545454,best_bound,0.003161907196044922,runtime_seconds,,,,,,reported_objective_verify_domain,solver_runtime,1,reported_objective_units,2706574.5454545454,0.003161907196044922,2706574.5454545454,,,0.003161907196044922,2706574.5454545454,2706574.5454545454,0,,,,,,,,,300.0,,,,,,,,,,,,,
benchmarks/output/fixed_movement_passenger_20260715/20260715T165012Z__three_station_v0__journey_time__all.json,root.cases.0,fixed_movement_passenger_20260715,diagnostic_case,three_station_v0,15,half_cabins_skip_wait,journey_time,time_limit,,,,,,,300.0,74734,166756,59400,,1.8185450409073383,,,300.1145029067993,2429,1051,0.04476347572850994,,2026-07-15T16:50:12+00:00,08ac095ce19110dbf02e881f53da7f9fd83efd9d,,2704846.9272727002,objective_value_seconds,2583768.577494394,best_bound,300.1145029067993,runtime_seconds,,,,,,reported_objective_verify_domain,solver_runtime,59,reported_objective_units,2706574.545454545,0.056656837463378906,-2.5579538487363607e-13,295.8683798313141,95.9218099117279,300.1145029067993,2704846.9272727002,2583768.577494394,20,2706574.545454545,2566614.094524466,2705497.999999962,2578249.3436363717,2705011.0909090573,2583768.577494394,2704846.9272727002,2583768.577494394,300.0,,,,,,,,,,,,,
benchmarks/output/fixed_movement_passenger_20260715/20260715T165012Z__three_station_v0__journey_time__all.json,root.cases.1,fixed_movement_passenger_20260715,diagnostic_case,three_station_v0,15,half_cabins_skip_wait,journey_time,optimal,,,,,,,300.0,59400,117492,59400,,1.1247663330286741,,,3.088096857070923,,,0.0,,2026-07-15T16:50:12+00:00,08ac095ce19110dbf02e881f53da7f9fd83efd9d,,,,0.0,best_bound,3.088096857070923,runtime_seconds,,,,,,reported_objective_verify_domain,solver_runtime,3,reported_objective_units,0.0,3.0791690349578857,0.0,,,3.088096857070923,0.0,0.0,0,,,,,,,,,300.0,,,,,,,,,,,,,
benchmarks/output/fixed_movement_passenger_20260715/20260715T165012Z__three_station_v0__journey_time__all.json,root.cases.2,fixed_movement_passenger_20260715,diagnostic_case,three_station_v0,15,half_cabins_skip_wait,journey_time,optimal,,,,,,,300.0,737,332,0,,0.08919737488031387,,,0.004815101623535156,2424,1056,0.0,,2026-07-15T16:50:12+00:00,08ac095ce19110dbf02e881f53da7f9fd83efd9d,,2704563.199999976,objective_value_seconds,2704563.199999976,best_bound,0.004815101623535156,runtime_seconds,,,,,,reported_objective_verify_domain,solver_runtime,6,reported_objective_units,3381743.709090894,0.0001430511474609375,2025363.3454545066,0.003133058547973633,0.003133058547973633,0.004815101623535156,2704563.199999976,2704563.199999976,2,,,,,,,,,300.0,,,,,,,,,,,,,
benchmarks/output/fixed_movement_passenger_20260715/20260715T165012Z__three_station_v0__journey_time__all.json,root.cases.3,fixed_movement_passenger_20260715,diagnostic_case,three_station_v0,15,half_cabins_skip_wait,journey_time,optimal,,,,,,,300.0,737,332,0,,0.09150675009004772,,,0.0028138160705566406,,,,,2026-07-15T16:50:12+00:00,08ac095ce19110dbf02e881f53da7f9fd83efd9d,,2704563.199999976,objective_value_seconds,2704563.199999976,best_bound,0.0028138160705566406,runtime_seconds,,,,,,reported_objective_verify_domain,solver_runtime,1,reported_objective_units,2704563.199999976,0.0028138160705566406,2704563.199999976,,,0.0028138160705566406,2704563.199999976,2704563.199999976,0,,,,,,,,,300.0,,,,,,,,,,,,,
benchmarks/output/fixed_movement_passenger_20260715/20260715T165544Z__five_station_v0__journey_time__all.json,root.cases.0,fixed_movement_passenger_20260715,diagnostic_case,five_station_v0,31,half_cabins_skip_wait,journey_time,time_limit,,,,,,,300.0,252844,601181,170648,,6.200167499948293,,,300.1091740131378,2544,656,0.1762474551402126,,2026-07-15T16:55:44+00:00,08ac095ce19110dbf02e881f53da7f9fd83efd9d,,1947463.296572279,objective_value_seconds,1604227.8465724457,best_bound,300.1091740131378,runtime_seconds,,,,,,reported_objective_verify_domain,solver_runtime,5,reported_objective_units,1947463.296572279,0.19132709503173828,-6.252776074688882e-13,,286.4426999092102,300.1091740131378,1947463.296572279,1604227.8465724457,0,1947463.296572279,,1947463.296572279,-6.252776074688882e-13,1947463.296572279,-6.252776074688882e-13,1947463.296572279,1604227.8465724457,300.0,,,,,,,,,,,,,
benchmarks/output/fixed_movement_passenger_20260715/20260715T165544Z__five_station_v0__journey_time__all.json,root.cases.1,fixed_movement_passenger_20260715,diagnostic_case,five_station_v0,31,half_cabins_skip_wait,journey_time,optimal,,,,,,,300.0,170648,338298,170648,,3.3037025411613286,,,12.005859851837158,,,0.0,,2026-07-15T16:55:44+00:00,08ac095ce19110dbf02e881f53da7f9fd83efd9d,,,,0.0,best_bound,12.005859851837158,runtime_seconds,,,,,,reported_objective_verify_domain,solver_runtime,3,reported_objective_units,0.0,11.968225002288818,0.0,,,12.005859851837158,0.0,0.0,0,,,,,,,,,300.0,,,,,,,,,,,,,
benchmarks/output/fixed_movement_passenger_20260715/20260715T165544Z__five_station_v0__journey_time__all.json,root.cases.2,fixed_movement_passenger_20260715,diagnostic_case,five_station_v0,31,half_cabins_skip_wait,journey_time,optimal,,,,,,,300.0,3550,681,0,,0.3046885000076145,,,0.02025294303894043,2544,656,1.195558571315175e-16,,2026-07-15T16:55:44+00:00,08ac095ce19110dbf02e881f53da7f9fd83efd9d,,1947463.2965722803,objective_value_seconds,1947463.29657228,best_bound,0.02025294303894043,runtime_seconds,,,,,,reported_objective_verify_domain,solver_runtime,6,reported_objective_units,2837092.5186289125,0.00030493736267089844,-556458.6229508183,0.014915943145751953,0.014915943145751953,0.02025294303894043,1947463.29657228,1947463.29657228,3,,,,,,,,,300.0,,,,,,,,,,,,,
benchmarks/output/fixed_movement_passenger_20260715/20260715T165544Z__five_station_v0__journey_time__all.json,root.cases.3,fixed_movement_passenger_20260715,diagnostic_case,five_station_v0,31,half_cabins_skip_wait,journey_time,optimal,,,,,,,300.0,3550,681,0,,0.29978466709144413,,,0.008176088333129883,,,,,2026-07-15T16:55:44+00:00,08ac095ce19110dbf02e881f53da7f9fd83efd9d,,1947463.2965722799,objective_value_seconds,1947463.2965722799,best_bound,0.008176088333129883,runtime_seconds,,,,,,reported_objective_verify_domain,solver_runtime,1,reported_objective_units,1947463.2965722799,0.008176088333129883,1947463.2965722799,,,0.008176088333129883,1947463.2965722799,1947463.2965722799,0,,,,,,,,,300.0,,,,,,,,,,,,,
benchmarks/output/horizon_time_bounds_20260714/artifacts/20260714T205008Z__three_station_v0__ean_passenger_journey_time__exact_optimality__all/three_station_v0/ean_passenger_service_journey_time.json,root,horizon_time_bounds_20260714,artifact_snapshot,three_station_v0,,,,time_limit,,,,1200.0,,,300.0,82398,233193,,,,,,300.133260011673,2428,1052,0.0651525878950434,,,,,2704689.090907703,objective_value_seconds,2528471.597183574,best_bound,300.133260011673,runtime_seconds,,,,,15,reported_objective_verify_domain,solver_runtime,81,reported_objective_units,3435543.6363636353,0.06513094902038574,-1.3926637620897964e-12,135.90934896469116,164.42725706100464,300.133260011673,2704689.0909083514,2528471.597183574,47,3028653.090909046,2463202.3554474544,2707414.4545454467,2504828.7617294486,2704713.454545449,2526950.5066153193,2704689.0909083514,2528471.597183574,,,,,,,,,,,,,,
benchmarks/output/horizon_time_bounds_20260714/artifacts/20260714T205533Z__three_station_v0__ean_passenger_journey_time__exact_optimality__candidate_horizon_pruning+single_ring_dominated_ride_pruning+slot_time_relaxation_strengthening+time_bounds_derived_visit_bounds/three_station_v0/ean_passenger_service_journey_time.json,root,horizon_time_bounds_20260714,artifact_snapshot,three_station_v0,,,,time_limit,,,,1200.0,,,300.0,82398,233193,,,,,,300.0720520019531,2400,1080,0.07655015327439561,,,,,2706488.727272694,objective_value_seconds,2499306.6003645454,best_bound,300.0720520019531,runtime_seconds,,,,,15,reported_objective_verify_domain,solver_runtime,70,reported_objective_units,3435543.6363636353,0.06102395057678223,-8.731149137020111e-11,235.87686896324158,179.58412289619446,300.0720520019531,2706488.7272726954,2499306.6003645454,47,3380035.272726355,1012026.9504236862,3047435.999999862,2469683.8547898442,2776782.2727271803,2487339.4876227397,2706488.7272726954,2499306.6003645454,,,,,,,,,,,,,,
benchmarks/output/horizon_time_bounds_20260714/artifacts/20260714T210049Z__three_station_v0__ean_passenger_journey_time__exact_optimality__candidate_horizon_pruning+single_ring_dominated_ride_pruning+slot_time_relaxation_strengthening+horizon_conservative_free_suffix/three_station_v0/ean_passenger_service_journey_time.json,root,horizon_time_bounds_20260714,artifact_snapshot,three_station_v0,,,,time_limit,,,,1200.0,,,300.0,82398,233193,,,,,,300.1240780353546,2424,1056,0.06528127945791137,,,,,2704791.545454532,objective_value_seconds,2528219.2927003186,best_bound,300.1240780353546,runtime_seconds,,,,,15,reported_objective_verify_domain,solver_runtime,78,reported_objective_units,3435543.6363636353,0.06292104721069336,-1.3926637620897964e-12,115.60326790809631,139.50957202911377,300.1240780353546,2704791.545454566,2528219.2927003186,41,2839055.2727272543,2484719.0143267727,2707359.454545439,2502395.0303104715,2704791.545454566,2526561.824077333,2704791.545454566,2528219.2927003186,,,,,,,,,,,,,,
benchmarks/output/horizon_time_bounds_20260714/artifacts/20260714T210606Z__three_station_v0__ean_passenger_journey_time__exact_optimality__candidate_horizon_pruning+single_ring_dominated_ride_pruning+slot_time_relaxation_strengthening+horizon_conservative_free_suffix+time_bounds_derived_visit_bounds/three_station_v0/ean_passenger_service_journey_time.json,root,horizon_time_bounds_20260714,artifact_snapshot,three_station_v0,,,,time_limit,,,,1200.0,,,300.0,82398,233193,,,,,,301.2776210308075,2429,1051,0.07575951678901315,,,,,2705660.5454545226,objective_value_seconds,2500681.00993579,best_bound,301.2776210308075,runtime_seconds,,,,,15,reported_objective_verify_domain,solver_runtime,87,reported_objective_units,3435543.6363636353,0.06513190269470215,-8.731149137020111e-11,257.0602478981018,221.22934699058533,301.2776210308075,2705660.5454545235,2500681.00993579,64,3395605.6363626667,1012201.3324916955,2736202.9999995856,2338303.982037786,2706181.8181812167,2492454.902735408,2705660.5454545235,2500681.00993579,,,,,,,,,,,,,,
benchmarks/output/horizon_time_bounds_20260714/artifacts/20260714T211124Z__three_station_v0__ean_passenger_journey_time__exact_optimality__candidate_horizon_pruning+single_ring_dominated_ride_pruning+slot_time_relaxation_strengthening+horizon_exact_time_activation/three_station_v0/ean_passenger_service_journey_time.json,root,horizon_time_bounds_20260714,artifact_snapshot,three_station_v0,,,,time_limit,,,,1200.0,,,300.0,83908,237723,,,,,,300.08542585372925,1353,2127,0.5979916946690754,,,,,3435263.999999998,objective_value_seconds,1381004.6590043325,best_bound,300.08542585372925,runtime_seconds,,,,,15,reported_objective_verify_domain,solver_runtime,28,reported_objective_units,3435543.6363636353,0.10784292221069336,-2.842170943040401e-14,184.02803683280945,300.08542585372925,300.08542585372925,3435263.999999998,1381004.6590043325,1,3435543.6363636353,992203.8305681705,3435543.6363636353,992203.8305681705,3435543.6363636353,992203.8305681705,3435263.999999998,1380970.0659507932,,,,,,,,,,,,,,
benchmarks/output/horizon_time_bounds_20260714/artifacts/20260714T211647Z__three_station_v0__ean_passenger_journey_time__exact_optimality__candidate_horizon_pruning+single_ring_dominated_ride_pruning+slot_time_relaxation_strengthening+horizon_exact_time_activation+time_bounds_derived_visit_bounds/three_station_v0/ean_passenger_service_journey_time.json,root,horizon_time_bounds_20260714,artifact_snapshot,three_station_v0,,,,time_limit,,,,1200.0,,,300.0,83908,237723,,,,,,300.2114589214325,2432,1048,0.07906470802259996,,,,,2705428.7312726015,objective_value_seconds,2491524.79855858,best_bound,300.2114589214325,runtime_seconds,,,,,15,reported_objective_verify_domain,solver_runtime,54,reported_objective_units,3435543.6363636353,0.10639309883117676,-1.720036379992962e-08,211.80553603172302,166.33809804916382,300.2114589214325,2705428.7312725866,2491524.79855858,22,3434745.909089982,1012031.4625592069,3434745.909089982,2280541.59704404,2711440.45454364,2483304.3122555236,2705428.7312725866,2491524.79855858,,,,,,,,,,,,,,
benchmarks/output/horizon_time_bounds_20260714/results/20260714T205008Z__three_station_v0__ean_passenger_journey_time__exact_optimality__all.json,root,horizon_time_bounds_20260714,result_document,three_station_v0,,half_cabins_skip_wait,journey_time,,,,,,,,,82398,233193,,,,,,300.133260011673,2428,1052,0.0651525878950434,,2026-07-14T20:55:11+00:00,8c4b248cb36ce8c2f81306776a31a9c4648cc176,,2704689.090907703,objective_value_seconds,2528471.597183574,best_bound,300.133260011673,runtime_seconds,,,,,,reported_objective_verify_domain,solver_runtime,81,reported_objective_units,3435543.6363636353,0.06513094902038574,-1.3926637620897964e-12,135.90934896469116,164.42725706100464,300.133260011673,2704689.0909083514,2528471.597183574,47,3028653.090909046,2463202.3554474544,2707414.4545454467,2504828.7617294486,2704713.454545449,2526950.5066153193,2704689.0909083514,2528471.597183574,300.0,,,,,,,,,,,,,
benchmarks/output/horizon_time_bounds_20260714/results/20260714T205533Z__three_station_v0__ean_passenger_journey_time__exact_optimality__candidate_horizon_pruning+single_ring_dominated_ride_pruning+slot_time_relaxation_strengthening+time_bounds_derived_visit_bounds.json,root,horizon_time_bounds_20260714,result_document,three_station_v0,,half_cabins_skip_wait,journey_time,,,,,,,,,82398,233193,,,,,,300.0720520019531,2400,1080,0.07655015327439561,,2026-07-14T21:00:36+00:00,8c4b248cb36ce8c2f81306776a31a9c4648cc176,,2706488.727272694,objective_value_seconds,2499306.6003645454,best_bound,300.0720520019531,runtime_seconds,,,,,,reported_objective_verify_domain,solver_runtime,70,reported_objective_units,3435543.6363636353,0.06102395057678223,-8.731149137020111e-11,235.87686896324158,179.58412289619446,300.0720520019531,2706488.7272726954,2499306.6003645454,47,3380035.272726355,1012026.9504236862,3047435.999999862,2469683.8547898442,2776782.2727271803,2487339.4876227397,2706488.7272726954,2499306.6003645454,300.0,,,,,,,,,,,,,
benchmarks/output/horizon_time_bounds_20260714/results/20260714T210049Z__three_station_v0__ean_passenger_journey_time__exact_optimality__candidate_horizon_pruning+single_ring_dominated_ride_pruning+slot_time_relaxation_strengthening+horizon_conservative_free_suffix.json,root,horizon_time_bounds_20260714,result_document,three_station_v0,,half_cabins_skip_wait,journey_time,,,,,,,,,82398,233193,,,,,,300.1240780353546,2424,1056,0.06528127945791137,,2026-07-14T21:05:52+00:00,8c4b248cb36ce8c2f81306776a31a9c4648cc176,,2704791.545454532,objective_value_seconds,2528219.2927003186,best_bound,300.1240780353546,runtime_seconds,,,,,,reported_objective_verify_domain,solver_runtime,78,reported_objective_units,3435543.6363636353,0.06292104721069336,-1.3926637620897964e-12,115.60326790809631,139.50957202911377,300.1240780353546,2704791.545454566,2528219.2927003186,41,2839055.2727272543,2484719.0143267727,2707359.454545439,2502395.0303104715,2704791.545454566,2526561.824077333,2704791.545454566,2528219.2927003186,300.0,,,,,,,,,,,,,
benchmarks/output/horizon_time_bounds_20260714/results/20260714T210606Z__three_station_v0__ean_passenger_journey_time__exact_optimality__candidate_horizon_pruning+single_ring_dominated_ride_pruning+slot_time_relaxation_strengthening+horizon_conservative_free_suffix+time_bounds_derived_visit_bounds.json,root,horizon_time_bounds_20260714,result_document,three_station_v0,,half_cabins_skip_wait,journey_time,,,,,,,,,82398,233193,,,,,,301.2776210308075,2429,1051,0.07575951678901315,,2026-07-14T21:11:10+00:00,8c4b248cb36ce8c2f81306776a31a9c4648cc176,,2705660.5454545226,objective_value_seconds,2500681.00993579,best_bound,301.2776210308075,runtime_seconds,,,,,,reported_objective_verify_domain,solver_runtime,87,reported_objective_units,3435543.6363636353,0.06513190269470215,-8.731149137020111e-11,257.0602478981018,221.22934699058533,301.2776210308075,2705660.5454545235,2500681.00993579,64,3395605.6363626667,1012201.3324916955,2736202.9999995856,2338303.982037786,2706181.8181812167,2492454.902735408,2705660.5454545235,2500681.00993579,300.0,,,,,,,,,,,,,
benchmarks/output/horizon_time_bounds_20260714/results/20260714T211124Z__three_station_v0__ean_passenger_journey_time__exact_optimality__candidate_horizon_pruning+single_ring_dominated_ride_pruning+slot_time_relaxation_strengthening+horizon_exact_time_activation.json,root,horizon_time_bounds_20260714,result_document,three_station_v0,,half_cabins_skip_wait,journey_time,,,,,,,,,83908,237723,,,,,,300.08542585372925,1353,2127,0.5979916946690754,,2026-07-14T21:16:31+00:00,8c4b248cb36ce8c2f81306776a31a9c4648cc176,,3435263.999999998,objective_value_seconds,1381004.6590043325,best_bound,300.08542585372925,runtime_seconds,,,,,,reported_objective_verify_domain,solver_runtime,28,reported_objective_units,3435543.6363636353,0.10784292221069336,-2.842170943040401e-14,184.02803683280945,300.08542585372925,300.08542585372925,3435263.999999998,1381004.6590043325,1,3435543.6363636353,992203.8305681705,3435543.6363636353,992203.8305681705,3435543.6363636353,992203.8305681705,3435263.999999998,1380970.0659507932,300.0,,,,,,,,,,,,,
benchmarks/output/horizon_time_bounds_20260714/results/20260714T211647Z__three_station_v0__ean_passenger_journey_time__exact_optimality__candidate_horizon_pruning+single_ring_dominated_ride_pruning+slot_time_relaxation_strengthening+horizon_exact_time_activation+time_bounds_derived_visit_bounds.json,root,horizon_time_bounds_20260714,result_document,three_station_v0,,half_cabins_skip_wait,journey_time,,,,,,,,,83908,237723,,,,,,300.2114589214325,2432,1048,0.07906470802259996,,2026-07-14T21:21:54+00:00,8c4b248cb36ce8c2f81306776a31a9c4648cc176,,2705428.7312726015,objective_value_seconds,2491524.79855858,best_bound,300.2114589214325,runtime_seconds,,,,,,reported_objective_verify_domain,solver_runtime,54,reported_objective_units,3435543.6363636353,0.10639309883117676,-1.720036379992962e-08,211.80553603172302,166.33809804916382,300.2114589214325,2705428.7312725866,2491524.79855858,22,3434745.909089982,1012031.4625592069,3434745.909089982,2280541.59704404,2711440.45454364,2483304.3122555236,2705428.7312725866,2491524.79855858,300.0,,,,,,,,,,,,,
benchmarks/output/initial_placement_comparison_300s/summary.json,root.runs.0,initial_placement_comparison_300s,diagnostic_case,three_station_optimized_initial_placement_v0,,,journey_time,time_limit,,,,1200.0,,,300.0,19544,41950,4498,,1.6661540418863297,,,300.11108803749084,640,2840,0.008048404627519476,,2026-07-20T15:15:59+00:00,,,3823949.090909054,objective_value_seconds,3793172.4013503827,best_bound,300.11108803749084,runtime_seconds,,,,,,lexicographic_unserved_then_served_time_then_fleet,,0,multiobjective_phase_not_identified,,,,,,,,,,,,,,,,,,,,,,,,,,,,,,,
benchmarks/output/initial_placement_comparison_300s/summary.json,root.runs.2,initial_placement_comparison_300s,diagnostic_case,five_station_optimized_initial_placement_no_skip_no_wait_v0,,,journey_time,infeasible,,,,1200.0,,,300.0,33805,72476,7641,,0.9007165830116719,,,0.015124797821044922,0,0,,,2026-07-20T15:15:59+00:00,,,,,,,0.015124797821044922,runtime_seconds,,,,,,lexicographic_unserved_then_served_time_then_fleet,,0,multiobjective_phase_not_identified,,,,,,,,,,,,,,,,,,,,,,,,,,,,,,,
benchmarks/output/initial_placement_comparison_300s/summary.json,root.runs.3,initial_placement_comparison_300s,diagnostic_case,five_station_optimized_initial_placement_no_skip_no_wait_v0,,,journey_time,time_limit,,,,1200.0,,,300.0,51852,113319,11768,,1.5320915419142693,,,300.0973229408264,1024,1536,,,2026-07-20T15:15:59+00:00,,,646662.1040090459,objective_value_seconds,,,300.0973229408264,runtime_seconds,,,,,,lexicographic_unserved_then_served_time_then_fleet,,0,multiobjective_phase_not_identified,,,,,,,,,,,,,,,,,,,,,,,,,,,,,,,
benchmarks/output/initial_placement_comparison_300s/summary.json,root.runs.4,initial_placement_comparison_300s,diagnostic_case,five_station_optimized_initial_placement_skip_no_wait_v0,,,journey_time,time_limit,,,,1200.0,,,300.0,80667,173142,17479,,2.875833457801491,,,300.09929490089417,520,2040,0.13226112877878007,,2026-07-20T15:15:59+00:00,,,2638520.0,objective_value_seconds,2289546.3664946132,best_bound,300.09929490089417,runtime_seconds,,,,,,lexicographic_unserved_then_served_time_then_fleet,,0,multiobjective_phase_not_identified,,,,,,,,,,,,,,,,,,,,,,,,,,,,,,,
benchmarks/output/initial_placement_comparison_300s/summary.json,root.runs.5,initial_placement_comparison_300s,diagnostic_case,five_station_optimized_initial_placement_skip_no_wait_v0,,,journey_time,time_limit,,,,1200.0,,,300.0,109988,239143,23952,,3.8177582500502467,,,300.1644558906555,105,2455,,,2026-07-20T15:15:59+00:00,,,64201.18181822458,objective_value_seconds,,,300.1644558906555,runtime_seconds,,,,,,lexicographic_unserved_then_served_time_then_fleet,,0,multiobjective_phase_not_identified,,,,,,,,,,,,,,,,,,,,,,,,,,,,,,,
benchmarks/output/initial_placement_comparison_300s/summary_corrected.json,root.runs.0,initial_placement_comparison_300s,diagnostic_case,three_station_optimized_initial_placement_v0,,,journey_time,time_limit,,,,,,,300.0,21736,46666,4930,,0.5839394161012024,,,300.24285793304443,704,2776,0.010103254184608843,,2026-07-20T16:02:00+00:00,,,3763231.9999998873,objective_value_seconds,3725211.1105482345,best_bound,300.24285793304443,runtime_seconds,,,,,,lexicographic_unserved_then_served_time_then_fleet,,0,multiobjective_phase_not_identified,,,,,,,,,,,,,,,,,,,,,,,,,,,,,,,
benchmarks/output/initial_placement_comparison_300s/summary_corrected.json,root.runs.1,initial_placement_comparison_300s,diagnostic_case,three_station_optimized_initial_placement_v0,,,journey_time,time_limit,,,,,,,300.0,26570,58965,6084,,0.7578697078861296,,,300.299357175827,704,2776,,,2026-07-20T16:02:00+00:00,,,436911.9999999763,objective_value_seconds,,,300.299357175827,runtime_seconds,,,,,,lexicographic_unserved_then_served_time_then_fleet,,0,multiobjective_phase_not_identified,,,,,,,,,,,,,,,,,,,,,,,,,,,,,,,
benchmarks/output/initial_placement_comparison_300s/summary_corrected.json,root.runs.2,initial_placement_comparison_300s,diagnostic_case,five_station_optimized_initial_placement_no_skip_no_wait_v0,,,journey_time,optimal,,,,,,,300.0,35672,76486,8036,,0.9727784579154104,,,0.4239671230316162,968,1592,7.719697679520284e-16,,2026-07-20T16:02:00+00:00,,,2412847.2727272725,objective_value_seconds,2412847.2727272706,best_bound,0.4239671230316162,runtime_seconds,,,,,,lexicographic_unserved_then_served_time_then_fleet,,0,multiobjective_phase_not_identified,,,,,,,,,,,,,,,,,,,,,,,,,,,,,,,
benchmarks/output/initial_placement_comparison_300s/summary_corrected.json,root.runs.3,initial_placement_comparison_300s,diagnostic_case,five_station_optimized_initial_placement_no_skip_no_wait_v0,,,journey_time,time_limit,,,,,,,300.0,51852,115823,11768,,2.0443447078578174,,,300.2215168476105,1024,1536,,,2026-07-20T16:02:00+00:00,,,545862.5480744267,objective_value_seconds,,,300.2215168476105,runtime_seconds,,,,,,lexicographic_unserved_then_served_time_then_fleet,,0,multiobjective_phase_not_identified,,,,,,,,,,,,,,,,,,,,,,,,,,,,,,,
benchmarks/output/initial_placement_comparison_300s/summary_corrected.json,root.runs.4,initial_placement_comparison_300s,diagnostic_case,five_station_optimized_initial_placement_skip_no_wait_v0,,,journey_time,time_limit,,,,,,,300.0,85243,182972,18439,,2.806291582994163,,,300.0965530872345,595,1965,0.1271531724044646,,2026-07-20T16:02:00+00:00,,,2576117.0000000005,objective_value_seconds,2248555.550964928,best_bound,300.0965530872345,runtime_seconds,,,,,,lexicographic_unserved_then_served_time_then_fleet,,0,multiobjective_phase_not_identified,,,,,,,,,,,,,,,,,,,,,,,,,,,,,,,
benchmarks/output/initial_placement_comparison_300s/summary_corrected.json,root.runs.5,initial_placement_comparison_300s,diagnostic_case,five_station_optimized_initial_placement_skip_no_wait_v0,,,journey_time,time_limit,,,,,,,300.0,109988,244519,23952,,3.9838966669049114,,,300.13913798332214,0,2560,,,2026-07-20T16:02:00+00:00,,,0.0,objective_value_seconds,,,300.13913798332214,runtime_seconds,,,,,,lexicographic_unserved_then_served_time_then_fleet,,0,multiobjective_phase_not_identified,,,,,,,,,,,,,,,,,,,,,,,,,,,,,,,
benchmarks/output/mip_start_comparison_20260715/artifacts/20260715T144729Z__five_station_v0__ean_passenger_journey_time__exact_optimality__greedy_all_stop__all/five_station_v0/ean_passenger_service_journey_time.json,root,mip_start_comparison_20260715,artifact_snapshot,five_station_v0,,,,time_limit,,,,1200.0,,,300.0,252844,601181,,,5.746607583016157,,,300.1681230068207,1480,1720,0.49158550268400814,,,,,3155354.253353203,objective_value_seconds,1604227.8465724457,best_bound,300.1681230068207,runtime_seconds,,,,,31,reported_objective_verify_domain,solver_runtime,5,reported_objective_units,3155354.2533532046,0.21575093269348145,-6.252776074688882e-13,,279.01581478118896,300.1681230068207,3155354.2533532046,1604227.8465724457,0,3155354.2533532046,,3155354.2533532046,-6.252776074688882e-13,3155354.2533532046,-6.252776074688882e-13,3155354.2533532046,1604227.8465724457,,,,,,,,,,,,,,
benchmarks/output/mip_start_comparison_20260715/artifacts/20260715T145243Z__five_station_v0__ean_passenger_journey_time__exact_optimality__optimized_all_stop__all/five_station_v0/ean_passenger_service_journey_time.json,root,mip_start_comparison_20260715,artifact_snapshot,five_station_v0,,,,time_limit,,,,1200.0,,,300.0,252844,601181,,,12.846530833048746,,,300.185928106308,2544,656,0.1762474551402122,,,,,1947463.296572278,objective_value_seconds,1604227.8465724457,best_bound,300.185928106308,runtime_seconds,,,,,31,reported_objective_verify_domain,solver_runtime,5,reported_objective_units,1947463.2965722783,0.18970894813537598,-6.252776074688882e-13,,278.28078508377075,300.185928106308,1947463.2965722783,1604227.8465724457,0,1947463.2965722783,,1947463.2965722783,-6.252776074688882e-13,1947463.2965722783,-6.252776074688882e-13,1947463.2965722783,1604227.8465724457,,,,,,,,,,,,,,
benchmarks/output/mip_start_comparison_20260715/results/20260715T144729Z__five_station_v0__ean_passenger_journey_time__exact_optimality__greedy_all_stop__all.json,root,mip_start_comparison_20260715,result_document,five_station_v0,,half_cabins_skip_wait,journey_time,,,,,,,,,252844,601181,,,5.746607583016157,,,300.1681230068207,1480,1720,0.49158550268400814,,2026-07-15T14:52:37+00:00,f4f7bb743492d99cb42bd581e142c6d9e545c7c7,,3155354.253353203,objective_value_seconds,1604227.8465724457,best_bound,300.1681230068207,runtime_seconds,,,,,,reported_objective_verify_domain,solver_runtime,5,reported_objective_units,3155354.2533532046,0.21575093269348145,-6.252776074688882e-13,,279.01581478118896,300.1681230068207,3155354.2533532046,1604227.8465724457,0,3155354.2533532046,,3155354.2533532046,-6.252776074688882e-13,3155354.2533532046,-6.252776074688882e-13,3155354.2533532046,1604227.8465724457,300.0,,,,,,,,,,,,,
benchmarks/output/mip_start_comparison_20260715/results/20260715T145243Z__five_station_v0__ean_passenger_journey_time__exact_optimality__optimized_all_stop__all.json,root,mip_start_comparison_20260715,result_document,five_station_v0,,half_cabins_skip_wait,journey_time,,,,,,,,,252844,601181,,,12.846530833048746,,,300.185928106308,2544,656,0.1762474551402122,,2026-07-15T14:57:58+00:00,f4f7bb743492d99cb42bd581e142c6d9e545c7c7,,1947463.296572278,objective_value_seconds,1604227.8465724457,best_bound,300.185928106308,runtime_seconds,,,,,,reported_objective_verify_domain,solver_runtime,5,reported_objective_units,1947463.2965722783,0.18970894813537598,-6.252776074688882e-13,,278.28078508377075,300.185928106308,1947463.2965722783,1604227.8465724457,0,1947463.2965722783,,1947463.2965722783,-6.252776074688882e-13,1947463.2965722783,-6.252776074688882e-13,1947463.2965722783,1604227.8465724457,300.0,,,,,,,,,,,,,
benchmarks/output/mip_start_smoke/artifacts/20260715T144652Z__five_station_v0__ean_passenger_journey_time__exact_optimality__optimized_all_stop__all/five_station_v0/ean_passenger_service_journey_time.json,root,mip_start_smoke,artifact_snapshot,five_station_v0,,,,time_limit,,,,1200.0,,,10.0,252844,601181,,,12.744000083068386,,,10.10293197631836,2544,656,,,,,,1947463.296572278,objective_value_seconds,,,10.10293197631836,runtime_seconds,,,,,31,reported_objective_verify_domain,solver_runtime,2,reported_objective_units,1947463.2965722783,0.21264410018920898,,,,10.10293197631836,1947463.2965722783,,0,,,,,,,,,,,,,,,,,,,,,,
benchmarks/output/mip_start_smoke/results/20260715T144652Z__five_station_v0__ean_passenger_journey_time__exact_optimality__optimized_all_stop__all.json,root,mip_start_smoke,result_document,five_station_v0,,half_cabins_skip_wait,journey_time,,,,,,,,,252844,601181,,,12.744000083068386,,,10.10293197631836,2544,656,,,2026-07-15T14:47:16+00:00,f4f7bb743492d99cb42bd581e142c6d9e545c7c7,,1947463.296572278,objective_value_seconds,,,10.10293197631836,runtime_seconds,,,,,,reported_objective_verify_domain,solver_runtime,2,reported_objective_units,1947463.2965722783,0.21264410018920898,,,,10.10293197631836,1947463.2965722783,,0,,,,,,,,,10.0,,,,,,,,,,,,,
benchmarks/output/oip_mip_start_comparison_20260720/artifacts/20260720T165054Z__three_station_optimized_initial_placement_v0__ean_passenger_journey_time__exact_optimality__none__slot_time_relaxation_strengthening/three_station_optimized_initial_placement_v0/ean_passenger_service_journey_time.json,root,oip_mip_start_comparison_20260720,artifact_snapshot,three_station_optimized_initial_placement_v0,,,,time_limit,,,,1200.0,,,300.0,26570,79445,,,0.9709733331110328,,,300.3322539329529,704,2776,,,,,,433269.8221817357,objective_value_seconds,,,300.3322539329529,runtime_seconds,,,,,4,lexicographic_unserved_then_served_time_then_fleet,solver_runtime,67,multiobjective_phase_not_identified,,,,,,,,,,,,,,,,,,,,,,,,,,,,,,,
benchmarks/output/oip_mip_start_comparison_20260720/artifacts/20260720T165600Z__three_station_optimized_initial_placement_v0__ean_passenger_journey_time__exact_optimality__greedy_all_stop__slot_time_relaxation_strengthening/three_station_optimized_initial_placement_v0/ean_passenger_service_journey_time.json,root,oip_mip_start_comparison_20260720,artifact_snapshot,three_station_optimized_initial_placement_v0,,,,time_limit,,,,1200.0,,,300.0,26570,79445,,,1.0379690409172326,,,300.2436480522156,704,2776,,,,,,438909.8249800311,objective_value_seconds,,,300.2436480522156,runtime_seconds,,,,,4,lexicographic_unserved_then_served_time_then_fleet,solver_runtime,37,multiobjective_phase_not_identified,,,,,,,,,,,,,,,,,,,,,,,,,,,,,,,
benchmarks/output/oip_mip_start_comparison_20260720/artifacts/20260720T170106Z__three_station_optimized_initial_placement_v0__ean_passenger_journey_time__exact_optimality__optimized_all_stop__slot_time_relaxation_strengthening/three_station_optimized_initial_placement_v0/ean_passenger_service_journey_time.json,root,oip_mip_start_comparison_20260720,artifact_snapshot,three_station_optimized_initial_placement_v0,,,,time_limit,,,,1200.0,,,300.0,26570,79445,,,1.014494583941996,,,300.81563091278076,704,2776,,,,,,432032.00000000006,objective_value_seconds,,,300.81563091278076,runtime_seconds,,,,,4,lexicographic_unserved_then_served_time_then_fleet,solver_runtime,33,multiobjective_phase_not_identified,,,,,,,,,,,,,,,,,,,,,,,,,,,,,,,
benchmarks/output/oip_mip_start_comparison_20260720/artifacts/20260720T170644Z__five_station_optimized_initial_placement_no_skip_no_wait_v0__ean_passenger_journey_time__exact_optimality__none__slot_time_relaxation_strengthening/five_station_optimized_initial_placement_no_skip_no_wait_v0/ean_passenger_service_journey_time.json,root,oip_mip_start_comparison_20260720,artifact_snapshot,five_station_optimized_initial_placement_no_skip_no_wait_v0,,,,time_limit,,,,1200.0,,,300.0,51852,155887,,,1.74819429195486,,,303.9988570213318,1024,1536,,,,,,561137.9090908851,objective_value_seconds,,,303.9988570213318,runtime_seconds,,,,,8,lexicographic_unserved_then_served_time_then_fleet,solver_runtime,82,multiobjective_phase_not_identified,,,,,,,,,,,,,,,,,,,,,,,,,,,,,,,
benchmarks/output/oip_mip_start_comparison_20260720/artifacts/20260720T171158Z__five_station_optimized_initial_placement_no_skip_no_wait_v0__ean_passenger_journey_time__exact_optimality__greedy_all_stop__slot_time_relaxation_strengthening/five_station_optimized_initial_placement_no_skip_no_wait_v0/ean_passenger_service_journey_time.json,root,oip_mip_start_comparison_20260720,artifact_snapshot,five_station_optimized_initial_placement_no_skip_no_wait_v0,,,,time_limit,,,,1200.0,,,300.0,51852,155887,,,2.171316084219143,,,300.1633269786835,1024,1536,,,,,,623205.4545454527,objective_value_seconds,,,300.1633269786835,runtime_seconds,,,,,8,lexicographic_unserved_then_served_time_then_fleet,solver_runtime,54,multiobjective_phase_not_identified,,,,,,,,,,,,,,,,,,,,,,,,,,,,,,,
benchmarks/output/oip_mip_start_comparison_20260720/artifacts/20260720T171709Z__five_station_optimized_initial_placement_no_skip_no_wait_v0__ean_passenger_journey_time__exact_optimality__optimized_all_stop__slot_time_relaxation_strengthening/five_station_optimized_initial_placement_no_skip_no_wait_v0/ean_passenger_service_journey_time.json,root,oip_mip_start_comparison_20260720,artifact_snapshot,five_station_optimized_initial_placement_no_skip_no_wait_v0,,,,time_limit,,,,1200.0,,,300.0,51852,155887,,,2.0349558340385556,,,300.1568748950958,1024,1536,,,,,,623205.4545454527,objective_value_seconds,,,300.1568748950958,runtime_seconds,,,,,8,lexicographic_unserved_then_served_time_then_fleet,solver_runtime,54,multiobjective_phase_not_identified,,,,,,,,,,,,,,,,,,,,,,,,,,,,,,,
benchmarks/output/oip_mip_start_comparison_20260720/artifacts/20260720T172320Z__five_station_optimized_initial_placement_skip_no_wait_v0__ean_passenger_journey_time__exact_optimality__none__slot_time_relaxation_strengthening/five_station_optimized_initial_placement_skip_no_wait_v0/ean_passenger_service_journey_time.json,root,oip_mip_start_comparison_20260720,artifact_snapshot,five_station_optimized_initial_placement_skip_no_wait_v0,,,,time_limit,,,,1200.0,,,300.0,109988,330535,,,12.665217082947493,,,300.32237005233765,0,2560,,,,,,0.0,objective_value_seconds,,,300.32237005233765,runtime_seconds,,,,,8,lexicographic_unserved_then_served_time_then_fleet,solver_runtime,4,multiobjective_phase_not_identified,,,,,,,,,,,,,,,,,,,,,,,,,,,,,,,
benchmarks/output/oip_mip_start_comparison_20260720/artifacts/20260720T172838Z__five_station_optimized_initial_placement_skip_no_wait_v0__ean_passenger_journey_time__exact_optimality__greedy_all_stop__slot_time_relaxation_strengthening/five_station_optimized_initial_placement_skip_no_wait_v0/ean_passenger_service_journey_time.json,root,oip_mip_start_comparison_20260720,artifact_snapshot,five_station_optimized_initial_placement_skip_no_wait_v0,,,,time_limit,,,,1200.0,,,300.0,109988,330535,,,4.741876125102863,,,300.0733468532562,0,2560,,,,,,0.0,objective_value_seconds,,,300.0733468532562,runtime_seconds,,,,,8,lexicographic_unserved_then_served_time_then_fleet,solver_runtime,5,multiobjective_phase_not_identified,,,,,,,,,,,,,,,,,,,,,,,,,,,,,,,
benchmarks/output/oip_mip_start_comparison_20260720/artifacts/20260720T173347Z__five_station_optimized_initial_placement_skip_no_wait_v0__ean_passenger_journey_time__exact_optimality__optimized_all_stop__slot_time_relaxation_strengthening/five_station_optimized_initial_placement_skip_no_wait_v0/ean_passenger_service_journey_time.json,root,oip_mip_start_comparison_20260720,artifact_snapshot,five_station_optimized_initial_placement_skip_no_wait_v0,,,,time_limit,,,,1200.0,,,300.0,109988,330535,,,4.741217708913609,,,300.06929087638855,0,2560,,,,,,0.0,objective_value_seconds,,,300.06929087638855,runtime_seconds,,,,,8,lexicographic_unserved_then_served_time_then_fleet,solver_runtime,5,multiobjective_phase_not_identified,,,,,,,,,,,,,,,,,,,,,,,,,,,,,,,
benchmarks/output/oip_mip_start_comparison_20260720/results/20260720T165054Z__three_station_optimized_initial_placement_v0__ean_passenger_journey_time__exact_optimality__none__slot_time_relaxation_strengthening.json,root,oip_mip_start_comparison_20260720,result_document,three_station_optimized_initial_placement_v0,,optimized_initial_placement,journey_time,,,,,,,,,26570,79445,,,0.9709733331110328,,,300.3322539329529,704,2776,,,2026-07-20T16:55:56+00:00,67aa73b7774ac53d2e652ce30349622d73eb1647,,433269.8221817357,objective_value_seconds,,,300.3322539329529,runtime_seconds,,,,,,lexicographic_unserved_then_served_time_then_fleet,solver_runtime,67,multiobjective_phase_not_identified,,,,,,,,,,,,,,,,,,300.0,,,,,,,,,,,,,
benchmarks/output/oip_mip_start_comparison_20260720/results/20260720T165600Z__three_station_optimized_initial_placement_v0__ean_passenger_journey_time__exact_optimality__greedy_all_stop__slot_time_relaxation_strengthening.json,root,oip_mip_start_comparison_20260720,result_document,three_station_optimized_initial_placement_v0,,optimized_initial_placement,journey_time,,,,,,,,,26570,79445,,,1.0379690409172326,,,300.2436480522156,704,2776,,,2026-07-20T17:01:02+00:00,67aa73b7774ac53d2e652ce30349622d73eb1647,,438909.8249800311,objective_value_seconds,,,300.2436480522156,runtime_seconds,,,,,,lexicographic_unserved_then_served_time_then_fleet,solver_runtime,37,multiobjective_phase_not_identified,,,,,,,,,,,,,,,,,,300.0,,,,,,,,,,,,,
benchmarks/output/oip_mip_start_comparison_20260720/results/20260720T170106Z__three_station_optimized_initial_placement_v0__ean_passenger_journey_time__exact_optimality__optimized_all_stop__slot_time_relaxation_strengthening.json,root,oip_mip_start_comparison_20260720,result_document,three_station_optimized_initial_placement_v0,,optimized_initial_placement,journey_time,,,,,,,,,26570,79445,,,1.014494583941996,,,300.81563091278076,704,2776,,,2026-07-20T17:06:08+00:00,67aa73b7774ac53d2e652ce30349622d73eb1647,,432032.00000000006,objective_value_seconds,,,300.81563091278076,runtime_seconds,,,,,,lexicographic_unserved_then_served_time_then_fleet,solver_runtime,33,multiobjective_phase_not_identified,,,,,,,,,,,,,,,,,,300.0,,,,,,,,,,,,,
benchmarks/output/oip_mip_start_comparison_20260720/results/20260720T170644Z__five_station_optimized_initial_placement_no_skip_no_wait_v0__ean_passenger_journey_time__exact_optimality__none__slot_time_relaxation_strengthening.json,root,oip_mip_start_comparison_20260720,result_document,five_station_optimized_initial_placement_no_skip_no_wait_v0,,optimized_initial_placement_no_skip_no_wait,journey_time,,,,,,,,,51852,155887,,,1.74819429195486,,,303.9988570213318,1024,1536,,,2026-07-20T17:11:50+00:00,67aa73b7774ac53d2e652ce30349622d73eb1647,,561137.9090908851,objective_value_seconds,,,303.9988570213318,runtime_seconds,,,,,,lexicographic_unserved_then_served_time_then_fleet,solver_runtime,82,multiobjective_phase_not_identified,,,,,,,,,,,,,,,,,,300.0,,,,,,,,,,,,,
benchmarks/output/oip_mip_start_comparison_20260720/results/20260720T171158Z__five_station_optimized_initial_placement_no_skip_no_wait_v0__ean_passenger_journey_time__exact_optimality__greedy_all_stop__slot_time_relaxation_strengthening.json,root,oip_mip_start_comparison_20260720,result_document,five_station_optimized_initial_placement_no_skip_no_wait_v0,,optimized_initial_placement_no_skip_no_wait,journey_time,,,,,,,,,51852,155887,,,2.171316084219143,,,300.1633269786835,1024,1536,,,2026-07-20T17:17:01+00:00,67aa73b7774ac53d2e652ce30349622d73eb1647,,623205.4545454527,objective_value_seconds,,,300.1633269786835,runtime_seconds,,,,,,lexicographic_unserved_then_served_time_then_fleet,solver_runtime,54,multiobjective_phase_not_identified,,,,,,,,,,,,,,,,,,300.0,,,,,,,,,,,,,
benchmarks/output/oip_mip_start_comparison_20260720/results/20260720T171709Z__five_station_optimized_initial_placement_no_skip_no_wait_v0__ean_passenger_journey_time__exact_optimality__optimized_all_stop__slot_time_relaxation_strengthening.json,root,oip_mip_start_comparison_20260720,result_document,five_station_optimized_initial_placement_no_skip_no_wait_v0,,optimized_initial_placement_no_skip_no_wait,journey_time,,,,,,,,,51852,155887,,,2.0349558340385556,,,300.1568748950958,1024,1536,,,2026-07-20T17:22:11+00:00,67aa73b7774ac53d2e652ce30349622d73eb1647,,623205.4545454527,objective_value_seconds,,,300.1568748950958,runtime_seconds,,,,,,lexicographic_unserved_then_served_time_then_fleet,solver_runtime,54,multiobjective_phase_not_identified,,,,,,,,,,,,,,,,,,300.0,,,,,,,,,,,,,
benchmarks/output/oip_mip_start_comparison_20260720/results/20260720T172320Z__five_station_optimized_initial_placement_skip_no_wait_v0__ean_passenger_journey_time__exact_optimality__none__slot_time_relaxation_strengthening.json,root,oip_mip_start_comparison_20260720,result_document,five_station_optimized_initial_placement_skip_no_wait_v0,,optimized_initial_placement_skip_no_wait,journey_time,,,,,,,,,109988,330535,,,12.665217082947493,,,300.32237005233765,0,2560,,,2026-07-20T17:28:33+00:00,67aa73b7774ac53d2e652ce30349622d73eb1647,,0.0,objective_value_seconds,,,300.32237005233765,runtime_seconds,,,,,,lexicographic_unserved_then_served_time_then_fleet,solver_runtime,4,multiobjective_phase_not_identified,,,,,,,,,,,,,,,,,,300.0,,,,,,,,,,,,,
benchmarks/output/oip_mip_start_comparison_20260720/results/20260720T172838Z__five_station_optimized_initial_placement_skip_no_wait_v0__ean_passenger_journey_time__exact_optimality__greedy_all_stop__slot_time_relaxation_strengthening.json,root,oip_mip_start_comparison_20260720,result_document,five_station_optimized_initial_placement_skip_no_wait_v0,,optimized_initial_placement_skip_no_wait,journey_time,,,,,,,,,109988,330535,,,4.741876125102863,,,300.0733468532562,0,2560,,,2026-07-20T17:33:43+00:00,67aa73b7774ac53d2e652ce30349622d73eb1647,,0.0,objective_value_seconds,,,300.0733468532562,runtime_seconds,,,,,,lexicographic_unserved_then_served_time_then_fleet,solver_runtime,5,multiobjective_phase_not_identified,,,,,,,,,,,,,,,,,,300.0,,,,,,,,,,,,,
benchmarks/output/oip_mip_start_comparison_20260720/results/20260720T173347Z__five_station_optimized_initial_placement_skip_no_wait_v0__ean_passenger_journey_time__exact_optimality__optimized_all_stop__slot_time_relaxation_strengthening.json,root,oip_mip_start_comparison_20260720,result_document,five_station_optimized_initial_placement_skip_no_wait_v0,,optimized_initial_placement_skip_no_wait,journey_time,,,,,,,,,109988,330535,,,4.741217708913609,,,300.06929087638855,0,2560,,,2026-07-20T17:38:53+00:00,67aa73b7774ac53d2e652ce30349622d73eb1647,,0.0,objective_value_seconds,,,300.06929087638855,runtime_seconds,,,,,,lexicographic_unserved_then_served_time_then_fleet,solver_runtime,5,multiobjective_phase_not_identified,,,,,,,,,,,,,,,,,,300.0,,,,,,,,,,,,,
benchmarks/output/oip_mip_start_comparison_20260720_v2/artifacts/20260720T174337Z__three_station_optimized_initial_placement_v0__ean_passenger_journey_time__exact_optimality__none__slot_time_relaxation_strengthening/three_station_optimized_initial_placement_v0/ean_passenger_service_journey_time.json,root,oip_mip_start_comparison_20260720_v2,artifact_snapshot,three_station_optimized_initial_placement_v0,,,,time_limit,,,,1200.0,,,300.0,26570,79445,,,0.9835526668466628,,,300.221715927124,704,2776,,,,,,436457.4673455839,objective_value_seconds,,,300.221715927124,runtime_seconds,,,,,4,lexicographic_unserved_then_served_time_then_fleet,solver_runtime,41,multiobjective_phase_not_identified,,,,,,,,,,,,,,,,,,,,,,,,,,,,,,,
benchmarks/output/oip_mip_start_comparison_20260720_v2/artifacts/20260720T174838Z__three_station_optimized_initial_placement_v0__ean_passenger_journey_time__exact_optimality__greedy_all_stop__slot_time_relaxation_strengthening/three_station_optimized_initial_placement_v0/ean_passenger_service_journey_time.json,root,oip_mip_start_comparison_20260720_v2,artifact_snapshot,three_station_optimized_initial_placement_v0,,,,time_limit,,,,1200.0,,,300.0,26570,79445,,,0.9581062088254839,,,303.01702308654785,704,2776,,,,,,424350.54897435923,objective_value_seconds,,,303.01702308654785,runtime_seconds,,,,,4,lexicographic_unserved_then_served_time_then_fleet,solver_runtime,44,multiobjective_phase_not_identified,,,,,,,,,,,,,,,,,,,,,,,,,,,,,,,
benchmarks/output/oip_mip_start_comparison_20260720_v2/artifacts/20260720T175343Z__three_station_optimized_initial_placement_v0__ean_passenger_journey_time__exact_optimality__optimized_all_stop__slot_time_relaxation_strengthening/three_station_optimized_initial_placement_v0/ean_passenger_service_journey_time.json,root,oip_mip_start_comparison_20260720_v2,artifact_snapshot,three_station_optimized_initial_placement_v0,,,,time_limit,,,,1200.0,,,300.0,26570,79445,,,0.9390292500611395,,,300.32055711746216,704,2776,,,,,,432032.00000000006,objective_value_seconds,,,300.32055711746216,runtime_seconds,,,,,4,lexicographic_unserved_then_served_time_then_fleet,solver_runtime,25,multiobjective_phase_not_identified,,,,,,,,,,,,,,,,,,,,,,,,,,,,,,,
benchmarks/output/oip_mip_start_comparison_20260720_v2/artifacts/20260720T175845Z__five_station_optimized_initial_placement_no_skip_no_wait_v0__ean_passenger_journey_time__exact_optimality__none__slot_time_relaxation_strengthening/five_station_optimized_initial_placement_no_skip_no_wait_v0/ean_passenger_service_journey_time.json,root,oip_mip_start_comparison_20260720_v2,artifact_snapshot,five_station_optimized_initial_placement_no_skip_no_wait_v0,,,,time_limit,,,,1200.0,,,300.0,51852,155887,,,1.8019046250265092,,,300.1037561893463,1024,1536,,,,,,651372.9483907201,objective_value_seconds,,,300.1037561893463,runtime_seconds,,,,,8,lexicographic_unserved_then_served_time_then_fleet,solver_runtime,45,multiobjective_phase_not_identified,,,,,,,,,,,,,,,,,,,,,,,,,,,,,,,
benchmarks/output/oip_mip_start_comparison_20260720_v2/artifacts/20260720T180348Z__five_station_optimized_initial_placement_no_skip_no_wait_v0__ean_passenger_journey_time__exact_optimality__greedy_all_stop__slot_time_relaxation_strengthening/five_station_optimized_initial_placement_no_skip_no_wait_v0/ean_passenger_service_journey_time.json,root,oip_mip_start_comparison_20260720_v2,artifact_snapshot,five_station_optimized_initial_placement_no_skip_no_wait_v0,,,,time_limit,,,,1200.0,,,300.0,51852,155887,,,1.842939999885857,,,300.1288468837738,1024,1536,,,,,,604123.1023998932,objective_value_seconds,,,300.1288468837738,runtime_seconds,,,,,8,lexicographic_unserved_then_served_time_then_fleet,solver_runtime,68,multiobjective_phase_not_identified,,,,,,,,,,,,,,,,,,,,,,,,,,,,,,,
benchmarks/output/oip_mip_start_comparison_20260720_v2/artifacts/20260720T180850Z__five_station_optimized_initial_placement_no_skip_no_wait_v0__ean_passenger_journey_time__exact_optimality__optimized_all_stop__slot_time_relaxation_strengthening/five_station_optimized_initial_placement_no_skip_no_wait_v0/ean_passenger_service_journey_time.json,root,oip_mip_start_comparison_20260720_v2,artifact_snapshot,five_station_optimized_initial_placement_no_skip_no_wait_v0,,,,time_limit,,,,1200.0,,,300.0,51852,155887,,,1.8534231670200825,,,300.1374161243439,1024,1536,,,,,,586128.8302817434,objective_value_seconds,,,300.1374161243439,runtime_seconds,,,,,8,lexicographic_unserved_then_served_time_then_fleet,solver_runtime,73,multiobjective_phase_not_identified,,,,,,,,,,,,,,,,,,,,,,,,,,,,,,,
benchmarks/output/oip_mip_start_comparison_20260720_v2/artifacts/20260720T181353Z__five_station_optimized_initial_placement_skip_no_wait_v0__ean_passenger_journey_time__exact_optimality__none__slot_time_relaxation_strengthening/five_station_optimized_initial_placement_skip_no_wait_v0/ean_passenger_service_journey_time.json,root,oip_mip_start_comparison_20260720_v2,artifact_snapshot,five_station_optimized_initial_placement_skip_no_wait_v0,,,,time_limit,,,,1200.0,,,300.0,109988,330535,,,4.497133292024955,,,300.1189148426056,154,2406,,,,,,76476.19721815595,objective_value_seconds,,,300.1189148426056,runtime_seconds,,,,,8,lexicographic_unserved_then_served_time_then_fleet,solver_runtime,13,multiobjective_phase_not_identified,,,,,,,,,,,,,,,,,,,,,,,,,,,,,,,
benchmarks/output/oip_mip_start_comparison_20260720_v2/artifacts/20260720T181859Z__five_station_optimized_initial_placement_skip_no_wait_v0__ean_passenger_journey_time__exact_optimality__greedy_all_stop__slot_time_relaxation_strengthening/five_station_optimized_initial_placement_skip_no_wait_v0/ean_passenger_service_journey_time.json,root,oip_mip_start_comparison_20260720_v2,artifact_snapshot,five_station_optimized_initial_placement_skip_no_wait_v0,,,,time_limit,,,,1200.0,,,300.0,109988,330535,,,4.466984250117093,,,300.1088171005249,627,1933,,,,,,443338.56902452686,objective_value_seconds,,,300.1088171005249,runtime_seconds,,,,,8,lexicographic_unserved_then_served_time_then_fleet,solver_runtime,11,multiobjective_phase_not_identified,,,,,,,,,,,,,,,,,,,,,,,,,,,,,,,
benchmarks/output/oip_mip_start_comparison_20260720_v2/artifacts/20260720T182404Z__five_station_optimized_initial_placement_skip_no_wait_v0__ean_passenger_journey_time__exact_optimality__optimized_all_stop__slot_time_relaxation_strengthening/five_station_optimized_initial_placement_skip_no_wait_v0/ean_passenger_service_journey_time.json,root,oip_mip_start_comparison_20260720_v2,artifact_snapshot,five_station_optimized_initial_placement_skip_no_wait_v0,,,,time_limit,,,,1200.0,,,300.0,109988,330535,,,4.571788000175729,,,300.0988290309906,992,1568,,,,,,511274.9090909089,objective_value_seconds,,,300.0988290309906,runtime_seconds,,,,,8,lexicographic_unserved_then_served_time_then_fleet,solver_runtime,8,multiobjective_phase_not_identified,,,,,,,,,,,,,,,,,,,,,,,,,,,,,,,
benchmarks/output/oip_mip_start_comparison_20260720_v2/results/20260720T174337Z__three_station_optimized_initial_placement_v0__ean_passenger_journey_time__exact_optimality__none__slot_time_relaxation_strengthening.json,root,oip_mip_start_comparison_20260720_v2,result_document,three_station_optimized_initial_placement_v0,,optimized_initial_placement,journey_time,,,,,,,,,26570,79445,,,0.9835526668466628,,,300.221715927124,704,2776,,,2026-07-20T17:48:38+00:00,67aa73b7774ac53d2e652ce30349622d73eb1647,,436457.4673455839,objective_value_seconds,,,300.221715927124,runtime_seconds,,,,,,lexicographic_unserved_then_served_time_then_fleet,solver_runtime,41,multiobjective_phase_not_identified,,,,,,,,,,,,,,,,,,300.0,,,,,,,,,,,,,
benchmarks/output/oip_mip_start_comparison_20260720_v2/results/20260720T174838Z__three_station_optimized_initial_placement_v0__ean_passenger_journey_time__exact_optimality__greedy_all_stop__slot_time_relaxation_strengthening.json,root,oip_mip_start_comparison_20260720_v2,result_document,three_station_optimized_initial_placement_v0,,optimized_initial_placement,journey_time,,,,,,,,,26570,79445,,,0.9581062088254839,,,303.01702308654785,704,2776,,,2026-07-20T17:53:42+00:00,67aa73b7774ac53d2e652ce30349622d73eb1647,,424350.54897435923,objective_value_seconds,,,303.01702308654785,runtime_seconds,,,,,,lexicographic_unserved_then_served_time_then_fleet,solver_runtime,44,multiobjective_phase_not_identified,,,,,,,,,,,,,,,,,,300.0,,,,,,,,,,,,,
benchmarks/output/oip_mip_start_comparison_20260720_v2/results/20260720T175343Z__three_station_optimized_initial_placement_v0__ean_passenger_journey_time__exact_optimality__optimized_all_stop__slot_time_relaxation_strengthening.json,root,oip_mip_start_comparison_20260720_v2,result_document,three_station_optimized_initial_placement_v0,,optimized_initial_placement,journey_time,,,,,,,,,26570,79445,,,0.9390292500611395,,,300.32055711746216,704,2776,,,2026-07-20T17:58:44+00:00,67aa73b7774ac53d2e652ce30349622d73eb1647,,432032.00000000006,objective_value_seconds,,,300.32055711746216,runtime_seconds,,,,,,lexicographic_unserved_then_served_time_then_fleet,solver_runtime,25,multiobjective_phase_not_identified,,,,,,,,,,,,,,,,,,300.0,,,,,,,,,,,,,
benchmarks/output/oip_mip_start_comparison_20260720_v2/results/20260720T175845Z__five_station_optimized_initial_placement_no_skip_no_wait_v0__ean_passenger_journey_time__exact_optimality__none__slot_time_relaxation_strengthening.json,root,oip_mip_start_comparison_20260720_v2,result_document,five_station_optimized_initial_placement_no_skip_no_wait_v0,,optimized_initial_placement_no_skip_no_wait,journey_time,,,,,,,,,51852,155887,,,1.8019046250265092,,,300.1037561893463,1024,1536,,,2026-07-20T18:03:47+00:00,67aa73b7774ac53d2e652ce30349622d73eb1647,,651372.9483907201,objective_value_seconds,,,300.1037561893463,runtime_seconds,,,,,,lexicographic_unserved_then_served_time_then_fleet,solver_runtime,45,multiobjective_phase_not_identified,,,,,,,,,,,,,,,,,,300.0,,,,,,,,,,,,,
benchmarks/output/oip_mip_start_comparison_20260720_v2/results/20260720T180348Z__five_station_optimized_initial_placement_no_skip_no_wait_v0__ean_passenger_journey_time__exact_optimality__greedy_all_stop__slot_time_relaxation_strengthening.json,root,oip_mip_start_comparison_20260720_v2,result_document,five_station_optimized_initial_placement_no_skip_no_wait_v0,,optimized_initial_placement_no_skip_no_wait,journey_time,,,,,,,,,51852,155887,,,1.842939999885857,,,300.1288468837738,1024,1536,,,2026-07-20T18:08:50+00:00,67aa73b7774ac53d2e652ce30349622d73eb1647,,604123.1023998932,objective_value_seconds,,,300.1288468837738,runtime_seconds,,,,,,lexicographic_unserved_then_served_time_then_fleet,solver_runtime,68,multiobjective_phase_not_identified,,,,,,,,,,,,,,,,,,300.0,,,,,,,,,,,,,
benchmarks/output/oip_mip_start_comparison_20260720_v2/results/20260720T180850Z__five_station_optimized_initial_placement_no_skip_no_wait_v0__ean_passenger_journey_time__exact_optimality__optimized_all_stop__slot_time_relaxation_strengthening.json,root,oip_mip_start_comparison_20260720_v2,result_document,five_station_optimized_initial_placement_no_skip_no_wait_v0,,optimized_initial_placement_no_skip_no_wait,journey_time,,,,,,,,,51852,155887,,,1.8534231670200825,,,300.1374161243439,1024,1536,,,2026-07-20T18:13:53+00:00,67aa73b7774ac53d2e652ce30349622d73eb1647,,586128.8302817434,objective_value_seconds,,,300.1374161243439,runtime_seconds,,,,,,lexicographic_unserved_then_served_time_then_fleet,solver_runtime,73,multiobjective_phase_not_identified,,,,,,,,,,,,,,,,,,300.0,,,,,,,,,,,,,
benchmarks/output/oip_mip_start_comparison_20260720_v2/results/20260720T181353Z__five_station_optimized_initial_placement_skip_no_wait_v0__ean_passenger_journey_time__exact_optimality__none__slot_time_relaxation_strengthening.json,root,oip_mip_start_comparison_20260720_v2,result_document,five_station_optimized_initial_placement_skip_no_wait_v0,,optimized_initial_placement_skip_no_wait,journey_time,,,,,,,,,109988,330535,,,4.497133292024955,,,300.1189148426056,154,2406,,,2026-07-20T18:18:58+00:00,67aa73b7774ac53d2e652ce30349622d73eb1647,,76476.19721815595,objective_value_seconds,,,300.1189148426056,runtime_seconds,,,,,,lexicographic_unserved_then_served_time_then_fleet,solver_runtime,13,multiobjective_phase_not_identified,,,,,,,,,,,,,,,,,,300.0,,,,,,,,,,,,,
benchmarks/output/oip_mip_start_comparison_20260720_v2/results/20260720T181859Z__five_station_optimized_initial_placement_skip_no_wait_v0__ean_passenger_journey_time__exact_optimality__greedy_all_stop__slot_time_relaxation_strengthening.json,root,oip_mip_start_comparison_20260720_v2,result_document,five_station_optimized_initial_placement_skip_no_wait_v0,,optimized_initial_placement_skip_no_wait,journey_time,,,,,,,,,109988,330535,,,4.466984250117093,,,300.1088171005249,627,1933,,,2026-07-20T18:24:04+00:00,67aa73b7774ac53d2e652ce30349622d73eb1647,,443338.56902452686,objective_value_seconds,,,300.1088171005249,runtime_seconds,,,,,,lexicographic_unserved_then_served_time_then_fleet,solver_runtime,11,multiobjective_phase_not_identified,,,,,,,,,,,,,,,,,,300.0,,,,,,,,,,,,,
benchmarks/output/oip_mip_start_comparison_20260720_v2/results/20260720T182404Z__five_station_optimized_initial_placement_skip_no_wait_v0__ean_passenger_journey_time__exact_optimality__optimized_all_stop__slot_time_relaxation_strengthening.json,root,oip_mip_start_comparison_20260720_v2,result_document,five_station_optimized_initial_placement_skip_no_wait_v0,,optimized_initial_placement_skip_no_wait,journey_time,,,,,,,,,109988,330535,,,4.571788000175729,,,300.0988290309906,992,1568,,,2026-07-20T18:29:09+00:00,67aa73b7774ac53d2e652ce30349622d73eb1647,,511274.9090909089,objective_value_seconds,,,300.0988290309906,runtime_seconds,,,,,,lexicographic_unserved_then_served_time_then_fleet,solver_runtime,8,multiobjective_phase_not_identified,,,,,,,,,,,,,,,,,,300.0,,,,,,,,,,,,,
benchmarks/output/oip_mip_start_comparison_20260720_v2/summary.json,root.runs.0,oip_mip_start_comparison_20260720_v2,diagnostic_case,three_station_optimized_initial_placement_v0,,,,,,,,,,,,26570,79445,,,,,,300.221715927124,704,2776,,,,,,436457.4673455839,objective_value_seconds,,,300.221715927124,runtime_seconds,,,,,,lexicographic_unserved_then_served_time_then_fleet,,0,multiobjective_phase_not_identified,,,,,,,,,,,,,,,,,,,,,,,,,,,,,,,
benchmarks/output/oip_mip_start_comparison_20260720_v2/summary.json,root.runs.1,oip_mip_start_comparison_20260720_v2,diagnostic_case,three_station_optimized_initial_placement_v0,,,,,,,,,,,,26570,79445,,,,,,303.01702308654785,704,2776,,,,,,424350.54897435923,objective_value_seconds,,,303.01702308654785,runtime_seconds,,,,,,lexicographic_unserved_then_served_time_then_fleet,,0,multiobjective_phase_not_identified,,,,,,,,,,,,,,,,,,,,,,,,,,,,,,,
benchmarks/output/oip_mip_start_comparison_20260720_v2/summary.json,root.runs.2,oip_mip_start_comparison_20260720_v2,diagnostic_case,three_station_optimized_initial_placement_v0,,,,,,,,,,,,26570,79445,,,,,,300.32055711746216,704,2776,,,,,,432032.00000000006,objective_value_seconds,,,300.32055711746216,runtime_seconds,,,,,,lexicographic_unserved_then_served_time_then_fleet,,0,multiobjective_phase_not_identified,,,,,,,,,,,,,,,,,,,,,,,,,,,,,,,
benchmarks/output/oip_mip_start_comparison_20260720_v2/summary.json,root.runs.3,oip_mip_start_comparison_20260720_v2,diagnostic_case,five_station_optimized_initial_placement_no_skip_no_wait_v0,,,,,,,,,,,,51852,155887,,,,,,300.1037561893463,1024,1536,,,,,,651372.9483907201,objective_value_seconds,,,300.1037561893463,runtime_seconds,,,,,,lexicographic_unserved_then_served_time_then_fleet,,0,multiobjective_phase_not_identified,,,,,,,,,,,,,,,,,,,,,,,,,,,,,,,
benchmarks/output/oip_mip_start_comparison_20260720_v2/summary.json,root.runs.4,oip_mip_start_comparison_20260720_v2,diagnostic_case,five_station_optimized_initial_placement_no_skip_no_wait_v0,,,,,,,,,,,,51852,155887,,,,,,300.1288468837738,1024,1536,,,,,,604123.1023998932,objective_value_seconds,,,300.1288468837738,runtime_seconds,,,,,,lexicographic_unserved_then_served_time_then_fleet,,0,multiobjective_phase_not_identified,,,,,,,,,,,,,,,,,,,,,,,,,,,,,,,
benchmarks/output/oip_mip_start_comparison_20260720_v2/summary.json,root.runs.5,oip_mip_start_comparison_20260720_v2,diagnostic_case,five_station_optimized_initial_placement_no_skip_no_wait_v0,,,,,,,,,,,,51852,155887,,,,,,300.1374161243439,1024,1536,,,,,,586128.8302817434,objective_value_seconds,,,300.1374161243439,runtime_seconds,,,,,,lexicographic_unserved_then_served_time_then_fleet,,0,multiobjective_phase_not_identified,,,,,,,,,,,,,,,,,,,,,,,,,,,,,,,
benchmarks/output/oip_mip_start_comparison_20260720_v2/summary.json,root.runs.6,oip_mip_start_comparison_20260720_v2,diagnostic_case,five_station_optimized_initial_placement_skip_no_wait_v0,,,,,,,,,,,,109988,330535,,,,,,300.1189148426056,154,2406,,,,,,76476.19721815595,objective_value_seconds,,,300.1189148426056,runtime_seconds,,,,,,lexicographic_unserved_then_served_time_then_fleet,,0,multiobjective_phase_not_identified,,,,,,,,,,,,,,,,,,,,,,,,,,,,,,,
benchmarks/output/oip_mip_start_comparison_20260720_v2/summary.json,root.runs.7,oip_mip_start_comparison_20260720_v2,diagnostic_case,five_station_optimized_initial_placement_skip_no_wait_v0,,,,,,,,,,,,109988,330535,,,,,,300.1088171005249,627,1933,,,,,,443338.56902452686,objective_value_seconds,,,300.1088171005249,runtime_seconds,,,,,,lexicographic_unserved_then_served_time_then_fleet,,0,multiobjective_phase_not_identified,,,,,,,,,,,,,,,,,,,,,,,,,,,,,,,
benchmarks/output/oip_mip_start_comparison_20260720_v2/summary.json,root.runs.8,oip_mip_start_comparison_20260720_v2,diagnostic_case,five_station_optimized_initial_placement_skip_no_wait_v0,,,,,,,,,,,,109988,330535,,,,,,300.0988290309906,992,1568,,,,,,511274.9090909089,objective_value_seconds,,,300.0988290309906,runtime_seconds,,,,,,lexicographic_unserved_then_served_time_then_fleet,,0,multiobjective_phase_not_identified,,,,,,,,,,,,,,,,,,,,,,,,,,,,,,,
benchmarks/output/oip_mip_start_debug/artifacts/20260720T173911Z__five_station_optimized_initial_placement_skip_no_wait_v0__ean_passenger_journey_time__exact_optimality__optimized_all_stop__slot_time_relaxation_strengthening/five_station_optimized_initial_placement_skip_no_wait_v0/ean_passenger_service_journey_time.json,root,oip_mip_start_debug,artifact_snapshot,five_station_optimized_initial_placement_skip_no_wait_v0,,,,time_limit,,,,1200.0,,,10.0,109988,330535,,,4.654396374942735,,,10.047756910324097,0,2560,,,,,,0.0,objective_value_seconds,,,10.047756910324097,runtime_seconds,,,,,8,lexicographic_unserved_then_served_time_then_fleet,solver_runtime,2,multiobjective_phase_not_identified,,,,,,,,,,,,,,,,,,,,,,,,,,,,,,,
benchmarks/output/oip_mip_start_debug/results/20260720T173911Z__five_station_optimized_initial_placement_skip_no_wait_v0__ean_passenger_journey_time__exact_optimality__optimized_all_stop__slot_time_relaxation_strengthening.json,root,oip_mip_start_debug,result_document,five_station_optimized_initial_placement_skip_no_wait_v0,,optimized_initial_placement_skip_no_wait,journey_time,,,,,,,,,109988,330535,,,4.654396374942735,,,10.047756910324097,0,2560,,,2026-07-20T17:39:27+00:00,67aa73b7774ac53d2e652ce30349622d73eb1647,,0.0,objective_value_seconds,,,10.047756910324097,runtime_seconds,,,,,,lexicographic_unserved_then_served_time_then_fleet,solver_runtime,2,multiobjective_phase_not_identified,,,,,,,,,,,,,,,,,,10.0,,,,,,,,,,,,,
benchmarks/output/oip_mip_start_debug_conditional/artifacts/20260720T174311Z__five_station_optimized_initial_placement_skip_no_wait_v0__ean_passenger_journey_time__exact_optimality__optimized_all_stop__slot_time_relaxation_strengthening/five_station_optimized_initial_placement_skip_no_wait_v0/ean_passenger_service_journey_time.json,root,oip_mip_start_debug_conditional,artifact_snapshot,five_station_optimized_initial_placement_skip_no_wait_v0,,,,time_limit,,,,1200.0,,,10.0,109988,330535,,,4.765623582992703,,,10.080146074295044,992,1568,,,,,,511274.9090909089,objective_value_seconds,,,10.080146074295044,runtime_seconds,,,,,8,lexicographic_unserved_then_served_time_then_fleet,solver_runtime,2,multiobjective_phase_not_identified,,,,,,,,,,,,,,,,,,,,,,,,,,,,,,,
benchmarks/output/oip_mip_start_debug_conditional/results/20260720T174311Z__five_station_optimized_initial_placement_skip_no_wait_v0__ean_passenger_journey_time__exact_optimality__optimized_all_stop__slot_time_relaxation_strengthening.json,root,oip_mip_start_debug_conditional,result_document,five_station_optimized_initial_placement_skip_no_wait_v0,,optimized_initial_placement_skip_no_wait,journey_time,,,,,,,,,109988,330535,,,4.765623582992703,,,10.080146074295044,992,1568,,,2026-07-20T17:43:27+00:00,67aa73b7774ac53d2e652ce30349622d73eb1647,,511274.9090909089,objective_value_seconds,,,10.080146074295044,runtime_seconds,,,,,,lexicographic_unserved_then_served_time_then_fleet,solver_runtime,2,multiobjective_phase_not_identified,,,,,,,,,,,,,,,,,,10.0,,,,,,,,,,,,,
benchmarks/output/oip_mip_start_debug_fixed/artifacts/20260720T174006Z__five_station_optimized_initial_placement_skip_no_wait_v0__ean_passenger_journey_time__exact_optimality__optimized_all_stop__slot_time_relaxation_strengthening/five_station_optimized_initial_placement_skip_no_wait_v0/ean_passenger_service_journey_time.json,root,oip_mip_start_debug_fixed,artifact_snapshot,five_station_optimized_initial_placement_skip_no_wait_v0,,,,time_limit,,,,1200.0,,,10.0,109988,330535,,,4.807043500011787,,,10.039793014526367,0,2560,,,,,,0.0,objective_value_seconds,,,10.039793014526367,runtime_seconds,,,,,8,lexicographic_unserved_then_served_time_then_fleet,solver_runtime,2,multiobjective_phase_not_identified,,,,,,,,,,,,,,,,,,,,,,,,,,,,,,,
benchmarks/output/oip_mip_start_debug_fixed/results/20260720T174006Z__five_station_optimized_initial_placement_skip_no_wait_v0__ean_passenger_journey_time__exact_optimality__optimized_all_stop__slot_time_relaxation_strengthening.json,root,oip_mip_start_debug_fixed,result_document,five_station_optimized_initial_placement_skip_no_wait_v0,,optimized_initial_placement_skip_no_wait,journey_time,,,,,,,,,109988,330535,,,4.807043500011787,,,10.039793014526367,0,2560,,,2026-07-20T17:40:21+00:00,67aa73b7774ac53d2e652ce30349622d73eb1647,,0.0,objective_value_seconds,,,10.039793014526367,runtime_seconds,,,,,,lexicographic_unserved_then_served_time_then_fleet,solver_runtime,2,multiobjective_phase_not_identified,,,,,,,,,,,,,,,,,,10.0,,,,,,,,,,,,,
benchmarks/output/phase2_unary_slots/smoke/artifacts/20260715T085710Z__three_station_v0__ean_passenger_journey_time__exact_optimality__all/three_station_v0/ean_passenger_service_journey_time.json,root,phase2_unary_slots,artifact_snapshot,three_station_v0,,,,time_limit,,,,1200.0,,,1.0,82398,233193,,,2.014158833073452,,,1.0455849170684814,1352,2128,,,,,,3435543.6363636353,objective_value_seconds,,,1.0455849170684814,runtime_seconds,,,,,15,reported_objective_verify_domain,solver_runtime,2,reported_objective_units,3435543.6363636353,0.07236003875732422,,,,1.0455849170684814,3435543.6363636353,,0,,,,,,,,,,,,,,,,,,,,,,
benchmarks/output/phase2_unary_slots/smoke/artifacts/20260715T085719Z__three_station_v0__ean_passenger_journey_time__exact_optimality__candidate_horizon_pruning+single_ring_dominated_ride_pruning+slot_time_relaxation_strengthening+slot_activation_first_slot/three_station_v0/ean_passenger_service_journey_time.json,root,phase2_unary_slots,artifact_snapshot,three_station_v0,,,,time_limit,,,,1200.0,,,1.0,82398,183377,,,1.6329462497960776,,,1.0376880168914795,1352,2128,,,,,,3435543.6363636353,objective_value_seconds,,,1.0376880168914795,runtime_seconds,,,,,15,reported_objective_verify_domain,solver_runtime,2,reported_objective_units,3435543.6363636353,0.056542158126831055,,,,1.0376880168914795,3435543.6363636353,,0,,,,,,,,,,,,,,,,,,,,,,
benchmarks/output/phase2_unary_slots/smoke/artifacts/20260715T085733Z__five_station_v0__ean_passenger_journey_time__exact_optimality__all/five_station_v0/ean_passenger_service_journey_time.json,root,phase2_unary_slots,artifact_snapshot,five_station_v0,,,,time_limit,,,,1200.0,,,1.0,293932,953396,,,7.688789957901463,,,1.1691968441009521,1480,1720,,,,,,3155354.2533532046,objective_value_seconds,,,1.1691968441009521,runtime_seconds,,,,,31,reported_objective_verify_domain,solver_runtime,2,reported_objective_units,3155354.2533532046,0.26572179794311523,,,,1.1691968441009521,3155354.2533532046,,0,,,,,,,,,,,,,,,,,,,,,,
benchmarks/output/phase2_unary_slots/smoke/artifacts/20260715T085754Z__five_station_v0__ean_passenger_journey_time__exact_optimality__candidate_horizon_pruning+single_ring_dominated_ride_pruning+slot_time_relaxation_strengthening+slot_activation_first_slot/five_station_v0/ean_passenger_service_journey_time.json,root,phase2_unary_slots,artifact_snapshot,five_station_v0,,,,time_limit,,,,1200.0,,,1.0,293932,686324,,,6.123010624898598,,,1.1670310497283936,1480,1720,,,,,,3155354.2533532046,objective_value_seconds,,,1.1670310497283936,runtime_seconds,,,,,31,reported_objective_verify_domain,solver_runtime,2,reported_objective_units,3155354.2533532046,0.21808290481567383,,,,1.1670310497283936,3155354.2533532046,,0,,,,,,,,,,,,,,,,,,,,,,
benchmarks/output/phase2_unary_slots/smoke/results/20260715T085710Z__three_station_v0__ean_passenger_journey_time__exact_optimality__all.json,root,phase2_unary_slots,result_document,three_station_v0,,half_cabins_skip_wait,journey_time,,,,,,,,,82398,233193,,,2.014158833073452,,,1.0455849170684814,1352,2128,,,2026-07-15T08:57:14+00:00,103d9b86eb6a89f86cfa137c9edd09d336aab9a8,,3435543.6363636353,objective_value_seconds,,,1.0455849170684814,runtime_seconds,,,,,,reported_objective_verify_domain,solver_runtime,2,reported_objective_units,3435543.6363636353,0.07236003875732422,,,,1.0455849170684814,3435543.6363636353,,0,,,,,,,,,1.0,,,,,,,,,,,,,
benchmarks/output/phase2_unary_slots/smoke/results/20260715T085719Z__three_station_v0__ean_passenger_journey_time__exact_optimality__candidate_horizon_pruning+single_ring_dominated_ride_pruning+slot_time_relaxation_strengthening+slot_activation_first_slot.json,root,phase2_unary_slots,result_document,three_station_v0,,half_cabins_skip_wait,journey_time,,,,,,,,,82398,183377,,,1.6329462497960776,,,1.0376880168914795,1352,2128,,,2026-07-15T08:57:23+00:00,103d9b86eb6a89f86cfa137c9edd09d336aab9a8,,3435543.6363636353,objective_value_seconds,,,1.0376880168914795,runtime_seconds,,,,,,reported_objective_verify_domain,solver_runtime,2,reported_objective_units,3435543.6363636353,0.056542158126831055,,,,1.0376880168914795,3435543.6363636353,,0,,,,,,,,,1.0,,,,,,,,,,,,,
benchmarks/output/phase2_unary_slots/smoke/results/20260715T085733Z__five_station_v0__ean_passenger_journey_time__exact_optimality__all.json,root,phase2_unary_slots,result_document,five_station_v0,,half_cabins_skip_wait,journey_time,,,,,,,,,293932,953396,,,7.688789957901463,,,1.1691968441009521,1480,1720,,,2026-07-15T08:57:44+00:00,103d9b86eb6a89f86cfa137c9edd09d336aab9a8,,3155354.2533532046,objective_value_seconds,,,1.1691968441009521,runtime_seconds,,,,,,reported_objective_verify_domain,solver_runtime,2,reported_objective_units,3155354.2533532046,0.26572179794311523,,,,1.1691968441009521,3155354.2533532046,,0,,,,,,,,,1.0,,,,,,,,,,,,,
benchmarks/output/phase2_unary_slots/smoke/results/20260715T085754Z__five_station_v0__ean_passenger_journey_time__exact_optimality__candidate_horizon_pruning+single_ring_dominated_ride_pruning+slot_time_relaxation_strengthening+slot_activation_first_slot.json,root,phase2_unary_slots,result_document,five_station_v0,,half_cabins_skip_wait,journey_time,,,,,,,,,293932,686324,,,6.123010624898598,,,1.1670310497283936,1480,1720,,,2026-07-15T08:58:03+00:00,103d9b86eb6a89f86cfa137c9edd09d336aab9a8,,3155354.2533532046,objective_value_seconds,,,1.1670310497283936,runtime_seconds,,,,,,reported_objective_verify_domain,solver_runtime,2,reported_objective_units,3155354.2533532046,0.21808290481567383,,,,1.1670310497283936,3155354.2533532046,,0,,,,,,,,,1.0,,,,,,,,,,,,,
benchmarks/output/phase2_unary_slots/three_station_5min/artifacts/20260715T090956Z__three_station_v0__ean_passenger_journey_time__exact_optimality__all/three_station_v0/ean_passenger_service_journey_time.json,root,phase2_unary_slots,artifact_snapshot,three_station_v0,,,,time_limit,,,,1200.0,,,300.0,82398,233193,,,1.9913152498193085,,,300.1548430919647,2428,1052,0.0651525878950434,,,,,2704689.090907703,objective_value_seconds,2528471.597183574,best_bound,300.1548430919647,runtime_seconds,,,,,15,reported_objective_verify_domain,solver_runtime,81,reported_objective_units,3435543.6363636353,0.06654810905456543,-1.3926637620897964e-12,137.6043930053711,167.19642996788025,300.1548430919647,2704689.0909083514,2528471.597183574,47,3028653.090909046,2463202.3554474544,2707525.5454545384,2504828.7617294486,2704713.454545449,2526950.5066153193,2704689.0909083514,2528471.597183574,,,,,,,,,,,,,,
benchmarks/output/phase2_unary_slots/three_station_5min/artifacts/20260715T091506Z__three_station_v0__ean_passenger_journey_time__exact_optimality__candidate_horizon_pruning+single_ring_dominated_ride_pruning+slot_time_relaxation_strengthening+slot_activation_first_slot/three_station_v0/ean_passenger_service_journey_time.json,root,phase2_unary_slots,artifact_snapshot,three_station_v0,,,,time_limit,,,,1200.0,,,300.0,82398,183377,,,1.600902457954362,,,300.16519498825073,2444,1036,0.06402927463781936,,,,,2704863.0909090787,objective_value_seconds,2531672.6692035603,best_bound,300.16519498825073,runtime_seconds,,,,,15,reported_objective_verify_domain,solver_runtime,94,reported_objective_units,3435543.6363636353,0.05243396759033203,-1.3926637620897964e-12,128.95821499824524,144.26973390579224,300.16519498825073,2704863.0909090787,2531672.6692035603,55,3024918.818181779,2460389.5687191393,2706149.818181808,2506572.170900059,2704888.7272727154,2530595.969645111,2704863.0909090787,2531672.6692035603,,,,,,,,,,,,,,
benchmarks/output/phase2_unary_slots/three_station_5min/artifacts/20260715T092016Z__three_station_v0__ean_passenger_journey_time__exact_optimality__candidate_horizon_pruning+single_ring_dominated_ride_pruning+slot_time_relaxation_strengthening+slot_activation_first_slot/three_station_v0/ean_passenger_service_journey_time.json,root,phase2_unary_slots,artifact_snapshot,three_station_v0,,,,time_limit,,,,1200.0,,,300.0,82398,183377,,,1.8949421250727028,,,300.1216549873352,2444,1036,0.06402927463781936,,,,,2704863.0909090787,objective_value_seconds,2531672.6692035603,best_bound,300.1216549873352,runtime_seconds,,,,,15,reported_objective_verify_domain,solver_runtime,94,reported_objective_units,3435543.6363636353,0.06399989128112793,-1.3926637620897964e-12,129.51146292686462,144.32453894615173,300.1216549873352,2704863.0909090787,2531672.6692035603,55,3024918.818181779,2460389.5687191393,2706149.818181808,2506572.170900059,2704904.7272726875,2530595.969645111,2704863.0909090787,2531672.6692035603,,,,,,,,,,,,,,
benchmarks/output/phase2_unary_slots/three_station_5min/artifacts/20260715T092530Z__three_station_v0__ean_passenger_journey_time__exact_optimality__all/three_station_v0/ean_passenger_service_journey_time.json,root,phase2_unary_slots,artifact_snapshot,three_station_v0,,,,time_limit,,,,1200.0,,,300.0,82398,233193,,,1.9229944590479136,,,300.13482189178467,2428,1052,0.0651525878950434,,,,,2704689.090907703,objective_value_seconds,2528471.597183574,best_bound,300.13482189178467,runtime_seconds,,,,,15,reported_objective_verify_domain,solver_runtime,82,reported_objective_units,3435543.6363636353,0.06099390983581543,-1.3926637620897964e-12,137.40792202949524,166.04853105545044,300.13482189178467,2704689.0909083514,2528471.597183574,47,3028653.090909046,2463202.3554474544,2707745.8181818114,2504828.7617294486,2704713.454545449,2526950.5066153193,2704689.0909083514,2528471.597183574,,,,,,,,,,,,,,
benchmarks/output/phase2_unary_slots/three_station_5min/artifacts/20260715T093042Z__three_station_v0__ean_passenger_journey_time__exact_optimality__all/three_station_v0/ean_passenger_service_journey_time.json,root,phase2_unary_slots,artifact_snapshot,three_station_v0,,,,time_limit,,,,1200.0,,,300.0,82398,233193,,,1.882744750007987,,,300.39543890953064,2428,1052,0.0651525878950434,,,,,2704689.090907703,objective_value_seconds,2528471.597183574,best_bound,300.39543890953064,runtime_seconds,,,,,15,reported_objective_verify_domain,solver_runtime,82,reported_objective_units,3435543.6363636353,0.0605928897857666,-1.3926637620897964e-12,131.32219696044922,159.64735388755798,300.39543890953064,2704689.0909083514,2528471.597183574,47,2977255.181818172,2484124.8694093544,2707295.3636363605,2504828.7617294486,2704713.454545449,2526950.5066153193,2704689.0909083514,2528471.597183574,,,,,,,,,,,,,,
benchmarks/output/phase2_unary_slots/three_station_5min/artifacts/20260715T093553Z__three_station_v0__ean_passenger_journey_time__exact_optimality__candidate_horizon_pruning+single_ring_dominated_ride_pruning+slot_time_relaxation_strengthening+slot_activation_first_slot/three_station_v0/ean_passenger_service_journey_time.json,root,phase2_unary_slots,artifact_snapshot,three_station_v0,,,,time_limit,,,,1200.0,,,300.0,82398,183377,,,1.6398729579523206,,,300.1312470436096,2444,1036,0.06402927463781936,,,,,2704863.0909090787,objective_value_seconds,2531672.6692035603,best_bound,300.1312470436096,runtime_seconds,,,,,15,reported_objective_verify_domain,solver_runtime,96,reported_objective_units,3435543.6363636353,0.054595947265625,-1.3926637620897964e-12,123.07274293899536,137.76683712005615,300.1312470436096,2704863.0909090787,2531672.6692035603,55,3024918.818181779,2460389.5687191393,2706059.727272718,2512081.131165901,2704888.7272727154,2530595.969645111,2704863.0909090787,2531672.6692035603,,,,,,,,,,,,,,
benchmarks/output/phase2_unary_slots/three_station_5min/results/20260715T090956Z__three_station_v0__ean_passenger_journey_time__exact_optimality__all.json,root,phase2_unary_slots,result_document,three_station_v0,,half_cabins_skip_wait,journey_time,,,,,,,,,82398,233193,,,1.9913152498193085,,,300.1548430919647,2428,1052,0.0651525878950434,,2026-07-15T09:14:59+00:00,103d9b86eb6a89f86cfa137c9edd09d336aab9a8,,2704689.090907703,objective_value_seconds,2528471.597183574,best_bound,300.1548430919647,runtime_seconds,,,,,,reported_objective_verify_domain,solver_runtime,81,reported_objective_units,3435543.6363636353,0.06654810905456543,-1.3926637620897964e-12,137.6043930053711,167.19642996788025,300.1548430919647,2704689.0909083514,2528471.597183574,47,3028653.090909046,2463202.3554474544,2707525.5454545384,2504828.7617294486,2704713.454545449,2526950.5066153193,2704689.0909083514,2528471.597183574,300.0,,,,,,,,,,,,,
benchmarks/output/phase2_unary_slots/three_station_5min/results/20260715T091506Z__three_station_v0__ean_passenger_journey_time__exact_optimality__candidate_horizon_pruning+single_ring_dominated_ride_pruning+slot_time_relaxation_strengthening+slot_activation_first_slot.json,root,phase2_unary_slots,result_document,three_station_v0,,half_cabins_skip_wait,journey_time,,,,,,,,,82398,183377,,,1.600902457954362,,,300.16519498825073,2444,1036,0.06402927463781936,,2026-07-15T09:20:09+00:00,103d9b86eb6a89f86cfa137c9edd09d336aab9a8,,2704863.0909090787,objective_value_seconds,2531672.6692035603,best_bound,300.16519498825073,runtime_seconds,,,,,,reported_objective_verify_domain,solver_runtime,94,reported_objective_units,3435543.6363636353,0.05243396759033203,-1.3926637620897964e-12,128.95821499824524,144.26973390579224,300.16519498825073,2704863.0909090787,2531672.6692035603,55,3024918.818181779,2460389.5687191393,2706149.818181808,2506572.170900059,2704888.7272727154,2530595.969645111,2704863.0909090787,2531672.6692035603,300.0,,,,,,,,,,,,,
benchmarks/output/phase2_unary_slots/three_station_5min/results/20260715T092016Z__three_station_v0__ean_passenger_journey_time__exact_optimality__candidate_horizon_pruning+single_ring_dominated_ride_pruning+slot_time_relaxation_strengthening+slot_activation_first_slot.json,root,phase2_unary_slots,result_document,three_station_v0,,half_cabins_skip_wait,journey_time,,,,,,,,,82398,183377,,,1.8949421250727028,,,300.1216549873352,2444,1036,0.06402927463781936,,2026-07-15T09:25:19+00:00,103d9b86eb6a89f86cfa137c9edd09d336aab9a8,,2704863.0909090787,objective_value_seconds,2531672.6692035603,best_bound,300.1216549873352,runtime_seconds,,,,,,reported_objective_verify_domain,solver_runtime,94,reported_objective_units,3435543.6363636353,0.06399989128112793,-1.3926637620897964e-12,129.51146292686462,144.32453894615173,300.1216549873352,2704863.0909090787,2531672.6692035603,55,3024918.818181779,2460389.5687191393,2706149.818181808,2506572.170900059,2704904.7272726875,2530595.969645111,2704863.0909090787,2531672.6692035603,300.0,,,,,,,,,,,,,
benchmarks/output/phase2_unary_slots/three_station_5min/results/20260715T092530Z__three_station_v0__ean_passenger_journey_time__exact_optimality__all.json,root,phase2_unary_slots,result_document,three_station_v0,,half_cabins_skip_wait,journey_time,,,,,,,,,82398,233193,,,1.9229944590479136,,,300.13482189178467,2428,1052,0.0651525878950434,,2026-07-15T09:30:33+00:00,103d9b86eb6a89f86cfa137c9edd09d336aab9a8,,2704689.090907703,objective_value_seconds,2528471.597183574,best_bound,300.13482189178467,runtime_seconds,,,,,,reported_objective_verify_domain,solver_runtime,82,reported_objective_units,3435543.6363636353,0.06099390983581543,-1.3926637620897964e-12,137.40792202949524,166.04853105545044,300.13482189178467,2704689.0909083514,2528471.597183574,47,3028653.090909046,2463202.3554474544,2707745.8181818114,2504828.7617294486,2704713.454545449,2526950.5066153193,2704689.0909083514,2528471.597183574,300.0,,,,,,,,,,,,,
benchmarks/output/phase2_unary_slots/three_station_5min/results/20260715T093042Z__three_station_v0__ean_passenger_journey_time__exact_optimality__all.json,root,phase2_unary_slots,result_document,three_station_v0,,half_cabins_skip_wait,journey_time,,,,,,,,,82398,233193,,,1.882744750007987,,,300.39543890953064,2428,1052,0.0651525878950434,,2026-07-15T09:35:46+00:00,103d9b86eb6a89f86cfa137c9edd09d336aab9a8,,2704689.090907703,objective_value_seconds,2528471.597183574,best_bound,300.39543890953064,runtime_seconds,,,,,,reported_objective_verify_domain,solver_runtime,82,reported_objective_units,3435543.6363636353,0.0605928897857666,-1.3926637620897964e-12,131.32219696044922,159.64735388755798,300.39543890953064,2704689.0909083514,2528471.597183574,47,2977255.181818172,2484124.8694093544,2707295.3636363605,2504828.7617294486,2704713.454545449,2526950.5066153193,2704689.0909083514,2528471.597183574,300.0,,,,,,,,,,,,,
benchmarks/output/phase2_unary_slots/three_station_5min/results/20260715T093553Z__three_station_v0__ean_passenger_journey_time__exact_optimality__candidate_horizon_pruning+single_ring_dominated_ride_pruning+slot_time_relaxation_strengthening+slot_activation_first_slot.json,root,phase2_unary_slots,result_document,three_station_v0,,half_cabins_skip_wait,journey_time,,,,,,,,,82398,183377,,,1.6398729579523206,,,300.1312470436096,2444,1036,0.06402927463781936,,2026-07-15T09:40:56+00:00,103d9b86eb6a89f86cfa137c9edd09d336aab9a8,,2704863.0909090787,objective_value_seconds,2531672.6692035603,best_bound,300.1312470436096,runtime_seconds,,,,,,reported_objective_verify_domain,solver_runtime,96,reported_objective_units,3435543.6363636353,0.054595947265625,-1.3926637620897964e-12,123.07274293899536,137.76683712005615,300.1312470436096,2704863.0909090787,2531672.6692035603,55,3024918.818181779,2460389.5687191393,2706059.727272718,2512081.131165901,2704888.7272727154,2530595.969645111,2704863.0909090787,2531672.6692035603,300.0,,,,,,,,,,,,,
benchmarks/output/projected_board_time/three_station_5min/artifacts/20260715T102120Z__three_station_v0__ean_passenger_journey_time__exact_optimality__all/three_station_v0/ean_passenger_service_journey_time.json,root,projected_board_time,artifact_snapshot,three_station_v0,,,,time_limit,,,,1200.0,,,300.0,82398,233193,,,2.004510666942224,,,300.39815616607666,2428,1052,0.0651525878950434,,,,,2704689.090907703,objective_value_seconds,2528471.597183574,best_bound,300.39815616607666,runtime_seconds,,,,,15,reported_objective_verify_domain,solver_runtime,82,reported_objective_units,3435543.6363636353,0.06450009346008301,-1.3926637620897964e-12,134.3271951675415,163.2142050266266,300.39815616607666,2704689.0909083514,2528471.597183574,47,3028653.090909046,2463202.3554474544,2707414.4545454467,2504828.7617294486,2704713.454545449,2526950.5066153193,2704689.0909083514,2528471.597183574,,,,,,,,,,,,,,
benchmarks/output/projected_board_time/three_station_5min/artifacts/20260715T102633Z__three_station_v0__ean_passenger_journey_time__exact_optimality__candidate_horizon_pruning+single_ring_dominated_ride_pruning+slot_time_relaxation_strengthening+board_time_projected_journey_time/three_station_v0/ean_passenger_service_journey_time.json,root,projected_board_time,artifact_snapshot,three_station_v0,,,,time_limit,,,,1200.0,,,300.0,74734,202537,,,1.8467244999483228,,,300.15318489074707,2424,1056,0.06619561603032174,,,,,2704968.727272708,objective_value_seconds,2525911.6560281357,best_bound,300.15318489074707,runtime_seconds,,,,,15,reported_objective_verify_domain,solver_runtime,73,reported_objective_units,3435543.6363636353,0.05677986145019531,-1.3926637620897964e-12,155.23353695869446,293.70863485336304,300.15318489074707,2704968.727272708,2525911.6560281357,28,2778392.8181817457,2495952.1548273773,2705620.363636312,2523449.3971321583,2705264.3636363293,2525380.185323811,2704968.727272708,2525911.6560281357,,,,,,,,,,,,,,
benchmarks/output/projected_board_time/three_station_5min/results/20260715T102120Z__three_station_v0__ean_passenger_journey_time__exact_optimality__all.json,root,projected_board_time,result_document,three_station_v0,,half_cabins_skip_wait,journey_time,,,,,,,,,82398,233193,,,2.004510666942224,,,300.39815616607666,2428,1052,0.0651525878950434,,2026-07-15T10:26:23+00:00,5872075e9d803b1a6c16e83a2935ce529209bade,,2704689.090907703,objective_value_seconds,2528471.597183574,best_bound,300.39815616607666,runtime_seconds,,,,,,reported_objective_verify_domain,solver_runtime,82,reported_objective_units,3435543.6363636353,0.06450009346008301,-1.3926637620897964e-12,134.3271951675415,163.2142050266266,300.39815616607666,2704689.0909083514,2528471.597183574,47,3028653.090909046,2463202.3554474544,2707414.4545454467,2504828.7617294486,2704713.454545449,2526950.5066153193,2704689.0909083514,2528471.597183574,300.0,,,,,,,,,,,,,
benchmarks/output/projected_board_time/three_station_5min/results/20260715T102633Z__three_station_v0__ean_passenger_journey_time__exact_optimality__candidate_horizon_pruning+single_ring_dominated_ride_pruning+slot_time_relaxation_strengthening+board_time_projected_journey_time.json,root,projected_board_time,result_document,three_station_v0,,half_cabins_skip_wait,journey_time,,,,,,,,,74734,202537,,,1.8467244999483228,,,300.15318489074707,2424,1056,0.06619561603032174,,2026-07-15T10:31:36+00:00,5872075e9d803b1a6c16e83a2935ce529209bade,,2704968.727272708,objective_value_seconds,2525911.6560281357,best_bound,300.15318489074707,runtime_seconds,,,,,,reported_objective_verify_domain,solver_runtime,73,reported_objective_units,3435543.6363636353,0.05677986145019531,-1.3926637620897964e-12,155.23353695869446,293.70863485336304,300.15318489074707,2704968.727272708,2525911.6560281357,28,2778392.8181817457,2495952.1548273773,2705620.363636312,2523449.3971321583,2705264.3636363293,2525380.185323811,2704968.727272708,2525911.6560281357,300.0,,,,,,,,,,,,,
benchmarks/output/results/20260513T122008Z__three_station_v0__ean_passenger_journey_time__exact_optimality__all.json,root,results,result_document,three_station_v0,,half_cabins_skip_wait,journey_time,,,,,,,,,82398,232560,,,,,,300.1494560241699,2429,1051,0.06362006347323881,,2026-05-13T12:25:12+00:00,86094dd6156cbca473f78f2afe1c484156f28d28,,2704536.5454545342,objective_value_seconds,2532473.7587670228,best_bound,300.1494560241699,runtime_seconds,,,,,,reported_objective_verify_domain,solver_runtime,113,reported_objective_units,3435543.6363636353,0.07500791549682617,-2.7569058147491887e-12,263.37835597991943,143.98357796669006,300.1494560241699,2704536.5454545342,2532473.7587670228,75,2870389.9999999553,2485011.22659806,2734774.6363635845,2510780.7451910507,2704552.545454482,2530994.523592311,2704536.5454545342,2532473.7587670228,300.0,,,,,,,,,,,,,
benchmarks/output/results/20260513T122736Z__three_station_v0__ean_passenger_journey_time__exact_optimality__none.json,root,results,result_document,three_station_v0,,half_cabins_skip_wait,journey_time,,,,,,,,,151974,484989,,,,,,300.2192630767822,2416,1064,0.0750822951429873,,2026-05-13T12:32:42+00:00,86094dd6156cbca473f78f2afe1c484156f28d28,,2705558.090909089,objective_value_seconds,2502418.5798009555,best_bound,300.2192630767822,runtime_seconds,,,,,,reported_objective_verify_domain,solver_runtime,67,reported_objective_units,3851870.545454546,0.13398194313049316,-2.7569058147491887e-12,277.60805010795593,138.5080440044403,300.2192630767822,2705558.090909089,2502418.5798009555,31,3568929.5454545207,1675756.8319263482,3558399.9999999944,2469036.713727957,2706604.545454496,2501450.564871254,2705558.090909089,2502418.5798009555,300.0,,,,,,,,,,,,,
benchmarks/output/results/20260513T132325Z__three_station_v0__ean_passenger_journey_time__exact_optimality__candidate_horizon_pruning+single_ring_dominated_ride_pruning.json,root,results,result_document,three_station_v0,,half_cabins_skip_wait,journey_time,,,,,,,,,82398,209568,,,,,,300.12758898735046,2416,1064,0.07726993551526662,,2026-05-13T13:28:28+00:00,86094dd6156cbca473f78f2afe1c484156f28d28,,2704867.6363636293,objective_value_seconds,2495862.68852448,best_bound,300.12758898735046,runtime_seconds,,,,,,reported_objective_verify_domain,solver_runtime,88,reported_objective_units,3435543.6363636353,0.06611299514770508,-2.7569058147491887e-12,247.28820300102234,74.8912239074707,300.12758898735046,2704867.63636363,2495862.68852448,43,2706718.909090877,2484628.563846298,2705471.272727273,2493030.537279725,2705250.909090908,2495862.68852448,2704867.63636363,2495862.68852448,300.0,,,,,,,,,,,,,
benchmarks/output/results/20260513T134429Z__three_station_v0__ean_passenger_journey_time__exact_optimality__slot_time_relaxation_strengthening.json,root,results,result_document,three_station_v0,,half_cabins_skip_wait,journey_time,,,,,,,,,151974,577557,,,,,,300.4756259918213,2400,1080,0.06649878844249567,,2026-05-13T13:49:37+00:00,86094dd6156cbca473f78f2afe1c484156f28d28,,2710448.8181818034,objective_value_seconds,2530207.2556373193,best_bound,300.4756259918213,runtime_seconds,,,,,,reported_objective_verify_domain,solver_runtime,84,reported_objective_units,3851870.545454546,0.18683910369873047,-2.7569058147491887e-12,289.1756589412689,300.4756259918213,300.4756259918213,2710448.818181803,2530207.2556373193,62,3851870.545454546,,3851870.545454546,-2.7569058147491887e-12,2727306.0909090764,2440932.6412060903,2710448.818181803,2529966.955691115,300.0,,,,,,,,,,,,,
benchmarks/output/results/20260513T150615Z__three_station_v0__ean_passenger_journey_time__exact_optimality__all.json,root,results,result_document,three_station_v0,,half_cabins_skip_wait,journey_time,,,,,,,,,82398,232560,,,,,,300.2175259590149,2429,1051,0.06362006347323881,,2026-05-13T15:11:18+00:00,0fee56b90c55822a903bea09679271e5eec78cce,,2704536.5454545342,objective_value_seconds,2532473.7587670228,best_bound,300.2175259590149,runtime_seconds,,,,,,reported_objective_verify_domain,solver_runtime,115,reported_objective_units,3435543.6363636353,0.06986093521118164,-2.7569058147491887e-12,270.8658938407898,154.6493580341339,300.2175259590149,2704536.5454545342,2532473.7587670228,75,3006226.4545454327,2484530.3809673847,2735630.27272722,2510780.284791792,2704552.545454482,2530994.523592311,2704536.5454545342,2532473.7587670228,300.0,,,,,,,,,,,,,
benchmarks/output/results/20260513T151210Z__three_station_v0__ean_passenger_journey_time__exact_optimality__candidate_horizon_pruning+single_ring_dominated_ride_pruning+slot_time_relaxation_strengthening+tight_big_m_bounds.json,root,results,result_document,three_station_v0,,half_cabins_skip_wait,journey_time,,,,,,,,,82398,232560,,,,,,300.15192699432373,2436,1044,0.06575838484688913,,2026-05-13T15:17:15+00:00,0fee56b90c55822a903bea09679271e5eec78cce,,2704439.2727272445,objective_value_seconds,2526599.7142362054,best_bound,300.15192699432373,runtime_seconds,,,,,,reported_objective_verify_domain,solver_runtime,100,reported_objective_units,3435543.6363636353,0.10344386100769043,-2.7569058147491887e-12,161.2486069202423,160.64630794525146,300.15192699432373,2704439.2727272445,2526599.7142362054,68,2983457.818181806,2480786.2393694106,2706293.363636354,2505581.8785489667,2705230.1818181453,2525895.727854837,2704439.2727272445,2526599.7142362054,300.0,,,,,,,,,,,,,
benchmarks/output/results/20260513T154655Z__three_station_v0__ean_passenger_journey_time__exact_optimality__all.json,root,results,result_document,three_station_v0,,half_cabins_skip_wait,journey_time,,,,,,,,,82398,232560,,,,,,300.51821398735046,2429,1051,0.06362560305092586,,2026-05-13T15:52:04+00:00,0fee56b90c55822a903bea09679271e5eec78cce,,2704552.5454544807,objective_value_seconds,2532473.7587670228,best_bound,300.51821398735046,runtime_seconds,,,,,,reported_objective_verify_domain,solver_runtime,102,reported_objective_units,3435543.6363636353,0.09395599365234375,-2.7569058147491887e-12,154.97908902168274,223.2770481109619,300.51821398735046,2704552.545454482,2532473.7587670228,74,3075824.8181817825,1738718.2396790802,2764650.727272694,2501452.039563975,2725700.6363636106,2511166.350539845,2704552.545454482,2532473.7587670228,300.0,,,,,,,,,,,,,
benchmarks/output/results/20260513T155229Z__three_station_v0__ean_passenger_journey_time__exact_optimality__candidate_horizon_pruning+single_ring_dominated_ride_pruning+slot_time_relaxation_strengthening+tight_big_m_bounds.json,root,results,result_document,three_station_v0,,half_cabins_skip_wait,journey_time,,,,,,,,,82398,232560,,,,,,300.37942910194397,2418,1062,0.05250314409635947,,2026-05-13T15:57:35+00:00,0fee56b90c55822a903bea09679271e5eec78cce,,2705022.636363601,objective_value_seconds,2563000.4431026885,best_bound,300.37942910194397,runtime_seconds,,,,,,reported_objective_verify_domain,solver_runtime,114,reported_objective_units,3435543.6363636353,0.19344019889831543,-2.9558577807620168e-12,260.0196511745453,151.32391810417175,300.37942910194397,2705022.636363601,2563000.4431026885,78,3383968.36363633,2005084.879816047,3220499.0909090573,2320642.597211419,2709256.9090909017,2560754.3460448654,2705022.636363601,2563000.4431026885,300.0,,,,,,,,,,,,,
benchmarks/output/results/20260722T205547Z__five_station_optimized_initial_placement_double_all_stop_skip_wait_v0__ean_passenger_journey_time__quick_good_solution__optimized_all_stop__network__all.json,root,results,result_document,five_station_optimized_initial_placement_double_all_stop_skip_wait_v0,,optimized_initial_placement_double_all_stop_skip_wait,journey_time,,,,,,,,,3758296,8805178,,,139.77863950002939,,,3604.057676076889,1280,0,,,2026-07-22T21:58:52+00:00,4e81d076baf526c8fca82e8f8530bd6a360c32a4,,371911.1961722486,objective_value_seconds,,,3604.057676076889,runtime_seconds,,,,,,lexicographic_unserved_then_served_time_then_fleet,solver_runtime,6,multiobjective_phase_not_identified,,,,,,,,,,,,,,,,,,3600.0,,,,,,,,,,,,,
benchmarks/output/root_diagnostic_smoke/20260715T153253Z__three_station_v0__journey_time__all.json,root.cases.0,root_diagnostic_smoke,diagnostic_case,three_station_v0,15,half_cabins_skip_wait,journey_time,time_limit,,,,,,,5.0,74734,166756,59400,,3.857253707945347,,,5.027019023895264,2392,1088,1.0,,2026-07-15T15:32:53+00:00,480a7623299815c57a253a6f3541225a47538d7e,,2706574.5454545454,objective_value_seconds,-2.5579538487363607e-13,best_bound,5.027019023895264,runtime_seconds,,,,,,reported_objective_verify_domain,solver_runtime,3,reported_objective_units,2706574.5454545454,0.05558490753173828,-2.5579538487363607e-13,,,5.027019023895264,2706574.5454545454,-2.5579538487363607e-13,0,,,,,,,,,5.0,,,,,,,,,,,,,
benchmarks/output/root_diagnostic_smoke/20260715T153253Z__three_station_v0__journey_time__all.json,root.cases.1,root_diagnostic_smoke,diagnostic_case,three_station_v0,15,half_cabins_skip_wait,journey_time,optimal,,,,,,,5.0,59400,117492,59400,,1.137608041986823,,,3.206467866897583,,,0.0,,2026-07-15T15:32:53+00:00,480a7623299815c57a253a6f3541225a47538d7e,,,,0.0,best_bound,3.206467866897583,runtime_seconds,,,,,,reported_objective_verify_domain,solver_runtime,3,reported_objective_units,0.0,3.1989219188690186,0.0,,,3.206467866897583,0.0,0.0,0,,,,,,,,,5.0,,,,,,,,,,,,,
benchmarks/output/root_diagnostic_smoke/20260715T153253Z__three_station_v0__journey_time__all.json,root.cases.2,root_diagnostic_smoke,diagnostic_case,three_station_v0,15,half_cabins_skip_wait,journey_time,optimal,,,,,,,5.0,74734,166756,59400,,1.593813082901761,,,0.17970991134643555,2392,1088,3.440964063522853e-16,,2026-07-15T15:32:53+00:00,480a7623299815c57a253a6f3541225a47538d7e,,2706574.5454545435,objective_value_seconds,2706574.5454545426,best_bound,0.17970991134643555,runtime_seconds,,,,,,reported_objective_verify_domain,solver_runtime,4,reported_objective_units,4176000.0,0.013975858688354492,0.0,0.17262887954711914,0.17262887954711914,0.17970991134643555,2706574.5454545435,2706574.545454543,1,,,,,,,,,5.0,,,,,,,,,,,,,
benchmarks/output/root_diagnostic_smoke/20260715T153331Z__three_station_v0__journey_time__all.json,root.cases.0,root_diagnostic_smoke,diagnostic_case,three_station_v0,15,half_cabins_skip_wait,journey_time,time_limit,,,,,,,20.0,74734,166756,59400,,3.6557737910188735,,,20.083196878433228,2392,1088,0.05614304474779079,,2026-07-15T15:33:31+00:00,480a7623299815c57a253a6f3541225a47538d7e,,2706574.5454545454,objective_value_seconds,2554619.2096358594,best_bound,20.083196878433228,runtime_seconds,,,,,,reported_objective_verify_domain,solver_runtime,5,reported_objective_units,2706574.5454545454,0.05289888381958008,-2.5579538487363607e-13,,18.79240083694458,20.083196878433228,2706574.5454545454,2554619.2096358594,0,,,,,,,,,20.0,,,,,,,,,,,,,
benchmarks/output/root_diagnostic_smoke/20260715T153331Z__three_station_v0__journey_time__all.json,root.cases.1,root_diagnostic_smoke,diagnostic_case,three_station_v0,15,half_cabins_skip_wait,journey_time,optimal,,,,,,,20.0,59400,117492,59400,,1.2065231250599027,,,3.1265389919281006,,,0.0,,2026-07-15T15:33:31+00:00,480a7623299815c57a253a6f3541225a47538d7e,,,,0.0,best_bound,3.1265389919281006,runtime_seconds,,,,,,reported_objective_verify_domain,solver_runtime,3,reported_objective_units,0.0,3.119359016418457,0.0,,,3.1265389919281006,0.0,0.0,0,,,,,,,,,20.0,,,,,,,,,,,,,
benchmarks/output/root_diagnostic_smoke/20260715T153331Z__three_station_v0__journey_time__all.json,root.cases.2,root_diagnostic_smoke,diagnostic_case,three_station_v0,15,half_cabins_skip_wait,journey_time,optimal,,,,,,,20.0,74734,166756,59400,,1.6645541251637042,,,0.19859004020690918,2392,1088,3.440964063522853e-16,,2026-07-15T15:33:31+00:00,480a7623299815c57a253a6f3541225a47538d7e,,2706574.5454545435,objective_value_seconds,2706574.5454545426,best_bound,0.19859004020690918,runtime_seconds,,,,,,reported_objective_verify_domain,solver_runtime,4,reported_objective_units,4176000.0,0.015332937240600586,0.0,0.19031190872192383,0.19031190872192383,0.19859004020690918,2706574.5454545435,2706574.545454543,1,,,,,,,,,20.0,,,,,,,,,,,,,
benchmarks/output/root_diagnostic_smoke/20260715T154521Z__three_station_v0__journey_time__all.json,root.cases.0,root_diagnostic_smoke,diagnostic_case,three_station_v0,15,half_cabins_skip_wait,journey_time,time_limit,,,,,,,20.0,74734,166756,59400,,3.566716292174533,,,20.078918933868408,2392,1088,0.05614304474779079,,2026-07-15T15:45:21+00:00,d6af9245eecd69648e9b0a73a266a98cb011a7c7,,2706574.5454545454,objective_value_seconds,2554619.2096358594,best_bound,20.078918933868408,runtime_seconds,,,,,,reported_objective_verify_domain,solver_runtime,5,reported_objective_units,2706574.5454545454,0.0519258975982666,-2.5579538487363607e-13,,19.02136492729187,20.078918933868408,2706574.5454545454,2554619.2096358594,0,,,,,,,,,20.0,,,,,,,,,,,,,
benchmarks/output/root_diagnostic_smoke/20260715T154521Z__three_station_v0__journey_time__all.json,root.cases.1,root_diagnostic_smoke,diagnostic_case,three_station_v0,15,half_cabins_skip_wait,journey_time,optimal,,,,,,,20.0,59400,117492,59400,,1.2304717500228435,,,3.1832921504974365,,,0.0,,2026-07-15T15:45:21+00:00,d6af9245eecd69648e9b0a73a266a98cb011a7c7,,,,0.0,best_bound,3.1832921504974365,runtime_seconds,,,,,,reported_objective_verify_domain,solver_runtime,3,reported_objective_units,0.0,3.1725850105285645,0.0,,,3.1832921504974365,0.0,0.0,0,,,,,,,,,20.0,,,,,,,,,,,,,
benchmarks/output/root_diagnostic_smoke/20260715T154521Z__three_station_v0__journey_time__all.json,root.cases.2,root_diagnostic_smoke,diagnostic_case,three_station_v0,15,half_cabins_skip_wait,journey_time,optimal,,,,,,,20.0,74734,166756,59400,,1.6256777921225876,,,0.19002199172973633,2392,1088,3.440964063522853e-16,,2026-07-15T15:45:21+00:00,d6af9245eecd69648e9b0a73a266a98cb011a7c7,,2706574.5454545435,objective_value_seconds,2706574.5454545426,best_bound,0.19002199172973633,runtime_seconds,,,,,,reported_objective_verify_domain,solver_runtime,4,reported_objective_units,4176000.0,0.014882087707519531,0.0,0.18160605430603027,0.18160605430603027,0.19002199172973633,2706574.5454545435,2706574.545454543,1,,,,,,,,,20.0,,,,,,,,,,,,,
benchmarks/output/root_diagnostics_20260715/20260715T154216Z__five_station_v0__journey_time__all.json,root.cases.0,root_diagnostics_20260715,diagnostic_case,five_station_v0,31,half_cabins_skip_wait,journey_time,time_limit,,,,,,,300.0,252844,601181,170648,,13.211695584002882,,,300.0678069591522,2544,656,0.1762474551402122,,2026-07-15T15:42:16+00:00,d6af9245eecd69648e9b0a73a266a98cb011a7c7,,1947463.296572278,objective_value_seconds,1604227.8465724457,best_bound,300.0678069591522,runtime_seconds,,,,,,reported_objective_verify_domain,solver_runtime,4,reported_objective_units,1947463.2965722783,0.1970679759979248,-6.252776074688882e-13,,296.96678495407104,300.0678069591522,1947463.2965722783,1604227.8465724457,0,1947463.2965722783,,1947463.2965722783,-6.252776074688882e-13,1947463.2965722783,-6.252776074688882e-13,1947463.2965722783,1604227.8465724457,300.0,,,,,,,,,,,,,
benchmarks/output/root_diagnostics_20260715/20260715T154216Z__five_station_v0__journey_time__all.json,root.cases.1,root_diagnostics_20260715,diagnostic_case,five_station_v0,31,half_cabins_skip_wait,journey_time,optimal,,,,,,,300.0,170648,338298,170648,,3.463993040844798,,,12.474711894989014,,,0.0,,2026-07-15T15:42:16+00:00,d6af9245eecd69648e9b0a73a266a98cb011a7c7,,,,0.0,best_bound,12.474711894989014,runtime_seconds,,,,,,reported_objective_verify_domain,solver_runtime,3,reported_objective_units,0.0,12.438354969024658,0.0,,,12.474711894989014,0.0,0.0,0,,,,,,,,,300.0,,,,,,,,,,,,,
benchmarks/output/root_diagnostics_20260715/20260715T154216Z__five_station_v0__journey_time__all.json,root.cases.2,root_diagnostics_20260715,diagnostic_case,five_station_v0,31,half_cabins_skip_wait,journey_time,optimal,,,,,,,300.0,252844,601181,170648,,5.65817387518473,,,1.0977251529693604,2544,656,2.0324495712357997e-15,,2026-07-15T15:42:16+00:00,d6af9245eecd69648e9b0a73a266a98cb011a7c7,,1947463.2965722783,objective_value_seconds,1947463.2965722743,best_bound,1.0977251529693604,runtime_seconds,,,,,,reported_objective_verify_domain,solver_runtime,12,reported_objective_units,3840000.0,0.051032066345214844,0.0,1.0613579750061035,0.9299440383911133,1.0977251529693604,1947463.2965722783,1947463.2965722757,9,,,,,,,,,300.0,,,,,,,,,,,,,
benchmarks/output/root_diagnostics_20260715/20260715T155509Z__five_station_v0__journey_time__all.json,root.cases.0,root_diagnostics_20260715,diagnostic_case,five_station_v0,31,half_cabins_skip_wait,journey_time,time_limit,,,,,,,300.0,252844,601181,170648,,12.96713279094547,,,300.1017620563507,2544,656,0.1762474551402122,,2026-07-15T15:55:09+00:00,659b005308bc060089ff6fa944fe3b38bd1ea289,,1947463.296572278,objective_value_seconds,1604227.8465724457,best_bound,300.1017620563507,runtime_seconds,,,,,,reported_objective_verify_domain,solver_runtime,5,reported_objective_units,1947463.2965722783,0.20486092567443848,-6.252776074688882e-13,,289.33323788642883,300.1017620563507,1947463.2965722783,1604227.8465724457,0,1947463.2965722783,,1947463.2965722783,-6.252776074688882e-13,1947463.2965722783,-6.252776074688882e-13,1947463.2965722783,1604227.8465724457,300.0,,,,,,,,,,,,,
benchmarks/output/root_diagnostics_20260715/20260715T155509Z__five_station_v0__journey_time__all.json,root.cases.1,root_diagnostics_20260715,diagnostic_case,five_station_v0,31,half_cabins_skip_wait,journey_time,optimal,,,,,,,300.0,170648,338298,170648,,3.4597512090113014,,,12.544734954833984,,,0.0,,2026-07-15T15:55:09+00:00,659b005308bc060089ff6fa944fe3b38bd1ea289,,,,0.0,best_bound,12.544734954833984,runtime_seconds,,,,,,reported_objective_verify_domain,solver_runtime,3,reported_objective_units,0.0,12.514307022094727,0.0,,,12.544734954833984,0.0,0.0,0,,,,,,,,,300.0,,,,,,,,,,,,,
benchmarks/output/root_diagnostics_20260715/20260715T155509Z__five_station_v0__journey_time__all.json,root.cases.2,root_diagnostics_20260715,diagnostic_case,five_station_v0,31,half_cabins_skip_wait,journey_time,optimal,,,,,,,300.0,252844,601181,170648,,5.72092774999328,,,1.186554193496704,2544,656,2.0324495712357997e-15,,2026-07-15T15:55:09+00:00,659b005308bc060089ff6fa944fe3b38bd1ea289,,1947463.2965722783,objective_value_seconds,1947463.2965722743,best_bound,1.186554193496704,runtime_seconds,,,,,,reported_objective_verify_domain,solver_runtime,12,reported_objective_units,3840000.0,0.05281400680541992,0.0,1.149949073791504,1.005418062210083,1.186554193496704,1947463.2965722783,1947463.2965722757,9,,,,,,,,,300.0,,,,,,,,,,,,,
benchmarks/output/shared_eager_comparison/merge_relaxation/five_station_circle_cw_half_skip_wait_v0/ean_passenger_service_journey_time.json,root,shared_eager_comparison,result_document,five_station_circle_cw_half_skip_wait_v0,,,,time_limit,,,,1200.0,,,600.0,134738,314111,,,3.9087694159243256,,,600.1011819839478,1264,16,0.17717462626881098,,,,,568699.0239234255,objective_value_seconds,467939.98690035497,best_bound,600.1011819839478,runtime_seconds,,,False,18,19,reported_objective_verify_domain,solver_runtime,87,reported_objective_units,668768.9952153084,0.11266803741455078,0.0,564.0574908256531,472.71933698654175,600.1011819839478,568699.0239234263,467939.98690035497,68,668768.9952153084,0.0,668768.9952153084,0.0,668768.9952153084,0.0,629379.1004784517,465241.69768271514,,,568699.0239234263,467939.98690035497,,,,,,,,,,
benchmarks/output/shared_eager_comparison/shared/five_station_circle_cw_half_skip_wait_v0/ean_passenger_service_journey_time.json,root,shared_eager_comparison,result_document,five_station_circle_cw_half_skip_wait_v0,,,,time_limit,,,,1200.0,,,600.0,90714,407273,,,5.177065208088607,,,600.3502490520477,1232,48,0.30195871551175646,,,,,663894.9779903991,objective_value_seconds,463426.10320171237,best_bound,600.3502490520477,runtime_seconds,,,,,19,reported_objective_verify_domain,solver_runtime,18,reported_objective_units,668768.9952153084,0.13824009895324707,0.0,600.1932098865509,533.5868248939514,600.3502490520477,663894.9779903992,463426.10320171237,11,668768.9952153084,0.0,668768.9952153084,0.0,668768.9952153084,0.0,668768.9952153084,0.0,,,663940.2985645591,463426.10320171237,,,,,,,,,,
benchmarks/output/smoke/balanced_start_smoke_k20_as/result.json,root,smoke,result_document,five_station_circle_cw_half_skip_no_wait_headway_b_v0,20,,journey_time,integer_optimal,d3929ec55478390271bf0f4ffcf57f733c4387f8fe740e6c0ce14719fb44a7bb,balanced_reference,all_stop,,,feasible,,,11290,725,5830,0.1386773750418797,0.012143208994530141,0.031825666897930205,0.028195291990414262,,,0.0,,,,,635519.9980799997,validated_upper_bound,635519.9980799997,certified_lower_bound,0.5293297088937834,total_seconds,,,,,,reported_objective_verify_domain,,0,reported_objective_units,,,,,,,,,,,,,,,,,,,,,,,,,,,,,,,
benchmarks/output/smoke/balanced_start_smoke_k20_ss/result.json,root,smoke,result_document,five_station_circle_cw_half_skip_no_wait_headway_b_v0,20,,journey_time,unknown_no_incumbent,2c53481066e498cc29ec206e717911f55d1ac30296cdc5cb8ac05139b35fbd01,balanced_reference,skip_stop,,,not_run,,,288435,21630,158925,8.886237624916248,1.3668572920141742,0.0315641249762848,0.0058745420537889,,,,,,,,,,0.0,certified_lower_bound,10.33218124997802,total_seconds,,,,,,reported_objective_verify_domain,,0,reported_objective_units,,,,,,,,,,,,,,,,,,,,,,,,,,,,,,,
benchmarks/output/smoke/balanced_start_smoke_k39_as/result.json,root,smoke,result_document,five_station_circle_cw_half_skip_no_wait_headway_b_v0,39,,journey_time,movement_infeasible,,balanced_reference,all_stop,,,,,,,,,,,,,,,,exact-K all-stop is analytically infeasible: K=39 > K_max_AS=38,,,,,,,,0.002010833006352186,total_seconds,,,,,,reported_objective_verify_domain,,0,reported_objective_units,,,,,,,,,,,,,,,,,,,,,,,,,,,,,,,
benchmarks/output/smoke_fixed_k_model_bakeoff/smoke_fixed_k_model_bakeoff/campaign.json,root,smoke_fixed_k_model_bakeoff,result_document,three_station_v0,,fixed_k_model_bakeoff,journey_time,running,,,skip_stop,,,,,,,,,,,,,,,,,,,,,,,,,,no_wait,,,,,reported_objective_verify_domain,,0,reported_objective_units,,,,,,,,,,,,,,,,,,,,,,,,,,,,,,,
benchmarks/output/smoke_fixed_k_model_bakeoff/smoke_fixed_k_model_bakeoff_numeric/campaign.json,root,smoke_fixed_k_model_bakeoff,result_document,three_station_v0,,fixed_k_model_bakeoff,journey_time,complete,,,skip_stop,,,,,,,,,,,,,,,,,,,,,,,,,,no_wait,,,,,reported_objective_verify_domain,,0,reported_objective_units,,,,,,,,,,,,,,,,,,,,,,,,,,,,,,,
benchmarks/output/smoke_fixed_k_model_bakeoff/smoke_fixed_k_model_bakeoff_numeric/ddd_arc_flow_labeled/k2/bakeoff_result.json,root,smoke_fixed_k_model_bakeoff,result_document,three_station_v0,2,ddd_arc_flow_labeled,journey_time,integer_optimal,94fc9d482ea6a531f795f62f69efb6ca74ddc75af32c95bbc28011b16062fede,balanced_reference,skip_stop,,,feasible,,,6603,660,3288,0.11793729104101658,0.012468625092878938,3.6249402910470963e-06,0.0401340420357883,,,0.0,,,,,3969615.999232,validated_upper_bound,3969615.999232,certified_lower_bound,0.2099052919074893,total_seconds,"{""domain"": ""no_wait"", ""maximum_wait_seconds_by_station_id"": {}, ""reference_headway_seconds_by_station_id"": {""L"": 0.7, ""M"": 0.7, ""R"": 0.7}, ""step_seconds"": null}",,,,,reported_objective_verify_domain,,0,reported_objective_units,,,,,,,,,,,,,,,,,,,,,,,,,,,,,,,
benchmarks/output/smoke_fixed_k_model_bakeoff/smoke_fixed_k_model_bakeoff_numeric/ddd_arc_flow_labeled/k2/result.json,root,smoke_fixed_k_model_bakeoff,result_document,three_station_v0,2,labeled,journey_time,integer_optimal,94fc9d482ea6a531f795f62f69efb6ca74ddc75af32c95bbc28011b16062fede,balanced_reference,skip_stop,,,feasible,,,6603,660,3288,0.11793729104101658,0.012468625092878938,3.6249402910470963e-06,0.0401340420357883,,,0.0,,,,,3969615.999232,validated_upper_bound,3969615.999232,certified_lower_bound,0.2099052919074893,total_seconds,"{""domain"": ""no_wait"", ""maximum_wait_seconds_by_station_id"": {}, ""reference_headway_seconds_by_station_id"": {""L"": 0.7, ""M"": 0.7, ""R"": 0.7}, ""step_seconds"": null}",,,,,reported_objective_verify_domain,,0,reported_objective_units,,,,,,,,,,,,,,,,,,,,,,,,,,,,,,,
benchmarks/output/smoke_fixed_k_model_bakeoff/smoke_fixed_k_model_bakeoff_numeric/ean_pairwise_shared/k2/result.json,root,smoke_fixed_k_model_bakeoff,result_document,,2,ean_pairwise_shared,,optimal,94fc9d482ea6a531f795f62f69efb6ca74ddc75af32c95bbc28011b16062fede,,,,,,,2350,7874,264,,0.1351262079551816,,,0.39205288887023926,352,3128,0.0,,,,,3969615.9999999995,validated_upper_bound,3969615.9999999995,certified_lower_bound,0.5555220830719918,total_seconds,,,,0,,reported_objective_verify_domain,solver_runtime,7,reported_objective_units,4176000.0,0.09739494323730469,2932206.181818186,0.3668789863586426,0.39205288887023926,0.39205288887023926,3969616.000000001,3969615.9999999995,4,,,,,,,,,,,,,,,,,,,,,,
benchmarks/output/smoke_fixed_k_model_bakeoff/smoke_fixed_k_model_bakeoff_numeric/summary.json,root.results.0,smoke_fixed_k_model_bakeoff,diagnostic_case,three_station_v0,2,ean_pairwise_shared,journey_time,optimal,94fc9d482ea6a531f795f62f69efb6ca74ddc75af32c95bbc28011b16062fede,balanced_reference,skip_stop,,,,15.0,2350,7874,264,,0.1351262079551816,,,0.39205288887023926,352,3128,0.0,,,,,3969615.9999999995,validated_upper_bound,3969615.9999999995,certified_lower_bound,0.5555220830719918,total_seconds,,,,0,,reported_objective_verify_domain,solver_runtime,7,reported_objective_units,4176000.0,0.09739494323730469,2932206.181818186,0.3668789863586426,0.39205288887023926,0.39205288887023926,3969616.000000001,3969615.9999999995,4,,,,,,,,,,,,,,,,,,,,,,
benchmarks/output/smoke_fixed_k_model_bakeoff/smoke_fixed_k_model_bakeoff_numeric/summary.json,root.results.1,smoke_fixed_k_model_bakeoff,diagnostic_case,three_station_v0,2,ddd_arc_flow_labeled,journey_time,integer_optimal,94fc9d482ea6a531f795f62f69efb6ca74ddc75af32c95bbc28011b16062fede,balanced_reference,skip_stop,,,feasible,15.0,,6603,660,3288,0.11793729104101658,0.012468625092878938,3.6249402910470963e-06,0.0401340420357883,,,0.0,,,,,3969615.999232,validated_upper_bound,3969615.999232,certified_lower_bound,0.2099052919074893,total_seconds,"{""domain"": ""no_wait"", ""maximum_wait_seconds_by_station_id"": {}, ""reference_headway_seconds_by_station_id"": {""L"": 0.7, ""M"": 0.7, ""R"": 0.7}, ""step_seconds"": null}",,,,,reported_objective_verify_domain,,0,reported_objective_units,,,,,,,,,,,,,,,,,,,,,,,,,,,,,,,
benchmarks/output/smoke_fixed_k_model_bakeoff/smoke_fixed_k_model_bakeoff_tight/campaign.json,root,smoke_fixed_k_model_bakeoff,result_document,three_station_v0,,fixed_k_model_bakeoff,journey_time,running,,,skip_stop,,,,,,,,,,,,,,,,,,,,,,,,,,no_wait,,,,,reported_objective_verify_domain,,0,reported_objective_units,,,,,,,,,,,,,,,,,,,,,,,,,,,,,,,
