source,bytes,classification,records
benchmarks/output/affine_timing_20260714/artifacts/20260714T214322Z__three_station_v0__ean_passenger_journey_time__exact_optimality__all/manifest.json,3266,support_or_manifest,0
benchmarks/output/affine_timing_20260714/artifacts/20260714T214322Z__three_station_v0__ean_passenger_journey_time__exact_optimality__all/three_station_v0/discrete_dt_0p5.json,1391543,support_or_manifest,0
benchmarks/output/affine_timing_20260714/artifacts/20260714T214322Z__three_station_v0__ean_passenger_journey_time__exact_optimality__all/three_station_v0/ean_build_artifact.json,25071075,support_or_manifest,0
benchmarks/output/affine_timing_20260714/artifacts/20260714T214322Z__three_station_v0__ean_passenger_journey_time__exact_optimality__all/three_station_v0/ean_passenger_service_journey_time.json,329904,result_or_diagnostic,1
benchmarks/output/affine_timing_20260714/artifacts/20260714T214322Z__three_station_v0__ean_passenger_journey_time__exact_optimality__all/three_station_v0/ean_passenger_service_journey_time_movement_plan.json,208540,support_or_manifest,0
benchmarks/output/affine_timing_20260714/artifacts/20260714T214322Z__three_station_v0__ean_passenger_journey_time__exact_optimality__all/three_station_v0/ean_passenger_service_journey_time_physical_replay.json,533065,support_or_manifest,0
benchmarks/output/affine_timing_20260714/artifacts/20260714T214322Z__three_station_v0__ean_passenger_journey_time__exact_optimality__all/three_station_v0/scenario.json,14521,support_or_manifest,0
benchmarks/output/affine_timing_20260714/artifacts/20260714T214829Z__three_station_v0__ean_passenger_journey_time__exact_optimality__candidate_horizon_pruning+single_ring_dominated_ride_pruning+slot_time_relaxation_strengthening+stop_skip_timing_affine/manifest.json,3266,support_or_manifest,0
benchmarks/output/affine_timing_20260714/artifacts/20260714T214829Z__three_station_v0__ean_passenger_journey_time__exact_optimality__candidate_horizon_pruning+single_ring_dominated_ride_pruning+slot_time_relaxation_strengthening+stop_skip_timing_affine/three_station_v0/discrete_dt_0p5.json,1391543,support_or_manifest,0
benchmarks/output/affine_timing_20260714/artifacts/20260714T214829Z__three_station_v0__ean_passenger_journey_time__exact_optimality__candidate_horizon_pruning+single_ring_dominated_ride_pruning+slot_time_relaxation_strengthening+stop_skip_timing_affine/three_station_v0/ean_build_artifact.json,25071075,support_or_manifest,0
benchmarks/output/affine_timing_20260714/artifacts/20260714T214829Z__three_station_v0__ean_passenger_journey_time__exact_optimality__candidate_horizon_pruning+single_ring_dominated_ride_pruning+slot_time_relaxation_strengthening+stop_skip_timing_affine/three_station_v0/ean_passenger_service_journey_time.json,331833,result_or_diagnostic,1
benchmarks/output/affine_timing_20260714/artifacts/20260714T214829Z__three_station_v0__ean_passenger_journey_time__exact_optimality__candidate_horizon_pruning+single_ring_dominated_ride_pruning+slot_time_relaxation_strengthening+stop_skip_timing_affine/three_station_v0/ean_passenger_service_journey_time_movement_plan.json,208312,support_or_manifest,0
benchmarks/output/affine_timing_20260714/artifacts/20260714T214829Z__three_station_v0__ean_passenger_journey_time__exact_optimality__candidate_horizon_pruning+single_ring_dominated_ride_pruning+slot_time_relaxation_strengthening+stop_skip_timing_affine/three_station_v0/ean_passenger_service_journey_time_physical_replay.json,534472,support_or_manifest,0
benchmarks/output/affine_timing_20260714/artifacts/20260714T214829Z__three_station_v0__ean_passenger_journey_time__exact_optimality__candidate_horizon_pruning+single_ring_dominated_ride_pruning+slot_time_relaxation_strengthening+stop_skip_timing_affine/three_station_v0/scenario.json,14521,support_or_manifest,0
benchmarks/output/affine_timing_20260714/results/20260714T214322Z__three_station_v0__ean_passenger_journey_time__exact_optimality__all.json,27767,result_or_diagnostic,1
benchmarks/output/affine_timing_20260714/results/20260714T214829Z__three_station_v0__ean_passenger_journey_time__exact_optimality__candidate_horizon_pruning+single_ring_dominated_ride_pruning+slot_time_relaxation_strengthening+stop_skip_timing_affine.json,29977,result_or_diagnostic,1
benchmarks/output/artifacts/20260513T121406Z__three_station_v0__ean_passenger_journey_time__exact_optimality__none/manifest.json,3266,support_or_manifest,0
benchmarks/output/artifacts/20260513T121406Z__three_station_v0__ean_passenger_journey_time__exact_optimality__none/three_station_v0/discrete_dt_0p5.json,1391995,support_or_manifest,0
benchmarks/output/artifacts/20260513T121406Z__three_station_v0__ean_passenger_journey_time__exact_optimality__none/three_station_v0/ean_build_artifact.json,25070973,support_or_manifest,0
benchmarks/output/artifacts/20260513T121406Z__three_station_v0__ean_passenger_journey_time__exact_optimality__none/three_station_v0/ean_passenger_service_journey_time.json,252891,result_or_diagnostic,1
benchmarks/output/artifacts/20260513T121406Z__three_station_v0__ean_passenger_journey_time__exact_optimality__none/three_station_v0/ean_passenger_service_journey_time_movement_plan.json,209603,support_or_manifest,0
benchmarks/output/artifacts/20260513T121406Z__three_station_v0__ean_passenger_journey_time__exact_optimality__none/three_station_v0/ean_passenger_service_journey_time_physical_replay.json,532347,support_or_manifest,0
benchmarks/output/artifacts/20260513T121406Z__three_station_v0__ean_passenger_journey_time__exact_optimality__none/three_station_v0/scenario.json,14519,support_or_manifest,0
benchmarks/output/artifacts/20260513T122008Z__three_station_v0__ean_passenger_journey_time__exact_optimality__all/manifest.json,3266,support_or_manifest,0
benchmarks/output/artifacts/20260513T122008Z__three_station_v0__ean_passenger_journey_time__exact_optimality__all/three_station_v0/discrete_dt_0p5.json,1391543,support_or_manifest,0
benchmarks/output/artifacts/20260513T122008Z__three_station_v0__ean_passenger_journey_time__exact_optimality__all/three_station_v0/ean_build_artifact.json,25070973,support_or_manifest,0
benchmarks/output/artifacts/20260513T122008Z__three_station_v0__ean_passenger_journey_time__exact_optimality__all/three_station_v0/ean_passenger_service_journey_time.json,304263,result_or_diagnostic,1
benchmarks/output/artifacts/20260513T122008Z__three_station_v0__ean_passenger_journey_time__exact_optimality__all/three_station_v0/ean_passenger_service_journey_time_movement_plan.json,208554,support_or_manifest,0
benchmarks/output/artifacts/20260513T122008Z__three_station_v0__ean_passenger_journey_time__exact_optimality__all/three_station_v0/ean_passenger_service_journey_time_physical_replay.json,534365,support_or_manifest,0
benchmarks/output/artifacts/20260513T122008Z__three_station_v0__ean_passenger_journey_time__exact_optimality__all/three_station_v0/scenario.json,14521,support_or_manifest,0
benchmarks/output/artifacts/20260513T122736Z__three_station_v0__ean_passenger_journey_time__exact_optimality__none/manifest.json,3266,support_or_manifest,0
benchmarks/output/artifacts/20260513T122736Z__three_station_v0__ean_passenger_journey_time__exact_optimality__none/three_station_v0/discrete_dt_0p5.json,1391543,support_or_manifest,0
benchmarks/output/artifacts/20260513T122736Z__three_station_v0__ean_passenger_journey_time__exact_optimality__none/three_station_v0/ean_build_artifact.json,25070973,support_or_manifest,0
benchmarks/output/artifacts/20260513T122736Z__three_station_v0__ean_passenger_journey_time__exact_optimality__none/three_station_v0/ean_passenger_service_journey_time.json,304815,result_or_diagnostic,1
benchmarks/output/artifacts/20260513T122736Z__three_station_v0__ean_passenger_journey_time__exact_optimality__none/three_station_v0/ean_passenger_service_journey_time_movement_plan.json,208563,support_or_manifest,0
benchmarks/output/artifacts/20260513T122736Z__three_station_v0__ean_passenger_journey_time__exact_optimality__none/three_station_v0/ean_passenger_service_journey_time_physical_replay.json,533722,support_or_manifest,0
benchmarks/output/artifacts/20260513T122736Z__three_station_v0__ean_passenger_journey_time__exact_optimality__none/three_station_v0/scenario.json,14521,support_or_manifest,0
benchmarks/output/artifacts/20260513T132325Z__three_station_v0__ean_passenger_journey_time__exact_optimality__candidate_horizon_pruning+single_ring_dominated_ride_pruning/manifest.json,3266,support_or_manifest,0
benchmarks/output/artifacts/20260513T132325Z__three_station_v0__ean_passenger_journey_time__exact_optimality__candidate_horizon_pruning+single_ring_dominated_ride_pruning/three_station_v0/discrete_dt_0p5.json,1391543,support_or_manifest,0
benchmarks/output/artifacts/20260513T132325Z__three_station_v0__ean_passenger_journey_time__exact_optimality__candidate_horizon_pruning+single_ring_dominated_ride_pruning/three_station_v0/ean_build_artifact.json,25070973,support_or_manifest,0
benchmarks/output/artifacts/20260513T132325Z__three_station_v0__ean_passenger_journey_time__exact_optimality__candidate_horizon_pruning+single_ring_dominated_ride_pruning/three_station_v0/ean_passenger_service_journey_time.json,303973,result_or_diagnostic,1
benchmarks/output/artifacts/20260513T132325Z__three_station_v0__ean_passenger_journey_time__exact_optimality__candidate_horizon_pruning+single_ring_dominated_ride_pruning/three_station_v0/ean_passenger_service_journey_time_movement_plan.json,208943,support_or_manifest,0
benchmarks/output/artifacts/20260513T132325Z__three_station_v0__ean_passenger_journey_time__exact_optimality__candidate_horizon_pruning+single_ring_dominated_ride_pruning/three_station_v0/ean_passenger_service_journey_time_physical_replay.json,534723,support_or_manifest,0
benchmarks/output/artifacts/20260513T132325Z__three_station_v0__ean_passenger_journey_time__exact_optimality__candidate_horizon_pruning+single_ring_dominated_ride_pruning/three_station_v0/scenario.json,14521,support_or_manifest,0
benchmarks/output/artifacts/20260513T134429Z__three_station_v0__ean_passenger_journey_time__exact_optimality__slot_time_relaxation_strengthening/manifest.json,3266,support_or_manifest,0
benchmarks/output/artifacts/20260513T134429Z__three_station_v0__ean_passenger_journey_time__exact_optimality__slot_time_relaxation_strengthening/three_station_v0/discrete_dt_0p5.json,1391543,support_or_manifest,0
benchmarks/output/artifacts/20260513T134429Z__three_station_v0__ean_passenger_journey_time__exact_optimality__slot_time_relaxation_strengthening/three_station_v0/ean_build_artifact.json,25070973,support_or_manifest,0
benchmarks/output/artifacts/20260513T134429Z__three_station_v0__ean_passenger_journey_time__exact_optimality__slot_time_relaxation_strengthening/three_station_v0/ean_passenger_service_journey_time.json,303774,result_or_diagnostic,1
benchmarks/output/artifacts/20260513T134429Z__three_station_v0__ean_passenger_journey_time__exact_optimality__slot_time_relaxation_strengthening/three_station_v0/ean_passenger_service_journey_time_movement_plan.json,208825,support_or_manifest,0
benchmarks/output/artifacts/20260513T134429Z__three_station_v0__ean_passenger_journey_time__exact_optimality__slot_time_relaxation_strengthening/three_station_v0/ean_passenger_service_journey_time_physical_replay.json,535439,support_or_manifest,0
benchmarks/output/artifacts/20260513T134429Z__three_station_v0__ean_passenger_journey_time__exact_optimality__slot_time_relaxation_strengthening/three_station_v0/scenario.json,14521,support_or_manifest,0
benchmarks/output/artifacts/20260513T150615Z__three_station_v0__ean_passenger_journey_time__exact_optimality__all/manifest.json,3266,support_or_manifest,0
benchmarks/output/artifacts/20260513T150615Z__three_station_v0__ean_passenger_journey_time__exact_optimality__all/three_station_v0/discrete_dt_0p5.json,1391543,support_or_manifest,0
benchmarks/output/artifacts/20260513T150615Z__three_station_v0__ean_passenger_journey_time__exact_optimality__all/three_station_v0/ean_build_artifact.json,25070973,support_or_manifest,0
benchmarks/output/artifacts/20260513T150615Z__three_station_v0__ean_passenger_journey_time__exact_optimality__all/three_station_v0/ean_passenger_service_journey_time.json,304305,result_or_diagnostic,1
benchmarks/output/artifacts/20260513T150615Z__three_station_v0__ean_passenger_journey_time__exact_optimality__all/three_station_v0/ean_passenger_service_journey_time_movement_plan.json,208554,support_or_manifest,0
benchmarks/output/artifacts/20260513T150615Z__three_station_v0__ean_passenger_journey_time__exact_optimality__all/three_station_v0/ean_passenger_service_journey_time_physical_replay.json,534365,support_or_manifest,0
benchmarks/output/artifacts/20260513T150615Z__three_station_v0__ean_passenger_journey_time__exact_optimality__all/three_station_v0/scenario.json,14521,support_or_manifest,0
benchmarks/output/artifacts/20260513T151210Z__three_station_v0__ean_passenger_journey_time__exact_optimality__candidate_horizon_pruning+single_ring_dominated_ride_pruning+slot_time_relaxation_strengthening+tight_big_m_bounds/manifest.json,3266,support_or_manifest,0
benchmarks/output/artifacts/20260513T151210Z__three_station_v0__ean_passenger_journey_time__exact_optimality__candidate_horizon_pruning+single_ring_dominated_ride_pruning+slot_time_relaxation_strengthening+tight_big_m_bounds/three_station_v0/discrete_dt_0p5.json,1391543,support_or_manifest,0
benchmarks/output/artifacts/20260513T151210Z__three_station_v0__ean_passenger_journey_time__exact_optimality__candidate_horizon_pruning+single_ring_dominated_ride_pruning+slot_time_relaxation_strengthening+tight_big_m_bounds/three_station_v0/ean_build_artifact.json,25070973,support_or_manifest,0
benchmarks/output/artifacts/20260513T151210Z__three_station_v0__ean_passenger_journey_time__exact_optimality__candidate_horizon_pruning+single_ring_dominated_ride_pruning+slot_time_relaxation_strengthening+tight_big_m_bounds/three_station_v0/ean_passenger_service_journey_time.json,304490,result_or_diagnostic,1
benchmarks/output/artifacts/20260513T151210Z__three_station_v0__ean_passenger_journey_time__exact_optimality__candidate_horizon_pruning+single_ring_dominated_ride_pruning+slot_time_relaxation_strengthening+tight_big_m_bounds/three_station_v0/ean_passenger_service_journey_time_movement_plan.json,208774,support_or_manifest,0
benchmarks/output/artifacts/20260513T151210Z__three_station_v0__ean_passenger_journey_time__exact_optimality__candidate_horizon_pruning+single_ring_dominated_ride_pruning+slot_time_relaxation_strengthening+tight_big_m_bounds/three_station_v0/ean_passenger_service_journey_time_physical_replay.json,533081,support_or_manifest,0
benchmarks/output/artifacts/20260513T151210Z__three_station_v0__ean_passenger_journey_time__exact_optimality__candidate_horizon_pruning+single_ring_dominated_ride_pruning+slot_time_relaxation_strengthening+tight_big_m_bounds/three_station_v0/scenario.json,14521,support_or_manifest,0
benchmarks/output/artifacts/20260513T154655Z__three_station_v0__ean_passenger_journey_time__exact_optimality__all/manifest.json,3266,support_or_manifest,0
benchmarks/output/artifacts/20260513T154655Z__three_station_v0__ean_passenger_journey_time__exact_optimality__all/three_station_v0/discrete_dt_0p5.json,1391543,support_or_manifest,0
benchmarks/output/artifacts/20260513T154655Z__three_station_v0__ean_passenger_journey_time__exact_optimality__all/three_station_v0/ean_build_artifact.json,25070973,support_or_manifest,0
benchmarks/output/artifacts/20260513T154655Z__three_station_v0__ean_passenger_journey_time__exact_optimality__all/three_station_v0/ean_passenger_service_journey_time.json,304257,result_or_diagnostic,1
benchmarks/output/artifacts/20260513T154655Z__three_station_v0__ean_passenger_journey_time__exact_optimality__all/three_station_v0/ean_passenger_service_journey_time_movement_plan.json,208511,support_or_manifest,0
benchmarks/output/artifacts/20260513T154655Z__three_station_v0__ean_passenger_journey_time__exact_optimality__all/three_station_v0/ean_passenger_service_journey_time_physical_replay.json,534365,support_or_manifest,0
benchmarks/output/artifacts/20260513T154655Z__three_station_v0__ean_passenger_journey_time__exact_optimality__all/three_station_v0/scenario.json,14521,support_or_manifest,0
benchmarks/output/artifacts/20260513T155229Z__three_station_v0__ean_passenger_journey_time__exact_optimality__candidate_horizon_pruning+single_ring_dominated_ride_pruning+slot_time_relaxation_strengthening+tight_big_m_bounds/manifest.json,3266,support_or_manifest,0
benchmarks/output/artifacts/20260513T155229Z__three_station_v0__ean_passenger_journey_time__exact_optimality__candidate_horizon_pruning+single_ring_dominated_ride_pruning+slot_time_relaxation_strengthening+tight_big_m_bounds/three_station_v0/discrete_dt_0p5.json,1391543,support_or_manifest,0
benchmarks/output/artifacts/20260513T155229Z__three_station_v0__ean_passenger_journey_time__exact_optimality__candidate_horizon_pruning+single_ring_dominated_ride_pruning+slot_time_relaxation_strengthening+tight_big_m_bounds/three_station_v0/ean_build_artifact.json,25070973,support_or_manifest,0
benchmarks/output/artifacts/20260513T155229Z__three_station_v0__ean_passenger_journey_time__exact_optimality__candidate_horizon_pruning+single_ring_dominated_ride_pruning+slot_time_relaxation_strengthening+tight_big_m_bounds/three_station_v0/ean_passenger_service_journey_time.json,305245,result_or_diagnostic,1
benchmarks/output/artifacts/20260513T155229Z__three_station_v0__ean_passenger_journey_time__exact_optimality__candidate_horizon_pruning+single_ring_dominated_ride_pruning+slot_time_relaxation_strengthening+tight_big_m_bounds/three_station_v0/ean_passenger_service_journey_time_movement_plan.json,208483,support_or_manifest,0
benchmarks/output/artifacts/20260513T155229Z__three_station_v0__ean_passenger_journey_time__exact_optimality__candidate_horizon_pruning+single_ring_dominated_ride_pruning+slot_time_relaxation_strengthening+tight_big_m_bounds/three_station_v0/ean_passenger_service_journey_time_physical_replay.json,533469,support_or_manifest,0
benchmarks/output/artifacts/20260513T155229Z__three_station_v0__ean_passenger_journey_time__exact_optimality__candidate_horizon_pruning+single_ring_dominated_ride_pruning+slot_time_relaxation_strengthening+tight_big_m_bounds/three_station_v0/scenario.json,14521,support_or_manifest,0
benchmarks/output/artifacts/20260722T205547Z__five_station_optimized_initial_placement_double_all_stop_skip_wait_v0__ean_passenger_journey_time__quick_good_solution__optimized_all_stop__network__all/five_station_optimized_initial_placement_double_all_stop_skip_wait_v0/discrete_dt_0p5.json,1696526,support_or_manifest,0
benchmarks/output/artifacts/20260722T205547Z__five_station_optimized_initial_placement_double_all_stop_skip_wait_v0__ean_passenger_journey_time__quick_good_solution__optimized_all_stop__network__all/five_station_optimized_initial_placement_double_all_stop_skip_wait_v0/ean_build_artifact.json,1258418971,large_support_artifact_not_loaded,
benchmarks/output/artifacts/20260722T205547Z__five_station_optimized_initial_placement_double_all_stop_skip_wait_v0__ean_passenger_journey_time__quick_good_solution__optimized_all_stop__network__all/five_station_optimized_initial_placement_double_all_stop_skip_wait_v0/ean_passenger_service_journey_time.json,506145,result_or_diagnostic,1
benchmarks/output/artifacts/20260722T205547Z__five_station_optimized_initial_placement_double_all_stop_skip_wait_v0__ean_passenger_journey_time__quick_good_solution__optimized_all_stop__network__all/five_station_optimized_initial_placement_double_all_stop_skip_wait_v0/ean_passenger_service_journey_time_movement_plan.json,422946,support_or_manifest,0
benchmarks/output/artifacts/20260722T205547Z__five_station_optimized_initial_placement_double_all_stop_skip_wait_v0__ean_passenger_journey_time__quick_good_solution__optimized_all_stop__network__all/five_station_optimized_initial_placement_double_all_stop_skip_wait_v0/ean_passenger_service_journey_time_physical_replay.json,1316099,support_or_manifest,0
benchmarks/output/artifacts/20260722T205547Z__five_station_optimized_initial_placement_double_all_stop_skip_wait_v0__ean_passenger_journey_time__quick_good_solution__optimized_all_stop__network__all/five_station_optimized_initial_placement_double_all_stop_skip_wait_v0/scenario.json,23924,support_or_manifest,0
benchmarks/output/artifacts/20260722T205547Z__five_station_optimized_initial_placement_double_all_stop_skip_wait_v0__ean_passenger_journey_time__quick_good_solution__optimized_all_stop__network__all/manifest.json,4037,support_or_manifest,0
benchmarks/output/bottleneck_diagnostics/20260715T141510Z__three_station_v0__journey_time__all.json,16886,result_or_diagnostic,3
benchmarks/output/bottleneck_diagnostics/20260715T142046Z__three_station_v0__journey_time__all.json,47662,result_or_diagnostic,3
benchmarks/output/bottleneck_diagnostics/20260715T142828Z__five_station_v0__journey_time__all.json,16582,result_or_diagnostic,3
benchmarks/output/circle_half_skip_wait_20260716/artifacts/20260716T090821Z__five_station_circle_cw_half_skip_wait_v0__ean_passenger_journey_time__exact_optimality__optimized_all_stop__all/five_station_circle_cw_half_skip_wait_v0/discrete_dt_0p5.json,1696468,support_or_manifest,0
benchmarks/output/circle_half_skip_wait_20260716/artifacts/20260716T090821Z__five_station_circle_cw_half_skip_wait_v0__ean_passenger_journey_time__exact_optimality__optimized_all_stop__all/five_station_circle_cw_half_skip_wait_v0/ean_build_artifact.json,60687779,large_support_artifact_not_loaded,
benchmarks/output/circle_half_skip_wait_20260716/artifacts/20260716T090821Z__five_station_circle_cw_half_skip_wait_v0__ean_passenger_journey_time__exact_optimality__optimized_all_stop__all/five_station_circle_cw_half_skip_wait_v0/ean_passenger_service_journey_time.json,407148,result_or_diagnostic,1
benchmarks/output/circle_half_skip_wait_20260716/artifacts/20260716T090821Z__five_station_circle_cw_half_skip_wait_v0__ean_passenger_journey_time__exact_optimality__optimized_all_stop__all/five_station_circle_cw_half_skip_wait_v0/ean_passenger_service_journey_time_movement_plan.json,330604,support_or_manifest,0
benchmarks/output/circle_half_skip_wait_20260716/artifacts/20260716T090821Z__five_station_circle_cw_half_skip_wait_v0__ean_passenger_journey_time__exact_optimality__optimized_all_stop__all/five_station_circle_cw_half_skip_wait_v0/ean_passenger_service_journey_time_physical_replay.json,675131,support_or_manifest,0
benchmarks/output/circle_half_skip_wait_20260716/artifacts/20260716T090821Z__five_station_circle_cw_half_skip_wait_v0__ean_passenger_journey_time__exact_optimality__optimized_all_stop__all/five_station_circle_cw_half_skip_wait_v0/scenario.json,23895,support_or_manifest,0
benchmarks/output/circle_half_skip_wait_20260716/artifacts/20260716T090821Z__five_station_circle_cw_half_skip_wait_v0__ean_passenger_journey_time__exact_optimality__optimized_all_stop__all/manifest.json,3612,support_or_manifest,0
benchmarks/output/circle_half_skip_wait_20260716/results/20260716T090821Z__five_station_circle_cw_half_skip_wait_v0__ean_passenger_journey_time__exact_optimality__optimized_all_stop__all.json,16801,result_or_diagnostic,1
benchmarks/output/combined_formulations_20260715/artifacts/20260715T110808Z__three_station_v0__ean_passenger_journey_time__exact_optimality__all/manifest.json,3266,support_or_manifest,0
benchmarks/output/combined_formulations_20260715/artifacts/20260715T110808Z__three_station_v0__ean_passenger_journey_time__exact_optimality__all/three_station_v0/discrete_dt_0p5.json,1391543,support_or_manifest,0
benchmarks/output/combined_formulations_20260715/artifacts/20260715T110808Z__three_station_v0__ean_passenger_journey_time__exact_optimality__all/three_station_v0/ean_build_artifact.json,25071075,support_or_manifest,0
benchmarks/output/combined_formulations_20260715/artifacts/20260715T110808Z__three_station_v0__ean_passenger_journey_time__exact_optimality__all/three_station_v0/ean_passenger_service_journey_time.json,329786,result_or_diagnostic,1
benchmarks/output/combined_formulations_20260715/artifacts/20260715T110808Z__three_station_v0__ean_passenger_journey_time__exact_optimality__all/three_station_v0/ean_passenger_service_journey_time_movement_plan.json,208540,support_or_manifest,0
benchmarks/output/combined_formulations_20260715/artifacts/20260715T110808Z__three_station_v0__ean_passenger_journey_time__exact_optimality__all/three_station_v0/ean_passenger_service_journey_time_physical_replay.json,533065,support_or_manifest,0
benchmarks/output/combined_formulations_20260715/artifacts/20260715T110808Z__three_station_v0__ean_passenger_journey_time__exact_optimality__all/three_station_v0/scenario.json,14521,support_or_manifest,0
benchmarks/output/combined_formulations_20260715/artifacts/20260715T111326Z__three_station_v0__ean_passenger_journey_time__exact_optimality__candidate_horizon_pruning+single_ring_dominated_ride_pruning+slot_time_relaxation_strengthening+stop_skip_timing_affine+slot_activation_first_slot/manifest.json,3266,support_or_manifest,0
benchmarks/output/combined_formulations_20260715/artifacts/20260715T111326Z__three_station_v0__ean_passenger_journey_time__exact_optimality__candidate_horizon_pruning+single_ring_dominated_ride_pruning+slot_time_relaxation_strengthening+stop_skip_timing_affine+slot_activation_first_slot/three_station_v0/discrete_dt_0p5.json,1391543,support_or_manifest,0
benchmarks/output/combined_formulations_20260715/artifacts/20260715T111326Z__three_station_v0__ean_passenger_journey_time__exact_optimality__candidate_horizon_pruning+single_ring_dominated_ride_pruning+slot_time_relaxation_strengthening+stop_skip_timing_affine+slot_activation_first_slot/three_station_v0/ean_build_artifact.json,25071075,support_or_manifest,0
benchmarks/output/combined_formulations_20260715/artifacts/20260715T111326Z__three_station_v0__ean_passenger_journey_time__exact_optimality__candidate_horizon_pruning+single_ring_dominated_ride_pruning+slot_time_relaxation_strengthening+stop_skip_timing_affine+slot_activation_first_slot/three_station_v0/ean_passenger_service_journey_time.json,325544,result_or_diagnostic,1
benchmarks/output/combined_formulations_20260715/artifacts/20260715T111326Z__three_station_v0__ean_passenger_journey_time__exact_optimality__candidate_horizon_pruning+single_ring_dominated_ride_pruning+slot_time_relaxation_strengthening+stop_skip_timing_affine+slot_activation_first_slot/three_station_v0/ean_passenger_service_journey_time_movement_plan.json,208406,support_or_manifest,0
benchmarks/output/combined_formulations_20260715/artifacts/20260715T111326Z__three_station_v0__ean_passenger_journey_time__exact_optimality__candidate_horizon_pruning+single_ring_dominated_ride_pruning+slot_time_relaxation_strengthening+stop_skip_timing_affine+slot_activation_first_slot/three_station_v0/ean_passenger_service_journey_time_physical_replay.json,533764,support_or_manifest,0
benchmarks/output/combined_formulations_20260715/artifacts/20260715T111326Z__three_station_v0__ean_passenger_journey_time__exact_optimality__candidate_horizon_pruning+single_ring_dominated_ride_pruning+slot_time_relaxation_strengthening+stop_skip_timing_affine+slot_activation_first_slot/three_station_v0/scenario.json,14521,support_or_manifest,0
benchmarks/output/combined_formulations_20260715/artifacts/20260715T112001Z__three_station_v0__ean_passenger_journey_time__exact_optimality__candidate_horizon_pruning+single_ring_dominated_ride_pruning+slot_time_relaxation___6e51e5fc4e85/manifest.json,3266,support_or_manifest,0
benchmarks/output/combined_formulations_20260715/artifacts/20260715T112001Z__three_station_v0__ean_passenger_journey_time__exact_optimality__candidate_horizon_pruning+single_ring_dominated_ride_pruning+slot_time_relaxation___6e51e5fc4e85/three_station_v0/discrete_dt_0p5.json,1391543,support_or_manifest,0
benchmarks/output/combined_formulations_20260715/artifacts/20260715T112001Z__three_station_v0__ean_passenger_journey_time__exact_optimality__candidate_horizon_pruning+single_ring_dominated_ride_pruning+slot_time_relaxation___6e51e5fc4e85/three_station_v0/ean_build_artifact.json,25071075,support_or_manifest,0
benchmarks/output/combined_formulations_20260715/artifacts/20260715T112001Z__three_station_v0__ean_passenger_journey_time__exact_optimality__candidate_horizon_pruning+single_ring_dominated_ride_pruning+slot_time_relaxation___6e51e5fc4e85/three_station_v0/ean_passenger_service_journey_time.json,331641,result_or_diagnostic,1
benchmarks/output/combined_formulations_20260715/artifacts/20260715T112001Z__three_station_v0__ean_passenger_journey_time__exact_optimality__candidate_horizon_pruning+single_ring_dominated_ride_pruning+slot_time_relaxation___6e51e5fc4e85/three_station_v0/ean_passenger_service_journey_time_movement_plan.json,208549,support_or_manifest,0
benchmarks/output/combined_formulations_20260715/artifacts/20260715T112001Z__three_station_v0__ean_passenger_journey_time__exact_optimality__candidate_horizon_pruning+single_ring_dominated_ride_pruning+slot_time_relaxation___6e51e5fc4e85/three_station_v0/ean_passenger_service_journey_time_physical_replay.json,535122,support_or_manifest,0
benchmarks/output/combined_formulations_20260715/artifacts/20260715T112001Z__three_station_v0__ean_passenger_journey_time__exact_optimality__candidate_horizon_pruning+single_ring_dominated_ride_pruning+slot_time_relaxation___6e51e5fc4e85/three_station_v0/scenario.json,14521,support_or_manifest,0
benchmarks/output/combined_formulations_20260715/results/20260715T110808Z__three_station_v0__ean_passenger_journey_time__exact_optimality__all.json,27800,result_or_diagnostic,1
benchmarks/output/combined_formulations_20260715/results/20260715T111326Z__three_station_v0__ean_passenger_journey_time__exact_optimality__candidate_horizon_pruning+single_ring_dominated_ride_pruning+slot_time_relaxation_strengthening+stop_skip_timing_affine+slot_activation_first_slot.json,24583,result_or_diagnostic,1
benchmarks/output/combined_formulations_20260715/results/20260715T112001Z__three_station_v0__ean_passenger_journey_time__exact_optimality__candidate_horizon_pruning+single_ring_dominated_ride_pruning+slot_time_relaxation___6e51e5fc4e85.json,29866,result_or_diagnostic,1
benchmarks/output/combined_formulations_20260715/three_station_15min/artifacts/20260715T112539Z__three_station_v0__ean_passenger_journey_time__exact_optimality__all/manifest.json,3266,support_or_manifest,0
benchmarks/output/combined_formulations_20260715/three_station_15min/artifacts/20260715T112539Z__three_station_v0__ean_passenger_journey_time__exact_optimality__all/three_station_v0/discrete_dt_0p5.json,1391543,support_or_manifest,0
benchmarks/output/combined_formulations_20260715/three_station_15min/artifacts/20260715T112539Z__three_station_v0__ean_passenger_journey_time__exact_optimality__all/three_station_v0/ean_build_artifact.json,25071075,support_or_manifest,0
benchmarks/output/combined_formulations_20260715/three_station_15min/artifacts/20260715T112539Z__three_station_v0__ean_passenger_journey_time__exact_optimality__all/three_station_v0/ean_passenger_service_journey_time.json,349650,result_or_diagnostic,1
benchmarks/output/combined_formulations_20260715/three_station_15min/artifacts/20260715T112539Z__three_station_v0__ean_passenger_journey_time__exact_optimality__all/three_station_v0/ean_passenger_service_journey_time_movement_plan.json,208357,support_or_manifest,0
benchmarks/output/combined_formulations_20260715/three_station_15min/artifacts/20260715T112539Z__three_station_v0__ean_passenger_journey_time__exact_optimality__all/three_station_v0/ean_passenger_service_journey_time_physical_replay.json,533490,support_or_manifest,0
benchmarks/output/combined_formulations_20260715/three_station_15min/artifacts/20260715T112539Z__three_station_v0__ean_passenger_journey_time__exact_optimality__all/three_station_v0/scenario.json,14521,support_or_manifest,0
benchmarks/output/combined_formulations_20260715/three_station_15min/artifacts/20260715T114055Z__three_station_v0__ean_passenger_journey_time__exact_optimality__candidate_horizon_pruning+single_ring_dominated_ride_pruning+slot_time_relaxation___6e51e5fc4e85/manifest.json,3266,support_or_manifest,0
benchmarks/output/combined_formulations_20260715/three_station_15min/artifacts/20260715T114055Z__three_station_v0__ean_passenger_journey_time__exact_optimality__candidate_horizon_pruning+single_ring_dominated_ride_pruning+slot_time_relaxation___6e51e5fc4e85/three_station_v0/discrete_dt_0p5.json,1391543,support_or_manifest,0
benchmarks/output/combined_formulations_20260715/three_station_15min/artifacts/20260715T114055Z__three_station_v0__ean_passenger_journey_time__exact_optimality__candidate_horizon_pruning+single_ring_dominated_ride_pruning+slot_time_relaxation___6e51e5fc4e85/three_station_v0/ean_build_artifact.json,25071075,support_or_manifest,0
benchmarks/output/combined_formulations_20260715/three_station_15min/artifacts/20260715T114055Z__three_station_v0__ean_passenger_journey_time__exact_optimality__candidate_horizon_pruning+single_ring_dominated_ride_pruning+slot_time_relaxation___6e51e5fc4e85/three_station_v0/ean_passenger_service_journey_time.json,358637,result_or_diagnostic,1
benchmarks/output/combined_formulations_20260715/three_station_15min/artifacts/20260715T114055Z__three_station_v0__ean_passenger_journey_time__exact_optimality__candidate_horizon_pruning+single_ring_dominated_ride_pruning+slot_time_relaxation___6e51e5fc4e85/three_station_v0/ean_passenger_service_journey_time_movement_plan.json,208202,support_or_manifest,0
benchmarks/output/combined_formulations_20260715/three_station_15min/artifacts/20260715T114055Z__three_station_v0__ean_passenger_journey_time__exact_optimality__candidate_horizon_pruning+single_ring_dominated_ride_pruning+slot_time_relaxation___6e51e5fc4e85/three_station_v0/ean_passenger_service_journey_time_physical_replay.json,533993,support_or_manifest,0
benchmarks/output/combined_formulations_20260715/three_station_15min/artifacts/20260715T114055Z__three_station_v0__ean_passenger_journey_time__exact_optimality__candidate_horizon_pruning+single_ring_dominated_ride_pruning+slot_time_relaxation___6e51e5fc4e85/three_station_v0/scenario.json,14521,support_or_manifest,0
benchmarks/output/combined_formulations_20260715/three_station_15min/results/20260715T112539Z__three_station_v0__ean_passenger_journey_time__exact_optimality__all.json,46422,result_or_diagnostic,1
benchmarks/output/combined_formulations_20260715/three_station_15min/results/20260715T114055Z__three_station_v0__ean_passenger_journey_time__exact_optimality__candidate_horizon_pruning+single_ring_dominated_ride_pruning+slot_time_relaxation___6e51e5fc4e85.json,54839,result_or_diagnostic,1
benchmarks/output/ddd_audit_post_refactor/selective_raw_core_20/five_station_circle_cw_half_skip_no_wait_v0.json,470677,result_or_diagnostic,1
benchmarks/output/ddd_audit_post_refactor/trajectory_root_cg_pair_only_30r/five_station_circle_cw_half_skip_no_wait_v0__journey_time.checkpoint.json,8263328,support_or_manifest,0
benchmarks/output/ddd_audit_post_refactor/trajectory_root_cg_pair_only_30r/five_station_circle_cw_half_skip_no_wait_v0__journey_time.json,257395,result_or_diagnostic,1
benchmarks/output/ddd_branch_price_gate_k20/five_station_circle_cw_half_skip_no_wait_headway_b_v0__journey_time.json,343869,result_or_diagnostic,1
benchmarks/output/ddd_branch_price_gate_k20_prepare/five_station_circle_cw_half_skip_no_wait_headway_b_v0__journey_time.json,65995,result_or_diagnostic,1
benchmarks/output/ddd_branch_price_gate_k39_10m/five_station_circle_cw_half_skip_no_wait_headway_b_v0__journey_time.json,546148,result_or_diagnostic,1
benchmarks/output/ddd_branch_price_gate_k39_arcflow_10m/five_station_circle_cw_half_skip_no_wait_headway_b_v0_arc_flow_skip_stop_k39/result.json,103142,result_or_diagnostic,1
benchmarks/output/ddd_branch_price_gate_k39_smoke/five_station_circle_cw_half_skip_no_wait_headway_b_v0__journey_time.json,44521,result_or_diagnostic,1
benchmarks/output/ddd_branch_price_smoke/three_station_exhaustive_trajectory_bound_v0__journey_time.json,14814,result_or_diagnostic,1
benchmarks/output/ddd_delayed_waiting_budget_smoke/five_station_circle_cw_half_skip_no_wait_headway_b_v0__k20__skip_stop__wait_0p5h.json,3764,result_or_diagnostic,1
benchmarks/output/ddd_delayed_waiting_passenger_pilot_k20/five_station_circle_cw_half_skip_no_wait_headway_b_v0.json,342584,result_or_diagnostic,1
benchmarks/output/ddd_delayed_waiting_passenger_pilot_k20_v2/five_station_circle_cw_half_skip_no_wait_headway_b_v0__k20__skip_stop__wait_0p5h.json,342760,result_or_diagnostic,1
benchmarks/output/ddd_delayed_waiting_pilot_k20/five_station_circle_cw_half_skip_no_wait_headway_b_v0.json,12177,result_or_diagnostic,1
benchmarks/output/ddd_delayed_waiting_shared_budget_k20/five_station_circle_cw_half_skip_no_wait_headway_b_v0__k20__skip_stop__wait_0h.json,341581,result_or_diagnostic,1
benchmarks/output/ddd_delayed_waiting_shared_budget_k20/five_station_circle_cw_half_skip_no_wait_headway_b_v0__k20__skip_stop__wait_0p5h.json,357055,result_or_diagnostic,1
benchmarks/output/ddd_delayed_waiting_shared_budget_k20/five_station_circle_cw_half_skip_no_wait_headway_b_v0__k20__skip_stop__wait_1h.json,359781,result_or_diagnostic,1
benchmarks/output/ddd_delayed_waiting_shared_budget_k20/five_station_circle_cw_half_skip_no_wait_headway_b_v0__k20__skip_stop__wait_2h.json,28318,result_or_diagnostic,1
benchmarks/output/ddd_delayed_waiting_shared_budget_k20/five_station_circle_cw_half_skip_no_wait_headway_b_v0__k20__skip_stop__wait_5h.json,26050,result_or_diagnostic,1
benchmarks/output/ddd_delayed_waiting_smoke/five_station_circle_cw_half_skip_no_wait_headway_b_v0.json,11228,result_or_diagnostic,1
benchmarks/output/ddd_exact_anonymous_gate/five_station_circle_cw_half_skip_no_wait_headway_b_v0_arc_flow_exact_anonymous_skip_stop_k20/result.json,37181,result_or_diagnostic,1
benchmarks/output/ddd_exact_anonymous_gate/five_station_circle_cw_half_skip_no_wait_headway_b_v0_arc_flow_labeled_skip_stop_k20/result.json,46192,result_or_diagnostic,1
benchmarks/output/ddd_exact_anonymous_gate_1h_k39/five_station_circle_cw_half_skip_no_wait_headway_b_v0_arc_flow_exact_anonymous_skip_stop_k39/result.json,103056,result_or_diagnostic,1
benchmarks/output/ddd_exact_anonymous_gate_5m/five_station_circle_cw_half_skip_no_wait_headway_b_v0_arc_flow_exact_anonymous_skip_stop_k20/result.json,46645,result_or_diagnostic,1
benchmarks/output/ddd_fixed_k_arc_flow_campaigns/five_station_b_balanced_fixed_k_boundary_screening/campaign.json,821460,result_or_diagnostic,1
benchmarks/output/ddd_fixed_k_arc_flow_campaigns/five_station_b_balanced_fixed_k_boundary_screening/policies/all_stop/k20/result.json,36949,result_or_diagnostic,1
benchmarks/output/ddd_fixed_k_arc_flow_campaigns/five_station_b_balanced_fixed_k_boundary_screening/policies/all_stop/k38/result.json,68331,result_or_diagnostic,1
benchmarks/output/ddd_fixed_k_arc_flow_campaigns/five_station_b_balanced_fixed_k_boundary_screening/policies/skip_stop/k20/result.json,44470,result_or_diagnostic,1
benchmarks/output/ddd_fixed_k_arc_flow_campaigns/five_station_b_balanced_fixed_k_boundary_screening/policies/skip_stop/k38/result.json,68285,result_or_diagnostic,1
benchmarks/output/ddd_fixed_k_arc_flow_campaigns/five_station_b_fixed_k_k17_22_screening/campaign.json,1508663,result_or_diagnostic,1
benchmarks/output/ddd_fixed_k_arc_flow_campaigns/five_station_b_fixed_k_k17_22_screening/policies/all_stop/k17/result.json,31240,result_or_diagnostic,1
benchmarks/output/ddd_fixed_k_arc_flow_campaigns/five_station_b_fixed_k_k17_22_screening/policies/all_stop/k18/result.json,32979,result_or_diagnostic,1
benchmarks/output/ddd_fixed_k_arc_flow_campaigns/five_station_b_fixed_k_k17_22_screening/policies/all_stop/k19/result.json,34726,result_or_diagnostic,1
benchmarks/output/ddd_fixed_k_arc_flow_campaigns/five_station_b_fixed_k_k17_22_screening/policies/all_stop/k20/result.json,1290,result_or_diagnostic,1
benchmarks/output/ddd_fixed_k_arc_flow_campaigns/five_station_b_fixed_k_k17_22_screening/policies/all_stop/k21/result.json,1290,result_or_diagnostic,1
benchmarks/output/ddd_fixed_k_arc_flow_campaigns/five_station_b_fixed_k_k17_22_screening/policies/all_stop/k22/result.json,1289,result_or_diagnostic,1
benchmarks/output/ddd_fixed_k_arc_flow_campaigns/five_station_b_fixed_k_k17_22_screening/policies/skip_stop/k17/result.json,38364,result_or_diagnostic,1
benchmarks/output/ddd_fixed_k_arc_flow_campaigns/five_station_b_fixed_k_k17_22_screening/policies/skip_stop/k18/result.json,40959,result_or_diagnostic,1
benchmarks/output/ddd_fixed_k_arc_flow_campaigns/five_station_b_fixed_k_k17_22_screening/policies/skip_stop/k19/result.json,43445,result_or_diagnostic,1
benchmarks/output/ddd_fixed_k_arc_flow_campaigns/five_station_b_fixed_k_k17_22_screening/policies/skip_stop/k20/result.json,44386,result_or_diagnostic,1
benchmarks/output/ddd_fixed_k_arc_flow_campaigns/five_station_b_fixed_k_k17_22_screening/policies/skip_stop/k21/result.json,47129,result_or_diagnostic,1
benchmarks/output/ddd_fixed_k_arc_flow_campaigns/five_station_b_fixed_k_k17_22_screening/policies/skip_stop/k22/result.json,50753,result_or_diagnostic,1
benchmarks/output/ddd_fixed_k_arc_flow_pilot/five_station_b_arc_flow_skip_stop_k20_pilot/campaign.json,168820,result_or_diagnostic,1
benchmarks/output/ddd_fixed_k_arc_flow_pilot/five_station_b_arc_flow_skip_stop_k20_pilot/result.json,44333,result_or_diagnostic,1
benchmarks/output/ddd_fixed_k_arc_flow_pilot/five_station_circle_cw_half_skip_no_wait_headway_b_v0_arc_flow_skip_stop_k20/result.json,44161,result_or_diagnostic,1
benchmarks/output/ddd_fixed_k_arc_flow_smoke/arc_flow_smoke_preview/campaign.json,15501,result_or_diagnostic,1
benchmarks/output/ddd_fixed_k_arc_flow_smoke/arc_flow_smoke_preview/result.json,2830,result_or_diagnostic,1
benchmarks/output/ddd_fixed_k_arc_flow_smoke/five_station_circle_cw_half_skip_no_wait_headway_b_v0_arc_flow_skip_stop_k20/result.json,44399,result_or_diagnostic,1
benchmarks/output/ddd_fixed_k_arc_flow_smoke/five_station_circle_cw_half_skip_no_wait_v0_arc_flow_all_stop_k1/result.json,3067,result_or_diagnostic,1
benchmarks/output/ddd_fixed_k_arc_flow_smoke/five_station_circle_cw_half_skip_no_wait_v0_arc_flow_skip_stop_k1/result.json,2834,result_or_diagnostic,1
benchmarks/output/ddd_fixed_k_campaigns/five_station_b_fixed_k_k17_22_screening/campaign.json,5571366,result_or_diagnostic,1
benchmarks/output/ddd_fixed_k_campaigns/five_station_b_fixed_k_k17_22_screening/policies/all_stop/k17/checkpoint.json,504523,support_or_manifest,0
benchmarks/output/ddd_fixed_k_campaigns/five_station_b_fixed_k_k17_22_screening/policies/all_stop/k17/five_station_circle_cw_half_skip_no_wait_headway_b_v0__journey_time.json,40329,result_or_diagnostic,1
benchmarks/output/ddd_fixed_k_campaigns/five_station_b_fixed_k_k17_22_screening/policies/all_stop/k18/checkpoint.json,533370,support_or_manifest,0
benchmarks/output/ddd_fixed_k_campaigns/five_station_b_fixed_k_k17_22_screening/policies/all_stop/k18/five_station_circle_cw_half_skip_no_wait_headway_b_v0__journey_time.json,41952,result_or_diagnostic,1
benchmarks/output/ddd_fixed_k_campaigns/five_station_b_fixed_k_k17_22_screening/policies/all_stop/k19/checkpoint.json,562932,support_or_manifest,0
benchmarks/output/ddd_fixed_k_campaigns/five_station_b_fixed_k_k17_22_screening/policies/all_stop/k19/five_station_circle_cw_half_skip_no_wait_headway_b_v0__journey_time.json,43842,result_or_diagnostic,1
benchmarks/output/ddd_fixed_k_campaigns/five_station_b_fixed_k_k17_22_screening/policies/all_stop/k20/five_station_circle_cw_half_skip_no_wait_headway_b_v0__journey_time.json,2554,result_or_diagnostic,1
benchmarks/output/ddd_fixed_k_campaigns/five_station_b_fixed_k_k17_22_screening/policies/all_stop/k21/five_station_circle_cw_half_skip_no_wait_headway_b_v0__journey_time.json,2551,result_or_diagnostic,1
benchmarks/output/ddd_fixed_k_campaigns/five_station_b_fixed_k_k17_22_screening/policies/all_stop/k22/five_station_circle_cw_half_skip_no_wait_headway_b_v0__journey_time.json,2552,result_or_diagnostic,1
benchmarks/output/ddd_fixed_k_campaigns/five_station_b_fixed_k_k17_22_screening/policies/skip_stop/k17/checkpoint.json,13070440,support_or_manifest,0
benchmarks/output/ddd_fixed_k_campaigns/five_station_b_fixed_k_k17_22_screening/policies/skip_stop/k17/five_station_circle_cw_half_skip_no_wait_headway_b_v0__journey_time.json,481760,result_or_diagnostic,1
benchmarks/output/ddd_fixed_k_campaigns/five_station_b_fixed_k_k17_22_screening/policies/skip_stop/k18/checkpoint.json,11205739,support_or_manifest,0
benchmarks/output/ddd_fixed_k_campaigns/five_station_b_fixed_k_k17_22_screening/policies/skip_stop/k18/five_station_circle_cw_half_skip_no_wait_headway_b_v0__journey_time.json,433844,result_or_diagnostic,1
benchmarks/output/ddd_fixed_k_campaigns/five_station_b_fixed_k_k17_22_screening/policies/skip_stop/k19/checkpoint.json,12828689,support_or_manifest,0
benchmarks/output/ddd_fixed_k_campaigns/five_station_b_fixed_k_k17_22_screening/policies/skip_stop/k19/five_station_circle_cw_half_skip_no_wait_headway_b_v0__journey_time.json,472197,result_or_diagnostic,1
benchmarks/output/ddd_fixed_k_campaigns/five_station_b_fixed_k_k17_22_screening/policies/skip_stop/k20/five_station_circle_cw_half_skip_no_wait_headway_b_v0__journey_time.json,2556,result_or_diagnostic,1
benchmarks/output/ddd_fixed_k_campaigns/five_station_b_fixed_k_k17_22_screening/policies/skip_stop/k21/five_station_circle_cw_half_skip_no_wait_headway_b_v0__journey_time.json,2556,result_or_diagnostic,1
benchmarks/output/ddd_fixed_k_campaigns/five_station_b_fixed_k_k17_22_screening/policies/skip_stop/k22/five_station_circle_cw_half_skip_no_wait_headway_b_v0__journey_time.json,2557,result_or_diagnostic,1
benchmarks/output/ddd_fixed_k_campaigns/five_station_b_full_demand_fixed_k_hybrid_screening/campaign.json,6470014,result_or_diagnostic,1
benchmarks/output/ddd_fixed_k_campaigns/five_station_b_full_demand_fixed_k_hybrid_screening/policies/all_stop/k20/checkpoint.json,598963,support_or_manifest,0
benchmarks/output/ddd_fixed_k_campaigns/five_station_b_full_demand_fixed_k_hybrid_screening/policies/all_stop/k20/five_station_circle_cw_full_skip_no_wait_headway_b_v0__journey_time.json,54529,result_or_diagnostic,1
benchmarks/output/ddd_fixed_k_campaigns/five_station_b_full_demand_fixed_k_hybrid_screening/policies/all_stop/k38/checkpoint.json,1116085,support_or_manifest,0
benchmarks/output/ddd_fixed_k_campaigns/five_station_b_full_demand_fixed_k_hybrid_screening/policies/all_stop/k38/five_station_circle_cw_full_skip_no_wait_headway_b_v0__journey_time.json,83264,result_or_diagnostic,1
benchmarks/output/ddd_fixed_k_campaigns/five_station_b_full_demand_fixed_k_hybrid_screening/policies/skip_stop/k20/checkpoint.json,12213641,support_or_manifest,0
benchmarks/output/ddd_fixed_k_campaigns/five_station_b_full_demand_fixed_k_hybrid_screening/policies/skip_stop/k20/five_station_circle_cw_full_skip_no_wait_headway_b_v0__journey_time.json,471307,result_or_diagnostic,1
benchmarks/output/ddd_fixed_k_campaigns/five_station_b_full_demand_fixed_k_hybrid_screening/policies/skip_stop/k38/checkpoint.json,19790360,support_or_manifest,0
benchmarks/output/ddd_fixed_k_campaigns/five_station_b_full_demand_fixed_k_hybrid_screening/policies/skip_stop/k38/five_station_circle_cw_full_skip_no_wait_headway_b_v0__journey_time.json,644556,result_or_diagnostic,1
benchmarks/output/ddd_fixed_k_campaigns/five_station_b_full_demand_fixed_k_hybrid_screening/policies/skip_stop/k39/checkpoint.json,22054661,support_or_manifest,0
benchmarks/output/ddd_fixed_k_campaigns/five_station_b_full_demand_fixed_k_hybrid_screening/policies/skip_stop/k39/five_station_circle_cw_full_skip_no_wait_headway_b_v0__journey_time.json,548463,result_or_diagnostic,1
benchmarks/output/ddd_fixed_k_campaigns/five_station_b_half_demand_fixed_k_hybrid_screening/campaign.json,5648976,result_or_diagnostic,1
benchmarks/output/ddd_fixed_k_campaigns/five_station_b_half_demand_fixed_k_hybrid_screening/policies/all_stop/k20/checkpoint.json,590407,support_or_manifest,0
benchmarks/output/ddd_fixed_k_campaigns/five_station_b_half_demand_fixed_k_hybrid_screening/policies/all_stop/k20/five_station_circle_cw_half_skip_no_wait_headway_b_v0__journey_time.json,46093,result_or_diagnostic,1
benchmarks/output/ddd_fixed_k_campaigns/five_station_b_half_demand_fixed_k_hybrid_screening/policies/all_stop/k38/checkpoint.json,1095025,support_or_manifest,0
benchmarks/output/ddd_fixed_k_campaigns/five_station_b_half_demand_fixed_k_hybrid_screening/policies/all_stop/k38/five_station_circle_cw_half_skip_no_wait_headway_b_v0__journey_time.json,62500,result_or_diagnostic,1
benchmarks/output/ddd_fixed_k_campaigns/five_station_b_half_demand_fixed_k_hybrid_screening/policies/skip_stop/k20/checkpoint.json,12837654,support_or_manifest,0
benchmarks/output/ddd_fixed_k_campaigns/five_station_b_half_demand_fixed_k_hybrid_screening/policies/skip_stop/k20/five_station_circle_cw_half_skip_no_wait_headway_b_v0__journey_time.json,459485,result_or_diagnostic,1
benchmarks/output/ddd_fixed_k_campaigns/five_station_b_half_demand_fixed_k_hybrid_screening/policies/skip_stop/k38/checkpoint.json,13975754,support_or_manifest,0
benchmarks/output/ddd_fixed_k_campaigns/five_station_b_half_demand_fixed_k_hybrid_screening/policies/skip_stop/k38/five_station_circle_cw_half_skip_no_wait_headway_b_v0__journey_time.json,484096,result_or_diagnostic,1
benchmarks/output/ddd_fixed_k_campaigns/five_station_b_half_demand_fixed_k_hybrid_screening/policies/skip_stop/k39/checkpoint.json,18331839,support_or_manifest,0
benchmarks/output/ddd_fixed_k_campaigns/five_station_b_half_demand_fixed_k_hybrid_screening/policies/skip_stop/k39/five_station_circle_cw_half_skip_no_wait_headway_b_v0__journey_time.json,513270,result_or_diagnostic,1
benchmarks/output/ddd_fixed_k_campaigns/five_station_b_half_demand_fixed_k_neighborhood_gate/campaign.json,48770,result_or_diagnostic,1
benchmarks/output/ddd_fixed_k_campaigns/five_station_b_half_demand_fixed_k_neighborhood_gate/policies/skip_stop/k20/checkpoint.json,9549190,support_or_manifest,0
benchmarks/output/ddd_fixed_k_campaigns/five_station_b_half_demand_fixed_k_neighborhood_gate_v2/campaign.json,3386940,result_or_diagnostic,1
benchmarks/output/ddd_fixed_k_campaigns/five_station_b_half_demand_fixed_k_neighborhood_gate_v2/policies/skip_stop/k20/checkpoint.json,9873909,support_or_manifest,0
benchmarks/output/ddd_fixed_k_campaigns/five_station_b_half_demand_fixed_k_neighborhood_gate_v2/policies/skip_stop/k20/five_station_circle_cw_half_skip_no_wait_headway_b_v0__journey_time.json,374233,result_or_diagnostic,1
benchmarks/output/ddd_fixed_k_campaigns/five_station_b_half_demand_fixed_k_neighborhood_gate_v2/policies/skip_stop/k39/checkpoint.json,18664586,support_or_manifest,0
benchmarks/output/ddd_fixed_k_campaigns/five_station_b_half_demand_fixed_k_neighborhood_gate_v2/policies/skip_stop/k39/five_station_circle_cw_half_skip_no_wait_headway_b_v0__journey_time.json,559080,result_or_diagnostic,1
benchmarks/output/ddd_fixed_k_campaigns/five_station_fixed_k_screening/campaign.json,4997124,result_or_diagnostic,1
benchmarks/output/ddd_fixed_k_campaigns/five_station_fixed_k_screening/policies/all_stop/k18/checkpoint.json,531675,support_or_manifest,0
benchmarks/output/ddd_fixed_k_campaigns/five_station_fixed_k_screening/policies/all_stop/k18/five_station_circle_cw_half_skip_no_wait_v0__journey_time.json,41932,result_or_diagnostic,1
benchmarks/output/ddd_fixed_k_campaigns/five_station_fixed_k_screening/policies/all_stop/k19/checkpoint.json,560575,support_or_manifest,0
benchmarks/output/ddd_fixed_k_campaigns/five_station_fixed_k_screening/policies/all_stop/k19/five_station_circle_cw_half_skip_no_wait_v0__journey_time.json,43668,result_or_diagnostic,1
benchmarks/output/ddd_fixed_k_campaigns/five_station_fixed_k_screening/policies/all_stop/k20/checkpoint.json,588229,support_or_manifest,0
benchmarks/output/ddd_fixed_k_campaigns/five_station_fixed_k_screening/policies/all_stop/k20/five_station_circle_cw_half_skip_no_wait_v0__journey_time.json,45418,result_or_diagnostic,1
benchmarks/output/ddd_fixed_k_campaigns/five_station_fixed_k_screening/policies/skip_stop/k18/checkpoint.json,10386703,support_or_manifest,0
benchmarks/output/ddd_fixed_k_campaigns/five_station_fixed_k_screening/policies/skip_stop/k18/five_station_circle_cw_half_skip_no_wait_v0__journey_time.json,380722,result_or_diagnostic,1
benchmarks/output/ddd_fixed_k_campaigns/five_station_fixed_k_screening/policies/skip_stop/k19/checkpoint.json,11578960,support_or_manifest,0
benchmarks/output/ddd_fixed_k_campaigns/five_station_fixed_k_screening/policies/skip_stop/k19/five_station_circle_cw_half_skip_no_wait_v0__journey_time.json,434998,result_or_diagnostic,1
benchmarks/output/ddd_fixed_k_campaigns/five_station_fixed_k_screening/policies/skip_stop/k20/checkpoint.json,11424283,support_or_manifest,0
benchmarks/output/ddd_fixed_k_campaigns/five_station_fixed_k_screening/policies/skip_stop/k20/five_station_circle_cw_half_skip_no_wait_v0__journey_time.json,434020,result_or_diagnostic,1
benchmarks/output/ddd_fixed_k_diagnostics/five_station_b_skip_stop_k20_cp10m/five_station_circle_cw_half_skip_no_wait_headway_b_v0__journey_time.json,453558,result_or_diagnostic,1
benchmarks/output/ddd_fixed_k_feasibility/five_station_b_k23_115.json,10783,result_or_diagnostic,32
benchmarks/output/ddd_fixed_k_feasibility/five_station_b_k23_115_live/campaign.json,269750,result_or_diagnostic,1
benchmarks/output/ddd_fixed_k_feasibility_isolation_smoke/k1.json,895,result_or_diagnostic,1
benchmarks/output/ddd_fixed_k_feasibility_isolation_smoke/k54.json,1262,result_or_diagnostic,1
benchmarks/output/ddd_fixed_k_feasibility_smoke/k23_unknown.json,592,result_or_diagnostic,1
benchmarks/output/ddd_fixed_k_feasibility_smoke/result.json,513,result_or_diagnostic,1
benchmarks/output/ddd_fixed_start_k_sweep/five_station_circle_cw_half_skip_no_wait_v0.json,14940,result_or_diagnostic,4
benchmarks/output/ddd_fixed_start_k_sweep_probe/five_station_circle_cw_half_skip_no_wait_v0.json,14413,result_or_diagnostic,4
benchmarks/output/ddd_fixed_start_refinement/five_station_circle_cw_half_skip_no_wait_v0.json,266420,result_or_diagnostic,1
benchmarks/output/ddd_fixed_start_refinement/three_station_half_no_skip_no_wait_v0.json,18602,result_or_diagnostic,1
benchmarks/output/ddd_fixed_start_refinement_batch_probe/five_station_circle_cw_half_skip_no_wait_v0.json,257975,result_or_diagnostic,1
benchmarks/output/ddd_fixed_start_refinement_cp_probe/five_station_circle_cw_half_skip_no_wait_v0.json,4439,result_or_diagnostic,1
benchmarks/output/ddd_fixed_start_refinement_incremental_warm/five_station_circle_cw_half_skip_no_wait_v0.json,883945,result_or_diagnostic,1
benchmarks/output/ddd_fixed_start_refinement_integer_storage/five_station_circle_cw_half_skip_no_wait_v0.json,704384,result_or_diagnostic,1
benchmarks/output/ddd_fixed_start_refinement_ticks/five_station_circle_cw_half_skip_no_wait_v0.json,704178,result_or_diagnostic,1
benchmarks/output/ddd_fleet_sweeps/five_station_b_half_demand_no_wait_k18_21/campaign.json,9555988,result_or_diagnostic,1
benchmarks/output/ddd_fleet_sweeps/five_station_b_half_demand_no_wait_k18_21/policies/all_stop_no_wait/k18/checkpoint.json,4334245,support_or_manifest,0
benchmarks/output/ddd_fleet_sweeps/five_station_b_half_demand_no_wait_k18_21/policies/all_stop_no_wait/k18/five_station_circle_cw_half_skip_no_wait_headway_b_v0__reservoir_k18_w300__journey_time.json,232165,result_or_diagnostic,1
benchmarks/output/ddd_fleet_sweeps/five_station_b_half_demand_no_wait_k18_21/policies/all_stop_no_wait/k18/result.json,862,result_or_diagnostic,1
benchmarks/output/ddd_fleet_sweeps/five_station_b_half_demand_no_wait_k18_21/policies/all_stop_no_wait/k19/checkpoint.json,3943229,support_or_manifest,0
benchmarks/output/ddd_fleet_sweeps/five_station_b_half_demand_no_wait_k18_21/policies/all_stop_no_wait/k19/five_station_circle_cw_half_skip_no_wait_headway_b_v0__reservoir_k19_w300__journey_time.json,135805,result_or_diagnostic,1
benchmarks/output/ddd_fleet_sweeps/five_station_b_half_demand_no_wait_k18_21/policies/all_stop_no_wait/k19/result.json,861,result_or_diagnostic,1
benchmarks/output/ddd_fleet_sweeps/five_station_b_half_demand_no_wait_k18_21/policies/all_stop_no_wait/k20/checkpoint.json,4069710,support_or_manifest,0
benchmarks/output/ddd_fleet_sweeps/five_station_b_half_demand_no_wait_k18_21/policies/all_stop_no_wait/k20/five_station_circle_cw_half_skip_no_wait_headway_b_v0__reservoir_k20_w300__journey_time.json,160036,result_or_diagnostic,1
benchmarks/output/ddd_fleet_sweeps/five_station_b_half_demand_no_wait_k18_21/policies/all_stop_no_wait/k20/result.json,862,result_or_diagnostic,1
benchmarks/output/ddd_fleet_sweeps/five_station_b_half_demand_no_wait_k18_21/policies/all_stop_no_wait/k21/checkpoint.json,5696054,support_or_manifest,0
benchmarks/output/ddd_fleet_sweeps/five_station_b_half_demand_no_wait_k18_21/policies/all_stop_no_wait/k21/five_station_circle_cw_half_skip_no_wait_headway_b_v0__reservoir_k21_w300__journey_time.json,286821,result_or_diagnostic,1
benchmarks/output/ddd_fleet_sweeps/five_station_b_half_demand_no_wait_k18_21/policies/all_stop_no_wait/k21/result.json,863,result_or_diagnostic,1
benchmarks/output/ddd_fleet_sweeps/five_station_b_half_demand_no_wait_k18_21/policies/skip_stop_no_wait/k18/checkpoint.json,7859066,support_or_manifest,0
benchmarks/output/ddd_fleet_sweeps/five_station_b_half_demand_no_wait_k18_21/policies/skip_stop_no_wait/k18/five_station_circle_cw_half_skip_no_wait_headway_b_v0__reservoir_k18_w300__journey_time.json,546895,result_or_diagnostic,1
benchmarks/output/ddd_fleet_sweeps/five_station_b_half_demand_no_wait_k18_21/policies/skip_stop_no_wait/k18/result.json,863,result_or_diagnostic,1
benchmarks/output/ddd_fleet_sweeps/five_station_b_half_demand_no_wait_k18_21/policies/skip_stop_no_wait/k19/checkpoint.json,7149449,support_or_manifest,0
benchmarks/output/ddd_fleet_sweeps/five_station_b_half_demand_no_wait_k18_21/policies/skip_stop_no_wait/k19/five_station_circle_cw_half_skip_no_wait_headway_b_v0__reservoir_k19_w300__journey_time.json,572588,result_or_diagnostic,1
benchmarks/output/ddd_fleet_sweeps/five_station_b_half_demand_no_wait_k18_21/policies/skip_stop_no_wait/k19/result.json,862,result_or_diagnostic,1
benchmarks/output/ddd_fleet_sweeps/five_station_b_half_demand_no_wait_k18_21/policies/skip_stop_no_wait/k20/checkpoint.json,7728655,support_or_manifest,0
benchmarks/output/ddd_fleet_sweeps/five_station_b_half_demand_no_wait_k18_21/policies/skip_stop_no_wait/k20/five_station_circle_cw_half_skip_no_wait_headway_b_v0__reservoir_k20_w300__journey_time.json,598458,result_or_diagnostic,1
benchmarks/output/ddd_fleet_sweeps/five_station_b_half_demand_no_wait_k18_21/policies/skip_stop_no_wait/k20/result.json,862,result_or_diagnostic,1
benchmarks/output/ddd_fleet_sweeps/five_station_b_half_demand_no_wait_k18_21/policies/skip_stop_no_wait/k21/checkpoint.json,8767539,support_or_manifest,0
benchmarks/output/ddd_fleet_sweeps/five_station_b_half_demand_no_wait_k18_21/policies/skip_stop_no_wait/k21/five_station_circle_cw_half_skip_no_wait_headway_b_v0__reservoir_k21_w300__journey_time.json,603527,result_or_diagnostic,1
benchmarks/output/ddd_fleet_sweeps/five_station_b_half_demand_no_wait_k18_21/policies/skip_stop_no_wait/k21/result.json,879,result_or_diagnostic,1
benchmarks/output/ddd_fleet_sweeps/five_station_b_half_demand_no_wait_k18_21/resolved_config.json,1708,support_or_manifest,0
benchmarks/output/ddd_fleet_sweeps/five_station_b_half_demand_no_wait_k19_long/campaign.json,7762432,result_or_diagnostic,1
benchmarks/output/ddd_fleet_sweeps/five_station_b_half_demand_no_wait_k19_long/policies/skip_stop_no_wait/k19/checkpoint.json,35088030,large_support_artifact_not_loaded,
benchmarks/output/ddd_fleet_sweeps/five_station_b_half_demand_no_wait_k19_long/policies/skip_stop_no_wait/k19/five_station_circle_cw_half_skip_no_wait_headway_b_v0__reservoir_k19_w300__journey_time.json,1199527,result_or_diagnostic,1
benchmarks/output/ddd_fleet_sweeps/five_station_b_half_demand_no_wait_k19_long/policies/skip_stop_no_wait/k19/result.json,887,result_or_diagnostic,1
benchmarks/output/ddd_fleet_sweeps/five_station_b_half_demand_no_wait_k19_long/resolved_config.json,1351,support_or_manifest,0
benchmarks/output/ddd_fleet_sweeps/five_station_b_no_wait_k18_21/campaign.json,1648955,result_or_diagnostic,1
benchmarks/output/ddd_fleet_sweeps/five_station_b_no_wait_k18_21/policies/all_stop_no_wait/k18/checkpoint.json,2260934,support_or_manifest,0
benchmarks/output/ddd_fleet_sweeps/five_station_b_no_wait_k18_21/policies/all_stop_no_wait/k18/five_station_circle_cw_full_skip_no_wait_headway_b_v0__reservoir_k18_w300__journey_time.json,103560,result_or_diagnostic,1
benchmarks/output/ddd_fleet_sweeps/five_station_b_no_wait_k18_21/policies/all_stop_no_wait/k18/result.json,838,result_or_diagnostic,1
benchmarks/output/ddd_fleet_sweeps/five_station_b_no_wait_k18_21/policies/all_stop_no_wait/k19/checkpoint.json,2507999,support_or_manifest,0
benchmarks/output/ddd_fleet_sweeps/five_station_b_no_wait_k18_21/policies/all_stop_no_wait/k19/five_station_circle_cw_full_skip_no_wait_headway_b_v0__reservoir_k19_w300__journey_time.json,107995,result_or_diagnostic,1
benchmarks/output/ddd_fleet_sweeps/five_station_b_no_wait_k18_21/policies/all_stop_no_wait/k19/result.json,840,result_or_diagnostic,1
benchmarks/output/ddd_fleet_sweeps/five_station_b_no_wait_k18_21/policies/all_stop_no_wait/k20/checkpoint.json,3209762,support_or_manifest,0
benchmarks/output/ddd_fleet_sweeps/five_station_b_no_wait_k18_21/policies/all_stop_no_wait/k20/five_station_circle_cw_full_skip_no_wait_headway_b_v0__reservoir_k20_w300__journey_time.json,130897,result_or_diagnostic,1
benchmarks/output/ddd_fleet_sweeps/five_station_b_no_wait_k18_21/policies/all_stop_no_wait/k20/result.json,837,result_or_diagnostic,1
benchmarks/output/ddd_fleet_sweeps/five_station_b_no_wait_k18_21/policies/all_stop_no_wait/k21/checkpoint.json,1439803,support_or_manifest,0
benchmarks/output/ddd_fleet_sweeps/five_station_b_no_wait_k18_21/policies/all_stop_no_wait/k21/five_station_circle_cw_full_skip_no_wait_headway_b_v0__reservoir_k21_w300__journey_time.json,77705,result_or_diagnostic,1
benchmarks/output/ddd_fleet_sweeps/five_station_b_no_wait_k18_21/policies/all_stop_no_wait/k21/result.json,840,result_or_diagnostic,1
benchmarks/output/ddd_fleet_sweeps/five_station_b_no_wait_k18_21/policies/skip_stop_no_wait/k18/checkpoint.json,1270180,support_or_manifest,0
benchmarks/output/ddd_fleet_sweeps/five_station_b_no_wait_k18_21/policies/skip_stop_no_wait/k18/five_station_circle_cw_full_skip_no_wait_headway_b_v0__reservoir_k18_w300__journey_time.json,69537,result_or_diagnostic,1
benchmarks/output/ddd_fleet_sweeps/five_station_b_no_wait_k18_21/policies/skip_stop_no_wait/k18/result.json,841,result_or_diagnostic,1
benchmarks/output/ddd_fleet_sweeps/five_station_b_no_wait_k18_21/policies/skip_stop_no_wait/k19/checkpoint.json,2199667,support_or_manifest,0
benchmarks/output/ddd_fleet_sweeps/five_station_b_no_wait_k18_21/policies/skip_stop_no_wait/k19/five_station_circle_cw_full_skip_no_wait_headway_b_v0__reservoir_k19_w300__journey_time.json,107980,result_or_diagnostic,1
benchmarks/output/ddd_fleet_sweeps/five_station_b_no_wait_k18_21/policies/skip_stop_no_wait/k19/result.json,839,result_or_diagnostic,1
benchmarks/output/ddd_fleet_sweeps/five_station_b_no_wait_k18_21/policies/skip_stop_no_wait/k20/checkpoint.json,2111437,support_or_manifest,0
benchmarks/output/ddd_fleet_sweeps/five_station_b_no_wait_k18_21/policies/skip_stop_no_wait/k20/five_station_circle_cw_full_skip_no_wait_headway_b_v0__reservoir_k20_w300__journey_time.json,93684,result_or_diagnostic,1
benchmarks/output/ddd_fleet_sweeps/five_station_b_no_wait_k18_21/policies/skip_stop_no_wait/k20/result.json,841,result_or_diagnostic,1
benchmarks/output/ddd_fleet_sweeps/five_station_b_no_wait_k18_21/policies/skip_stop_no_wait/k21/checkpoint.json,1856990,support_or_manifest,0
benchmarks/output/ddd_fleet_sweeps/five_station_b_no_wait_k18_21/policies/skip_stop_no_wait/k21/five_station_circle_cw_full_skip_no_wait_headway_b_v0__reservoir_k21_w300__journey_time.json,97131,result_or_diagnostic,1
benchmarks/output/ddd_fleet_sweeps/five_station_b_no_wait_k18_21/policies/skip_stop_no_wait/k21/result.json,841,result_or_diagnostic,1
benchmarks/output/ddd_fleet_sweeps/five_station_b_no_wait_k18_21/resolved_config.json,1574,support_or_manifest,0
benchmarks/output/ddd_fleet_sweeps/ui_preview/campaign.json,2554,result_or_diagnostic,1
benchmarks/output/ddd_frozen_trajectory_pricing/focus_comparison/five_station_circle_cw_half_skip_no_wait_v0__c0__tight_convex_hull__focus0__10s.json,840,result_or_diagnostic,1
benchmarks/output/ddd_frozen_trajectory_pricing/focus_comparison/five_station_circle_cw_half_skip_no_wait_v0__c0__tight_convex_hull__focus2__10s.json,840,result_or_diagnostic,1
benchmarks/output/ddd_frozen_trajectory_pricing/focus_comparison/five_station_circle_cw_half_skip_no_wait_v0__c0__tight_convex_hull__focus2__30s.json,842,result_or_diagnostic,1
benchmarks/output/ddd_frozen_trajectory_pricing/focus_comparison/five_station_circle_cw_half_skip_no_wait_v0__c0__tight_convex_hull__focus3__10s.json,842,result_or_diagnostic,1
benchmarks/output/ddd_frozen_trajectory_pricing/passenger_flow/five_station_circle_cw_half_skip_no_wait_v0__c0__time_expanded_path__focus2__2s.json,828,result_or_diagnostic,1
benchmarks/output/ddd_frozen_trajectory_pricing/smoke/five_station_circle_cw_half_skip_no_wait_v0__c0__tight_convex_hull__focus0__2s.json,845,result_or_diagnostic,1
benchmarks/output/ddd_frozen_trajectory_pricing/time_coupled/five_station_circle_cw_half_skip_no_wait_v0__c0__time_expanded_path__focus0__2s.json,846,result_or_diagnostic,1
benchmarks/output/ddd_frozen_trajectory_pricing/time_coupled/five_station_circle_cw_half_skip_no_wait_v0__c0__time_expanded_path__focus2__10s.json,846,result_or_diagnostic,1
benchmarks/output/ddd_frozen_trajectory_pricing/time_coupled/five_station_circle_cw_half_skip_no_wait_v0__c0__time_expanded_path__focus2__30s.json,845,result_or_diagnostic,1
benchmarks/output/ddd_horizon_contract_gate/waiting_best_audit.json,22633,support_or_manifest,0
benchmarks/output/ddd_horizon_contract_gate/warmup0_audit.json,22085,support_or_manifest,0
benchmarks/output/ddd_horizon_contract_gate/warmup300_audit.json,21979,support_or_manifest,0
benchmarks/output/ddd_integrated_cp_sat/k20/build_product/config.json,710,support_or_manifest,0
benchmarks/output/ddd_integrated_cp_sat/k20/build_product/result.json,557205,result_or_diagnostic,1
benchmarks/output/ddd_integrated_cp_sat/k20/product_300s_seed0/config.json,852,support_or_manifest,0
benchmarks/output/ddd_integrated_cp_sat/k20/product_300s_seed0/error.json,106,support_or_manifest,0
benchmarks/output/ddd_integrated_cp_sat/k20/product_300s_seed0_v2/config.json,855,support_or_manifest,0
benchmarks/output/ddd_integrated_cp_sat/k20/product_300s_seed0_v2/incumbent.json,641922,support_or_manifest,0
benchmarks/output/ddd_integrated_cp_sat/k20/product_300s_seed0_v2/result.json,648079,result_or_diagnostic,1
benchmarks/output/ddd_integrated_cp_sat/k20/unary_300s_seed0/config.json,848,support_or_manifest,0
benchmarks/output/ddd_integrated_cp_sat/k20/unary_300s_seed0/incumbent.json,641701,support_or_manifest,0
benchmarks/output/ddd_integrated_cp_sat/k20/unary_300s_seed0/result.json,646581,result_or_diagnostic,1
benchmarks/output/ddd_integrated_cp_sat/k39/build_product/config.json,710,support_or_manifest,0
benchmarks/output/ddd_integrated_cp_sat/k39/build_product/result.json,1106926,result_or_diagnostic,1
benchmarks/output/ddd_integrated_cp_sat/k39/product_600s_seed0/arc_flow_seed.json,1251215,result_or_diagnostic,1
benchmarks/output/ddd_integrated_cp_sat/k39/product_600s_seed0/best_incumbent.json,1266085,support_or_manifest,0
benchmarks/output/ddd_integrated_cp_sat/k39/product_600s_seed0/config.json,867,support_or_manifest,0
benchmarks/output/ddd_integrated_cp_sat/k39/product_600s_seed0/incumbent.json,1266054,support_or_manifest,0
benchmarks/output/ddd_integrated_cp_sat/k39/product_600s_seed0/post_ip_validation.json,514,support_or_manifest,0
benchmarks/output/ddd_integrated_cp_sat/k39/product_600s_seed0/result.json,1281473,result_or_diagnostic,1
benchmarks/output/ddd_integrated_cp_sat_waiting/diagnostics/allstop38_inclusion/no_wait/result.json,1285556,result_or_diagnostic,1
benchmarks/output/ddd_integrated_cp_sat_waiting/diagnostics/allstop38_inclusion/summary.json,1779,support_or_manifest,0
benchmarks/output/ddd_integrated_cp_sat_waiting/diagnostics/allstop38_inclusion/waiting_w1200/result.json,1292273,result_or_diagnostic,1
benchmarks/output/ddd_integrated_cp_sat_waiting/k39/build_w1200/config.json,782,support_or_manifest,0
benchmarks/output/ddd_integrated_cp_sat_waiting/k39/build_w1200/error.json,151,support_or_manifest,0
benchmarks/output/ddd_integrated_cp_sat_waiting/k39/build_w1200_v2/config.json,785,support_or_manifest,0
benchmarks/output/ddd_integrated_cp_sat_waiting/k39/build_w1200_v2/result.json,1110853,result_or_diagnostic,1
benchmarks/output/ddd_integrated_cp_sat_waiting/k39/comparison.json,6433,support_or_manifest,0
benchmarks/output/ddd_integrated_cp_sat_waiting/k39/no_wait_600s_seed0/best_incumbent.json,1284288,support_or_manifest,0
benchmarks/output/ddd_integrated_cp_sat_waiting/k39/no_wait_600s_seed0/config.json,864,support_or_manifest,0
benchmarks/output/ddd_integrated_cp_sat_waiting/k39/no_wait_600s_seed0/incumbent.json,1284209,support_or_manifest,0
benchmarks/output/ddd_integrated_cp_sat_waiting/k39/no_wait_600s_seed0/post_ip_validation.json,214,result_or_diagnostic,1
benchmarks/output/ddd_integrated_cp_sat_waiting/k39/no_wait_600s_seed0/result.json,1453750,result_or_diagnostic,1
benchmarks/output/ddd_integrated_cp_sat_waiting/k39/smoke_w1200_30s/config.json,865,support_or_manifest,0
benchmarks/output/ddd_integrated_cp_sat_waiting/k39/smoke_w1200_30s/incumbent.json,1288771,support_or_manifest,0
benchmarks/output/ddd_integrated_cp_sat_waiting/k39/smoke_w1200_30s/result.json,1452262,result_or_diagnostic,1
benchmarks/output/ddd_integrated_cp_sat_waiting/k39/w1200_600s_seed0/best_incumbent.json,1284309,support_or_manifest,0
benchmarks/output/ddd_integrated_cp_sat_waiting/k39/w1200_600s_seed0/config.json,867,support_or_manifest,0
benchmarks/output/ddd_integrated_cp_sat_waiting/k39/w1200_600s_seed0/incumbent.json,1284232,support_or_manifest,0
benchmarks/output/ddd_integrated_cp_sat_waiting/k39/w1200_600s_seed0/post_ip_validation.json,212,result_or_diagnostic,1
benchmarks/output/ddd_integrated_cp_sat_waiting/k39/w1200_600s_seed0/result.json,1497611,result_or_diagnostic,1
benchmarks/output/ddd_integrated_cp_sat_warmup/k39/comparison.json,8234,support_or_manifest,0
benchmarks/output/ddd_integrated_cp_sat_warmup/k39/seed_preparation.json,691,support_or_manifest,0
benchmarks/output/ddd_integrated_cp_sat_warmup/k39/shared_seed_warmup0.json,1273680,result_or_diagnostic,1
benchmarks/output/ddd_integrated_cp_sat_warmup/k39/shared_seed_warmup300.json,1603434,result_or_diagnostic,1
benchmarks/output/ddd_integrated_cp_sat_warmup/k39/warmup0_600s_seed0/best_incumbent.json,1286121,support_or_manifest,0
benchmarks/output/ddd_integrated_cp_sat_warmup/k39/warmup0_600s_seed0/command.json,808,support_or_manifest,0
benchmarks/output/ddd_integrated_cp_sat_warmup/k39/warmup0_600s_seed0/config.json,1023,support_or_manifest,0
benchmarks/output/ddd_integrated_cp_sat_warmup/k39/warmup0_600s_seed0/incumbent.json,1286072,support_or_manifest,0
benchmarks/output/ddd_integrated_cp_sat_warmup/k39/warmup0_600s_seed0/post_ip_validation.json,160,result_or_diagnostic,1
benchmarks/output/ddd_integrated_cp_sat_warmup/k39/warmup0_600s_seed0/result.json,1510853,result_or_diagnostic,1
benchmarks/output/ddd_integrated_cp_sat_warmup/k39/warmup0_600s_seed0/terminal_tail_repair.json,263,support_or_manifest,0
benchmarks/output/ddd_integrated_cp_sat_warmup/k39/warmup300_600s_seed0/command.json,814,support_or_manifest,0
benchmarks/output/ddd_integrated_cp_sat_warmup/k39/warmup300_600s_seed0/config.json,1029,support_or_manifest,0
benchmarks/output/ddd_integrated_cp_sat_warmup/k39/warmup300_600s_seed0/incumbent.json,1618920,support_or_manifest,0
benchmarks/output/ddd_integrated_cp_sat_warmup/k39/warmup300_600s_seed0/post_ip_validation.json,401,result_or_diagnostic,1
benchmarks/output/ddd_integrated_cp_sat_warmup/k39/warmup300_600s_seed0/result.json,1874133,result_or_diagnostic,1
benchmarks/output/ddd_integrated_cp_sat_warmup/k39/warmup300_600s_seed0/terminal_tail_repair.json,263,support_or_manifest,0
benchmarks/output/ddd_integrated_cp_sat_warmup/k39/warmup_plan_original_demand_seed.json,159560,result_or_diagnostic,1
benchmarks/output/ddd_integrated_cp_sat_warmup/k39/warmup_plan_with_original_demand.json,199,result_or_diagnostic,1
benchmarks/output/ddd_labeled_gate_1h_k39/five_station_circle_cw_half_skip_no_wait_headway_b_v0_arc_flow_labeled_skip_stop_k39/result.json,103039,result_or_diagnostic,1
benchmarks/output/ddd_labeled_gate_1h_k39_awake/five_station_circle_cw_half_skip_no_wait_headway_b_v0_arc_flow_labeled_skip_stop_k39/result.json,103039,result_or_diagnostic,1
benchmarks/output/ddd_merge_aware_bpc/five_station_b_k20_gate_pair_batch_2m.json,302247,result_or_diagnostic,3
benchmarks/output/ddd_merge_aware_bpc/five_station_b_k20_gate_window_modes_2m.json,371176,result_or_diagnostic,3
benchmarks/output/ddd_merge_aware_bpc/five_station_b_k39_gate_batch_5m.json,167903,result_or_diagnostic,2
benchmarks/output/ddd_merge_aware_bpc/five_station_b_k39_gate_pair_merge_5m.json,751958,result_or_diagnostic,3
benchmarks/output/ddd_merge_aware_bpc/k20_corridor_gate.json,918853,result_or_diagnostic,3
benchmarks/output/ddd_movement_feasibility_cp_sat_k19/five_station_circle_cw_half_skip_no_wait_v0.json,5585,result_or_diagnostic,1
benchmarks/output/ddd_movement_refinement_diagnostic_k19/five_station_circle_cw_half_skip_no_wait_v0.json,540650,result_or_diagnostic,1
benchmarks/output/ddd_movement_refinement_diagnostic_k19_after_fix/five_station_circle_cw_half_skip_no_wait_v0.json,558047,result_or_diagnostic,1
benchmarks/output/ddd_pair_root_k39_coordinated_interval5_10m/five_station_circle_cw_half_skip_no_wait_headway_b_v0__journey_time.json,620705,result_or_diagnostic,1
benchmarks/output/ddd_partial_passenger_benders/k20_hybrid_20_control.json,27774,result_or_diagnostic,1
benchmarks/output/ddd_partial_passenger_benders/k20_hybrid_20_core_point.json,17037,result_or_diagnostic,1
benchmarks/output/ddd_partial_passenger_benders/k20_hybrid_40_control.json,18223,result_or_diagnostic,1
benchmarks/output/ddd_passenger_decomposition/five_station_b_k20.json,3117,support_or_manifest,0
benchmarks/output/ddd_passenger_decomposition/five_station_b_k20_diverse.json,5862,support_or_manifest,0
benchmarks/output/ddd_passenger_decomposition/five_station_b_k20_diverse_controlled.json,6100,support_or_manifest,0
benchmarks/output/ddd_passenger_decomposition/five_station_b_k38_feasibility.json,2428,support_or_manifest,0
benchmarks/output/ddd_passenger_master/ab20_bootstrap_equality/five_station_circle_cw_half_skip_no_wait_v0.json,415883,result_or_diagnostic,1
benchmarks/output/ddd_passenger_master/ab20_bootstrap_nearest/five_station_circle_cw_half_skip_no_wait_v0.json,397578,result_or_diagnostic,1
benchmarks/output/ddd_passenger_master/ab20_equality_no_nearest/five_station_circle_cw_half_skip_no_wait_v0.json,420696,result_or_diagnostic,1
benchmarks/output/ddd_passenger_master/ab20_timed_flow_no_nearest/five_station_circle_cw_half_skip_no_wait_v0.json,423251,result_or_diagnostic,1
benchmarks/output/ddd_passenger_master/five_station_k19_free_primal/five_station_circle_cw_half_skip_no_wait_v0.json,268785,result_or_diagnostic,1
benchmarks/output/ddd_passenger_master/five_station_k19_skip_no_wait_50/five_station_circle_cw_half_skip_no_wait_v0.json,231780,result_or_diagnostic,1
benchmarks/output/ddd_passenger_master/five_station_k19_structural_earliest_50/five_station_circle_cw_half_skip_no_wait_v0.json,233404,result_or_diagnostic,1
benchmarks/output/ddd_passenger_master/fixed_schedule_diagnostic_bootstrap/five_station_circle_cw_half_skip_no_wait_v0.json,324414,result_or_diagnostic,1
benchmarks/output/ddd_passenger_master/fixed_schedule_diagnostic_nearest/five_station_circle_cw_half_skip_no_wait_v0.json,350926,result_or_diagnostic,1
benchmarks/output/ddd_passenger_master/local_explainability_20/five_station_circle_cw_half_skip_no_wait_v0.json,4704533,result_or_diagnostic,1
benchmarks/output/ddd_passenger_master/local_explainability_20_2s/five_station_circle_cw_half_skip_no_wait_v0.json,5024970,result_or_diagnostic,1
benchmarks/output/ddd_passenger_master/selective_cabin_path_baseline_3/five_station_circle_cw_half_skip_no_wait_v0.json,336488,result_or_diagnostic,1
benchmarks/output/ddd_passenger_master/selective_cabin_path_smoke_10/five_station_circle_cw_half_skip_no_wait_v0.json,379609,result_or_diagnostic,1
benchmarks/output/ddd_passenger_master/selective_cabin_path_smoke_3/five_station_circle_cw_half_skip_no_wait_v0.json,355898,result_or_diagnostic,1
benchmarks/output/ddd_passenger_master/selective_cabin_path_smoke_3_fixed/five_station_circle_cw_half_skip_no_wait_v0.json,337080,result_or_diagnostic,1
benchmarks/output/ddd_passenger_master/selective_raw_core_10/five_station_circle_cw_half_skip_no_wait_v0.json,380262,result_or_diagnostic,1
benchmarks/output/ddd_passenger_master/selective_raw_core_200/five_station_circle_cw_half_skip_no_wait_v0.json,1566083,result_or_diagnostic,1
benchmarks/output/ddd_passenger_master/selective_raw_core_baseline_10/five_station_circle_cw_half_skip_no_wait_v0.json,378039,result_or_diagnostic,1
benchmarks/output/ddd_passenger_master/selective_route_literal_core_10/five_station_circle_cw_half_skip_no_wait_v0.json,380209,result_or_diagnostic,1
benchmarks/output/ddd_passenger_master/smoke_bootstrap_nearest/five_station_circle_cw_half_skip_no_wait_v0.json,305334,result_or_diagnostic,1
benchmarks/output/ddd_passenger_master/three_station_k15_diagnostics_20/three_station_half_no_skip_no_wait_v0.json,364080,result_or_diagnostic,1
benchmarks/output/ddd_passenger_master/three_station_k15_indexed_20/three_station_half_no_skip_no_wait_v0.json,364165,result_or_diagnostic,1
benchmarks/output/ddd_passenger_master/three_station_k15_indexed_50/three_station_half_no_skip_no_wait_v0.json,501279,result_or_diagnostic,1
benchmarks/output/ddd_phase0_census/census.json,17948,support_or_manifest,0
benchmarks/output/ddd_phase0_combined_refinement/three_station_two_cabin_network_refinement_v0.json,7915,result_or_diagnostic,1
benchmarks/output/ddd_phase0_conflict_loop/three_station_two_cabin_stop_skip_merge_v0.json,2000,result_or_diagnostic,1
benchmarks/output/ddd_phase0_network_time_refinement/three_station_time_refinement_v0.json,2149,result_or_diagnostic,1
benchmarks/output/ddd_phase0_reference/three_station_half_no_skip_no_wait_v0.json,16960,result_or_diagnostic,1
benchmarks/output/ddd_phase0_reference/three_station_two_cabin_stop_skip_merge_v0.json,1396,result_or_diagnostic,1
benchmarks/output/ddd_phase0_scaling/scaling.json,12747,support_or_manifest,0
benchmarks/output/ddd_phase0_time_refinement/event_cell_bound_probe_v0.json,2315,result_or_diagnostic,1
benchmarks/output/ddd_progress_compact_smoke/five_station_circle_cw_half_skip_no_wait_v0.json,9270,result_or_diagnostic,1
benchmarks/output/ddd_progress_fixed_width_smoke/five_station_circle_cw_half_skip_no_wait_v0.json,9283,result_or_diagnostic,1
benchmarks/output/ddd_progress_fixed_width_smoke_2/five_station_circle_cw_half_skip_no_wait_v0.json,9268,result_or_diagnostic,1
benchmarks/output/ddd_reservation_insertion/assignment_comparison_v1.json,1037,result_or_diagnostic,2
benchmarks/output/ddd_reservation_insertion/assignment_polished_v1/cp_seed.json,1283895,support_or_manifest,0
benchmarks/output/ddd_reservation_insertion/assignment_polished_v1/incumbent.json,1283906,support_or_manifest,0
benchmarks/output/ddd_reservation_insertion/assignment_polished_v1/result.json,423,support_or_manifest,0
benchmarks/output/ddd_reservation_insertion/followup_cached_scope1_integrated/config.json,1111575,support_or_manifest,0
benchmarks/output/ddd_reservation_insertion/followup_cached_scope1_integrated/cp_seed.json,1284309,support_or_manifest,0
benchmarks/output/ddd_reservation_insertion/followup_cached_scope1_integrated/incumbent.json,1284320,support_or_manifest,0
benchmarks/output/ddd_reservation_insertion/followup_cached_scope1_integrated/initial.json,1284320,support_or_manifest,0
benchmarks/output/ddd_reservation_insertion/followup_cached_scope1_integrated/requests.json,10041,support_or_manifest,0
benchmarks/output/ddd_reservation_insertion/followup_cached_scope1_integrated/result.json,1360,result_or_diagnostic,1
benchmarks/output/ddd_reservation_insertion/followup_cached_scope4/config.json,1110581,support_or_manifest,0
benchmarks/output/ddd_reservation_insertion/followup_cached_scope4/incumbent.json,1284320,support_or_manifest,0
benchmarks/output/ddd_reservation_insertion/followup_cached_scope4/initial.json,1284320,support_or_manifest,0
benchmarks/output/ddd_reservation_insertion/followup_cached_scope4/requests.json,10041,support_or_manifest,0
benchmarks/output/ddd_reservation_insertion/followup_cached_scope4/result.json,1050,result_or_diagnostic,1
benchmarks/output/ddd_reservation_insertion/followup_cached_scope4_1500ms/config.json,1111571,support_or_manifest,0
benchmarks/output/ddd_reservation_insertion/followup_cached_scope4_1500ms/cp_seed.json,1283920,support_or_manifest,0
benchmarks/output/ddd_reservation_insertion/followup_cached_scope4_1500ms/incumbent.json,1283931,support_or_manifest,0
benchmarks/output/ddd_reservation_insertion/followup_cached_scope4_1500ms/initial.json,1284320,support_or_manifest,0
benchmarks/output/ddd_reservation_insertion/followup_cached_scope4_1500ms/requests.json,10041,support_or_manifest,0
benchmarks/output/ddd_reservation_insertion/followup_cached_scope4_1500ms/result.json,1553,result_or_diagnostic,1
benchmarks/output/ddd_reservation_insertion/followup_cp_waiting_60s_control/config.json,819,support_or_manifest,0
benchmarks/output/ddd_reservation_insertion/followup_cp_waiting_60s_control/incumbent.json,92041,support_or_manifest,0
benchmarks/output/ddd_reservation_insertion/followup_cp_waiting_60s_control/result.json,101563,result_or_diagnostic,1
benchmarks/output/ddd_reservation_insertion/followup_final_scope4_250ms/config.json,1111569,support_or_manifest,0
benchmarks/output/ddd_reservation_insertion/followup_final_scope4_250ms/cp_seed.json,1283920,support_or_manifest,0
benchmarks/output/ddd_reservation_insertion/followup_final_scope4_250ms/incumbent.json,1283931,support_or_manifest,0
benchmarks/output/ddd_reservation_insertion/followup_final_scope4_250ms/initial.json,1284320,support_or_manifest,0
benchmarks/output/ddd_reservation_insertion/followup_final_scope4_250ms/requests.json,10041,support_or_manifest,0
benchmarks/output/ddd_reservation_insertion/followup_final_scope4_250ms/result.json,1938,result_or_diagnostic,1
benchmarks/output/ddd_reservation_insertion/followup_finalist_replay/config.json,1111642,support_or_manifest,0
benchmarks/output/ddd_reservation_insertion/followup_finalist_replay/cp_seed.json,1283920,support_or_manifest,0
benchmarks/output/ddd_reservation_insertion/followup_finalist_replay/incumbent.json,1283931,support_or_manifest,0
benchmarks/output/ddd_reservation_insertion/followup_finalist_replay/initial.json,1284320,support_or_manifest,0
benchmarks/output/ddd_reservation_insertion/followup_finalist_replay/requests.json,927,support_or_manifest,0
benchmarks/output/ddd_reservation_insertion/followup_finalist_replay/result.json,1905,result_or_diagnostic,1
benchmarks/output/ddd_reservation_insertion/followup_profile_before/config.json,1110581,support_or_manifest,0
benchmarks/output/ddd_reservation_insertion/followup_profile_before/incumbent.json,1284320,support_or_manifest,0
benchmarks/output/ddd_reservation_insertion/followup_profile_before/initial.json,1284320,support_or_manifest,0
benchmarks/output/ddd_reservation_insertion/followup_profile_before/requests.json,3021,support_or_manifest,0
benchmarks/output/ddd_reservation_insertion/followup_profile_before/result.json,1048,result_or_diagnostic,1
benchmarks/output/ddd_reservation_insertion/followup_profile_evidence/window_comparison.json,348,support_or_manifest,0
benchmarks/output/ddd_reservation_insertion/k39_scope1_beam8_v1/config.json,1110478,support_or_manifest,0
benchmarks/output/ddd_reservation_insertion/k39_scope1_beam8_v1/incumbent.json,1283916,support_or_manifest,0
benchmarks/output/ddd_reservation_insertion/k39_scope1_beam8_v1/initial.json,1284320,support_or_manifest,0
benchmarks/output/ddd_reservation_insertion/k39_scope1_beam8_v1/requests.json,10041,support_or_manifest,0
benchmarks/output/ddd_reservation_insertion/k39_scope1_beam8_v1/result.json,1134,result_or_diagnostic,1
benchmarks/output/ddd_reservation_insertion/k39_scope4_beam1_v1/config.json,1110478,support_or_manifest,0
benchmarks/output/ddd_reservation_insertion/k39_scope4_beam1_v1/incumbent.json,1284238,support_or_manifest,0
benchmarks/output/ddd_reservation_insertion/k39_scope4_beam1_v1/initial.json,1284320,support_or_manifest,0
benchmarks/output/ddd_reservation_insertion/k39_scope4_beam1_v1/requests.json,10041,support_or_manifest,0
benchmarks/output/ddd_reservation_insertion/k39_scope4_beam1_v1/result.json,1100,result_or_diagnostic,1
benchmarks/output/ddd_reservation_insertion/k39_scope4_beam8_v1/config.json,1110478,support_or_manifest,0
benchmarks/output/ddd_reservation_insertion/k39_scope4_beam8_v1/incumbent.json,1283916,support_or_manifest,0
benchmarks/output/ddd_reservation_insertion/k39_scope4_beam8_v1/initial.json,1284320,support_or_manifest,0
benchmarks/output/ddd_reservation_insertion/k39_scope4_beam8_v1/requests.json,10041,support_or_manifest,0
benchmarks/output/ddd_reservation_insertion/k39_scope4_beam8_v1/result.json,1101,result_or_diagnostic,1
benchmarks/output/ddd_reservoir_arc_flow_gates/reservoir_build_gate/result.json,1894,result_or_diagnostic,1
benchmarks/output/ddd_reservoir_arc_flow_gates/reservoir_no_wait_smoke_10m/incumbent.json,102524764,large_support_artifact_not_loaded,
benchmarks/output/ddd_reservoir_arc_flow_gates/reservoir_no_wait_smoke_10m/result.json,100019,result_or_diagnostic,1
benchmarks/output/ddd_resource_clique_gate_k20_3m/five_station_circle_cw_half_skip_no_wait_headway_b_v0__journey_time.json,243184,result_or_diagnostic,1
benchmarks/output/ddd_resource_clique_gate_k39_10m/five_station_circle_cw_half_skip_no_wait_headway_b_v0__journey_time.json,80347,result_or_diagnostic,1
benchmarks/output/ddd_resource_clique_gate_k39_arc_pricing_3m/five_station_circle_cw_half_skip_no_wait_headway_b_v0__journey_time.json,187305,result_or_diagnostic,1
benchmarks/output/ddd_resource_clique_gate_k39_barrier_3m/five_station_circle_cw_half_skip_no_wait_headway_b_v0__journey_time.json,152145,result_or_diagnostic,1
benchmarks/output/ddd_resource_clique_gate_k39_coordinated_200prefs_3m/five_station_circle_cw_half_skip_no_wait_headway_b_v0__journey_time.json,151943,result_or_diagnostic,1
benchmarks/output/ddd_resource_clique_gate_k39_coordinated_hint_200prefs_3m/five_station_circle_cw_half_skip_no_wait_headway_b_v0__journey_time.json,153830,result_or_diagnostic,1
benchmarks/output/ddd_resource_clique_gate_k39_coordinated_interval3_5m/five_station_circle_cw_half_skip_no_wait_headway_b_v0__journey_time.json,261518,result_or_diagnostic,1
benchmarks/output/ddd_resource_clique_gate_k39_multicolumn_5m/five_station_circle_cw_half_skip_no_wait_headway_b_v0__journey_time.json,151831,result_or_diagnostic,1
benchmarks/output/ddd_resource_clique_gate_k39_smoke/five_station_circle_cw_half_skip_no_wait_headway_b_v0__journey_time.json,44560,result_or_diagnostic,1
benchmarks/output/ddd_resource_clique_gate_k39_zero_dual_3m/five_station_circle_cw_half_skip_no_wait_headway_b_v0__journey_time.json,116121,result_or_diagnostic,1
benchmarks/output/ddd_resource_window_ab20_energy/five_station_circle_cw_half_skip_no_wait_v0.json,435282,result_or_diagnostic,1
benchmarks/output/ddd_resource_window_ab20_energy_fixed/five_station_circle_cw_half_skip_no_wait_v0.json,435274,result_or_diagnostic,1
benchmarks/output/ddd_resource_window_ab20_entry/five_station_circle_cw_half_skip_no_wait_v0.json,435282,result_or_diagnostic,1
benchmarks/output/ddd_resource_window_ab20_off/five_station_circle_cw_half_skip_no_wait_v0.json,434888,result_or_diagnostic,1
benchmarks/output/ddd_resource_window_smoke/five_station_circle_cw_half_skip_no_wait_v0.json,330330,result_or_diagnostic,1
benchmarks/output/ddd_resource_window_smoke_energy_fixed/five_station_circle_cw_half_skip_no_wait_v0.json,330327,result_or_diagnostic,1
benchmarks/output/ddd_timed_flow_cover_smoke/five_station_circle_cw_half_skip_no_wait_v0.json,8146,result_or_diagnostic,1
benchmarks/output/ddd_timed_flow_cover_smoke2/five_station_circle_cw_half_skip_no_wait_v0.json,12457,result_or_diagnostic,1
benchmarks/output/ddd_timed_flow_cover_smoke5/five_station_circle_cw_half_skip_no_wait_v0.json,7374,result_or_diagnostic,1
benchmarks/output/ddd_trajectory_ab_20260814/five_diversified10_off/five_station_circle_cw_half_skip_no_wait_v0.json,391525,result_or_diagnostic,1
benchmarks/output/ddd_trajectory_ab_20260814/five_diversified10_restricted/five_station_circle_cw_half_skip_no_wait_v0.json,394499,result_or_diagnostic,1
benchmarks/output/ddd_trajectory_ab_20260814/five_diversified_off/five_station_circle_cw_half_skip_no_wait_v0.json,314444,result_or_diagnostic,1
benchmarks/output/ddd_trajectory_ab_20260814/five_diversified_restricted/five_station_circle_cw_half_skip_no_wait_v0.json,315802,result_or_diagnostic,1
benchmarks/output/ddd_trajectory_ab_20260814/five_k19_off/five_station_circle_cw_half_skip_no_wait_v0.json,390712,result_or_diagnostic,1
benchmarks/output/ddd_trajectory_ab_20260814/five_k19_restricted/five_station_circle_cw_half_skip_no_wait_v0.json,391017,result_or_diagnostic,1
benchmarks/output/ddd_trajectory_ab_20260814/three_diversified/three_station_half_no_skip_no_wait_v0.json,282299,result_or_diagnostic,1
benchmarks/output/ddd_trajectory_ab_20260814/three_off/three_station_half_no_skip_no_wait_v0.json,340929,result_or_diagnostic,1
benchmarks/output/ddd_trajectory_ab_20260814/three_restricted/three_station_half_no_skip_no_wait_v0.json,341226,result_or_diagnostic,1
benchmarks/output/ddd_trajectory_bound_reference/matrix/three_station_exhaustive_trajectory_bound_v0__k3__h500__journey_time.json,1798,support_or_manifest,0
benchmarks/output/ddd_trajectory_bound_reference/matrix/three_station_exhaustive_trajectory_bound_v0__k3__h500__waiting_time.json,1802,support_or_manifest,0
benchmarks/output/ddd_trajectory_bound_reference/matrix/three_station_exhaustive_trajectory_bound_v0__k4__h500__journey_time.json,1814,support_or_manifest,0
benchmarks/output/ddd_trajectory_bound_reference/matrix/three_station_exhaustive_trajectory_bound_v0__k4__h500__waiting_time.json,1813,support_or_manifest,0
benchmarks/output/ddd_trajectory_bound_reference/smoke/three_station_exhaustive_trajectory_bound_v0__k3__h250__journey_time.json,1798,support_or_manifest,0
benchmarks/output/ddd_trajectory_phase2_20260814/five_lp/five_station_circle_cw_half_skip_no_wait_v0.json,317085,result_or_diagnostic,1
benchmarks/output/ddd_trajectory_phase2_20260814/five_lp_complete_rows/five_station_circle_cw_half_skip_no_wait_v0.json,318297,result_or_diagnostic,1
benchmarks/output/ddd_trajectory_phase2_20260814/five_lp_final/five_station_circle_cw_half_skip_no_wait_v0.json,318292,result_or_diagnostic,1
benchmarks/output/ddd_trajectory_phase3_20260814/priced/five_station_circle_cw_half_skip_no_wait_v0.json,57466,result_or_diagnostic,1
benchmarks/output/ddd_trajectory_phase3_20260814/priced_30s/five_station_circle_cw_half_skip_no_wait_v0.json,57478,result_or_diagnostic,1
benchmarks/output/ddd_trajectory_phase3_20260814/priced_8w/five_station_circle_cw_half_skip_no_wait_v0.json,346766,result_or_diagnostic,1
benchmarks/output/ddd_trajectory_phase3_20260814/priced_8w_resolved/five_station_circle_cw_half_skip_no_wait_v0.json,341031,result_or_diagnostic,1
benchmarks/output/ddd_trajectory_phase3_20260814/restricted_8w/five_station_circle_cw_half_skip_no_wait_v0.json,319983,result_or_diagnostic,1
benchmarks/output/ddd_trajectory_root_cg/certified_gap_focus_10r/five_station_circle_cw_half_skip_no_wait_v0__journey_time.json,113636,result_or_diagnostic,1
benchmarks/output/ddd_trajectory_root_cg/five_station_smoke/five_station_circle_cw_half_skip_no_wait_v0__journey_time.json,1254,result_or_diagnostic,1
benchmarks/output/ddd_trajectory_root_cg/five_station_smoke_binary/five_station_circle_cw_half_skip_no_wait_v0__journey_time.json,1270,result_or_diagnostic,1
benchmarks/output/ddd_trajectory_root_cg/five_station_smoke_bound/five_station_circle_cw_half_skip_no_wait_v0__journey_time.json,1267,result_or_diagnostic,1
benchmarks/output/ddd_trajectory_root_cg/five_station_smoke_incumbent/five_station_circle_cw_half_skip_no_wait_v0__journey_time.json,1298,result_or_diagnostic,1
benchmarks/output/ddd_trajectory_root_cg/five_station_two_rounds/five_station_circle_cw_half_skip_no_wait_v0__journey_time.json,1997,result_or_diagnostic,1
benchmarks/output/ddd_trajectory_root_cg/frozen_rmp_barrier_2s/five_station_circle_cw_half_skip_no_wait_v0__journey_time.json,12236,result_or_diagnostic,1
benchmarks/output/ddd_trajectory_root_cg/frozen_rmp_conditional_tight_default_2s/five_station_circle_cw_half_skip_no_wait_v0__journey_time.json,12220,result_or_diagnostic,1
benchmarks/output/ddd_trajectory_root_cg/frozen_rmp_default_2s/five_station_circle_cw_half_skip_no_wait_v0__journey_time.json,12195,result_or_diagnostic,1
benchmarks/output/ddd_trajectory_root_cg/frozen_rmp_tight_barrier_2s/five_station_circle_cw_half_skip_no_wait_v0__journey_time.json,12283,result_or_diagnostic,1
benchmarks/output/ddd_trajectory_root_cg/frozen_rmp_tight_default_2s/five_station_circle_cw_half_skip_no_wait_v0__journey_time.json,12225,result_or_diagnostic,1
benchmarks/output/ddd_trajectory_root_cg/frozen_rmp_tight_default_5s/five_station_circle_cw_half_skip_no_wait_v0__journey_time.json,12220,result_or_diagnostic,1
benchmarks/output/ddd_trajectory_root_cg/frozen_rmp_time_expanded_default_2s/five_station_circle_cw_half_skip_no_wait_v0__journey_time.json,12241,result_or_diagnostic,1
benchmarks/output/ddd_trajectory_root_cg/full_cabins_skip_no_wait_30r/five_station_circle_cw_full_skip_no_wait_v0__journey_time.checkpoint.json,14269059,support_or_manifest,0
benchmarks/output/ddd_trajectory_root_cg/full_cabins_skip_no_wait_30r/five_station_circle_cw_full_skip_no_wait_v0__journey_time.json,406808,result_or_diagnostic,1
benchmarks/output/ddd_trajectory_root_cg/full_cabins_skip_no_wait_headway_b_30r/five_station_circle_cw_full_skip_no_wait_headway_b_v0__journey_time.checkpoint.json,19210049,support_or_manifest,0
benchmarks/output/ddd_trajectory_root_cg/full_cabins_skip_no_wait_headway_b_30r/five_station_circle_cw_full_skip_no_wait_headway_b_v0__journey_time.json,405328,result_or_diagnostic,1
benchmarks/output/ddd_trajectory_root_cg/full_cabins_skip_no_wait_headway_b_reduced_17r/five_station_circle_cw_full_skip_no_wait_headway_b_v0__journey_time.checkpoint.json,16548842,support_or_manifest,0
benchmarks/output/ddd_trajectory_root_cg/full_cabins_skip_no_wait_headway_b_reduced_17r/five_station_circle_cw_full_skip_no_wait_headway_b_v0__journey_time.json,405157,result_or_diagnostic,1
benchmarks/output/ddd_trajectory_root_cg/k4_h500/three_station_exhaustive_trajectory_bound_v0__journey_time.json,1953,result_or_diagnostic,1
benchmarks/output/ddd_trajectory_root_cg/oip_b_k19_pair_only_diagnostic/checkpoint.json,3335650,support_or_manifest,0
benchmarks/output/ddd_trajectory_root_cg/oip_b_k19_retained_classes_8/five_station_circle_cw_full_skip_no_wait_headway_b_v0__journey_time.checkpoint.json,6095844,support_or_manifest,0
benchmarks/output/ddd_trajectory_root_cg/oip_b_k19_retained_classes_8/five_station_circle_cw_full_skip_no_wait_headway_b_v0__journey_time.json,125577,result_or_diagnostic,1
benchmarks/output/ddd_trajectory_root_cg/oip_b_k19_shared_fair_8/checkpoint.json,6128414,support_or_manifest,0
benchmarks/output/ddd_trajectory_root_cg/oip_b_k19_shared_fair_8/five_station_circle_cw_full_skip_no_wait_headway_b_v0__journey_time.json,124692,result_or_diagnostic,1
benchmarks/output/ddd_trajectory_root_cg/oip_b_k19_shared_fair_smoke/five_station_circle_cw_full_skip_no_wait_headway_b_v0__journey_time.json,23492,result_or_diagnostic,1
benchmarks/output/ddd_trajectory_root_cg/oip_b_k19_shared_primal_4/checkpoint.json,3536093,support_or_manifest,0
benchmarks/output/ddd_trajectory_root_cg/oip_b_k19_shared_primal_4/five_station_circle_cw_full_skip_no_wait_headway_b_v0__journey_time.json,67274,result_or_diagnostic,1
benchmarks/output/ddd_trajectory_root_cg/passenger_flow_10r/five_station_circle_cw_half_skip_no_wait_v0__journey_time.json,67251,result_or_diagnostic,1
benchmarks/output/ddd_trajectory_root_cg/passenger_flow_1r/five_station_circle_cw_half_skip_no_wait_v0__journey_time.json,11872,result_or_diagnostic,1
benchmarks/output/ddd_trajectory_root_cg/passenger_flow_pair_only_10r/five_station_circle_cw_half_skip_no_wait_v0__journey_time.json,111455,result_or_diagnostic,1
benchmarks/output/ddd_trajectory_root_cg/passenger_flow_pair_only_30r/five_station_circle_cw_half_skip_no_wait_v0__journey_time.checkpoint.json,8263280,support_or_manifest,0
benchmarks/output/ddd_trajectory_root_cg/passenger_flow_pair_only_30r/five_station_circle_cw_half_skip_no_wait_v0__journey_time.json,234902,result_or_diagnostic,1
benchmarks/output/ddd_trajectory_root_cg/pricing_focus0_5s_1r/five_station_circle_cw_half_skip_no_wait_v0__journey_time.json,12164,result_or_diagnostic,1
benchmarks/output/ddd_trajectory_root_cg/pricing_focus3_5s_1r/five_station_circle_cw_half_skip_no_wait_v0__journey_time.json,12128,result_or_diagnostic,1
benchmarks/output/ddd_trajectory_root_cg/relative_oip_gate_compact_1/five_station_circle_cw_full_skip_no_wait_headway_b_v0__journey_time.json,26552,result_or_diagnostic,1
benchmarks/output/ddd_trajectory_root_cg/relative_oip_gate_compact_fixed_1/five_station_circle_cw_full_skip_no_wait_headway_b_v0__journey_time.json,26618,result_or_diagnostic,1
benchmarks/output/ddd_trajectory_root_cg/relative_oip_gate_relative_1/five_station_circle_cw_full_skip_no_wait_headway_b_v0__journey_time.json,25700,result_or_diagnostic,1
benchmarks/output/ddd_trajectory_root_cg/relative_oip_gate_relative_180s_1/five_station_circle_cw_full_skip_no_wait_headway_b_v0__journey_time.json,25732,result_or_diagnostic,1
benchmarks/output/ddd_trajectory_root_cg/relative_oip_gate_relative_final_1/five_station_circle_cw_full_skip_no_wait_headway_b_v0__journey_time.json,25702,result_or_diagnostic,1
benchmarks/output/ddd_trajectory_root_cg/relative_oip_gate_relative_projected_1/five_station_circle_cw_full_skip_no_wait_headway_b_v0__journey_time.json,25722,result_or_diagnostic,1
benchmarks/output/ddd_trajectory_root_cg/relative_oip_intervals_30s_1/five_station_circle_cw_full_skip_no_wait_headway_b_v0__journey_time.json,26630,result_or_diagnostic,1
benchmarks/output/ddd_trajectory_root_cg/relative_oip_intervals_5s_1/five_station_circle_cw_full_skip_no_wait_headway_b_v0__journey_time.json,26703,result_or_diagnostic,1
benchmarks/output/ddd_trajectory_root_cg/relative_oip_intervals_linear_5s_1/five_station_circle_cw_full_skip_no_wait_headway_b_v0__journey_time.json,26633,result_or_diagnostic,1
benchmarks/output/ddd_trajectory_root_cg/relative_oip_intervals_tight_30s_1/five_station_circle_cw_full_skip_no_wait_headway_b_v0__journey_time.json,26683,result_or_diagnostic,1
benchmarks/output/ddd_trajectory_root_cg/relative_oip_intervals_tight_5s_1/five_station_circle_cw_full_skip_no_wait_headway_b_v0__journey_time.json,26683,result_or_diagnostic,1
benchmarks/output/ddd_trajectory_root_cg/reservoir_k18_hybrid_10m/five_station_circle_cw_full_skip_no_wait_headway_b_v0__reservoir_k18_w300__journey_time.json,172308,result_or_diagnostic,1
benchmarks/output/ddd_trajectory_root_cg/reservoir_k18_hybrid_10m/state.json,3626507,support_or_manifest,0
benchmarks/output/ddd_trajectory_root_cg/reservoir_k19_ab_10m_hybrid/five_station_circle_cw_full_skip_no_wait_headway_b_v0__reservoir_k19_w300__journey_time.json,216218,result_or_diagnostic,1
benchmarks/output/ddd_trajectory_root_cg/reservoir_k19_ab_10m_hybrid/state.json,4167345,support_or_manifest,0
benchmarks/output/ddd_trajectory_root_cg/reservoir_k19_ab_10m_proof_only/five_station_circle_cw_full_skip_no_wait_headway_b_v0__reservoir_k19_w300__journey_time.json,124777,result_or_diagnostic,1
benchmarks/output/ddd_trajectory_root_cg/reservoir_k19_ab_10m_proof_only/state.json,2976101,support_or_manifest,0
benchmarks/output/ddd_trajectory_root_cg/reservoir_k19_anchor_debug/five_station_circle_cw_full_skip_no_wait_headway_b_v0__reservoir_k19_w300__journey_time.checkpoint.json,1258076,support_or_manifest,0
benchmarks/output/ddd_trajectory_root_cg/reservoir_k19_anchor_debug/five_station_circle_cw_full_skip_no_wait_headway_b_v0__reservoir_k19_w300__journey_time.json,54135,result_or_diagnostic,1
benchmarks/output/ddd_trajectory_root_cg/reservoir_k19_anchor_primal/five_station_circle_cw_full_skip_no_wait_headway_b_v0__reservoir_k19_w300__journey_time.json,54045,result_or_diagnostic,1
benchmarks/output/ddd_trajectory_root_cg/reservoir_k19_anchor_primal/state.json,1258082,support_or_manifest,0
benchmarks/output/ddd_trajectory_root_cg/reservoir_k19_debug/five_station_circle_cw_full_skip_no_wait_headway_b_v0__reservoir_k19_w300__journey_time.checkpoint.json,1258065,support_or_manifest,0
benchmarks/output/ddd_trajectory_root_cg/reservoir_k19_debug/five_station_circle_cw_full_skip_no_wait_headway_b_v0__reservoir_k19_w300__journey_time.json,54117,result_or_diagnostic,1
benchmarks/output/ddd_trajectory_root_cg/reservoir_k19_diverse_review/five_station_circle_cw_full_skip_no_wait_headway_b_v0__reservoir_k19_w300__journey_time.json,53793,result_or_diagnostic,1
benchmarks/output/ddd_trajectory_root_cg/reservoir_k19_diverse_review_2/five_station_circle_cw_full_skip_no_wait_headway_b_v0__reservoir_k19_w300__journey_time.json,71308,result_or_diagnostic,1
benchmarks/output/ddd_trajectory_root_cg/reservoir_k19_diverse_review_3/five_station_circle_cw_full_skip_no_wait_headway_b_v0__reservoir_k19_w300__journey_time.json,53853,result_or_diagnostic,1
benchmarks/output/ddd_trajectory_root_cg/reservoir_k19_diverse_review_3/state.json,1257867,support_or_manifest,0
benchmarks/output/ddd_trajectory_root_cg/reservoir_k19_iis/five_station_circle_cw_full_skip_no_wait_headway_b_v0__reservoir_k19_w300__journey_time.checkpoint.json,1258190,support_or_manifest,0
benchmarks/output/ddd_trajectory_root_cg/reservoir_k19_iis/five_station_circle_cw_full_skip_no_wait_headway_b_v0__reservoir_k19_w300__journey_time.json,54234,result_or_diagnostic,1
benchmarks/output/ddd_trajectory_root_cg/reservoir_k19_iis2/five_station_circle_cw_full_skip_no_wait_headway_b_v0__reservoir_k19_w300__journey_time.checkpoint.json,1258283,support_or_manifest,0
benchmarks/output/ddd_trajectory_root_cg/reservoir_k19_iis2/five_station_circle_cw_full_skip_no_wait_headway_b_v0__reservoir_k19_w300__journey_time.json,54328,result_or_diagnostic,1
benchmarks/output/ddd_trajectory_root_cg/reservoir_k19_pr1_pr2/five_station_circle_cw_full_skip_no_wait_headway_b_v0__reservoir_k19_w300__journey_time.json,53935,result_or_diagnostic,1
benchmarks/output/ddd_trajectory_root_cg/reservoir_k19_pr1_pr2/state.json,1257962,support_or_manifest,0
benchmarks/output/ddd_trajectory_root_cg/reservoir_k19_pr1_pr2_2r/five_station_circle_cw_full_skip_no_wait_headway_b_v0__reservoir_k19_w300__journey_time.json,72285,result_or_diagnostic,1
benchmarks/output/ddd_trajectory_root_cg/reservoir_k19_pr1_pr2_2r/state.json,1553912,support_or_manifest,0
benchmarks/output/ddd_trajectory_root_cg/reservoir_k19_pr1_pr2_final/five_station_circle_cw_full_skip_no_wait_headway_b_v0__reservoir_k19_w300__journey_time.json,54260,result_or_diagnostic,1
benchmarks/output/ddd_trajectory_root_cg/reservoir_k19_pr1_pr2_final/state.json,1358922,support_or_manifest,0
benchmarks/output/ddd_trajectory_root_cg/reservoir_k19_pr1_pr2_v2/five_station_circle_cw_full_skip_no_wait_headway_b_v0__reservoir_k19_w300__journey_time.json,53942,result_or_diagnostic,1
benchmarks/output/ddd_trajectory_root_cg/reservoir_k19_pr1_pr2_v2/state.json,1257966,support_or_manifest,0
benchmarks/output/ddd_trajectory_root_cg/reservoir_k19_pr1_pr2_v3/five_station_circle_cw_full_skip_no_wait_headway_b_v0__reservoir_k19_w300__journey_time.json,54045,result_or_diagnostic,1
benchmarks/output/ddd_trajectory_root_cg/reservoir_k19_pr1_pr2_v3/state.json,1258081,support_or_manifest,0
benchmarks/output/ddd_trajectory_root_cg/reservoir_k19_smoke/five_station_circle_cw_full_skip_no_wait_headway_b_v0__reservoir_k19_w300__journey_time.json,70557,result_or_diagnostic,1
benchmarks/output/ddd_trajectory_root_cg/reservoir_k19_smoke/state.json,1276180,support_or_manifest,0
benchmarks/output/ddd_trajectory_root_cg/reservoir_k20_hybrid_10m/five_station_circle_cw_full_skip_no_wait_headway_b_v0__reservoir_k20_w300__journey_time.json,490145,result_or_diagnostic,1
benchmarks/output/ddd_trajectory_root_cg/reservoir_k20_hybrid_10m/state.json,10894564,support_or_manifest,0
benchmarks/output/ddd_trajectory_root_cg/reservoir_k21_hybrid_10m/five_station_circle_cw_full_skip_no_wait_headway_b_v0__reservoir_k21_w300__journey_time.json,550344,result_or_diagnostic,1
benchmarks/output/ddd_trajectory_root_cg/reservoir_k21_hybrid_10m/state.json,9666379,support_or_manifest,0
benchmarks/output/ddd_trajectory_root_cg/smoke/three_station_exhaustive_trajectory_bound_v0__journey_time.json,1944,result_or_diagnostic,1
benchmarks/output/ddd_trajectory_slot_probe/five_station_circle_cw_half_skip_no_wait_v0.json,268402,result_or_diagnostic,1
benchmarks/output/ddd_waiting_canonical_k20_exact_control/five_station_circle_cw_half_skip_no_wait_headway_b_v0_arc_flow_labeled_skip_stop_k20_wait_0h/result.json,53962,result_or_diagnostic,1
benchmarks/output/ddd_waiting_cascade_k20_15m/five_station_circle_cw_half_skip_no_wait_headway_b_v0__k20__skip_stop__wait_0h.json,348058,result_or_diagnostic,1
benchmarks/output/ddd_waiting_cascade_k20_15m_exact_seed/five_station_circle_cw_half_skip_no_wait_headway_b_v0__k20__skip_stop__wait_0p5h.json,550326,result_or_diagnostic,1
benchmarks/output/ddd_waiting_cascade_k20_15m_exact_seed/five_station_circle_cw_half_skip_no_wait_headway_b_v0__k20__skip_stop__wait_1h.json,510402,result_or_diagnostic,1
benchmarks/output/ddd_waiting_cascade_k20_15m_exact_seed/five_station_circle_cw_half_skip_no_wait_headway_b_v0__k20__skip_stop__wait_2h.json,500448,result_or_diagnostic,1
benchmarks/output/ddd_waiting_cascade_k20_15m_exact_seed/five_station_circle_cw_half_skip_no_wait_headway_b_v0__k20__skip_stop__wait_5h.json,489759,result_or_diagnostic,1
benchmarks/output/ddd_waiting_cascade_k20_15m_seeded/five_station_circle_cw_half_skip_no_wait_headway_b_v0__k20__skip_stop__wait_0h.json,1209522,result_or_diagnostic,1
benchmarks/output/ddd_waiting_cascade_k20_15m_seeded/five_station_circle_cw_half_skip_no_wait_headway_b_v0__k20__skip_stop__wait_0p5h.json,572832,result_or_diagnostic,1
benchmarks/output/ddd_waiting_cascade_k20_15m_seeded/five_station_circle_cw_half_skip_no_wait_headway_b_v0__k20__skip_stop__wait_1h.json,460258,result_or_diagnostic,1
benchmarks/output/ddd_waiting_cascade_k20_15m_seeded/five_station_circle_cw_half_skip_no_wait_headway_b_v0__k20__skip_stop__wait_2h.json,439113,result_or_diagnostic,1
benchmarks/output/ddd_waiting_cascade_k20_15m_seeded/five_station_circle_cw_half_skip_no_wait_headway_b_v0__k20__skip_stop__wait_5h.json,418692,result_or_diagnostic,1
benchmarks/output/ddd_waiting_exact_seed_smoke/five_station_circle_cw_half_skip_no_wait_headway_b_v0__k20__skip_stop__wait_0p5h.json,440434,result_or_diagnostic,1
benchmarks/output/ddd_waiting_k20_gate/five_station_b_k20_wait_0h/result.json,54790,result_or_diagnostic,1
benchmarks/output/ddd_waiting_k20_gate/five_station_b_k20_wait_0p5h_build_gate/result.json,44063,result_or_diagnostic,1
benchmarks/output/ddd_waiting_k20_gate/five_station_b_k20_wait_1h_build_gate/result.json,44061,result_or_diagnostic,1
benchmarks/output/ddd_waiting_k20_gate/five_station_b_k20_wait_2h_build_gate/result.json,44066,result_or_diagnostic,1
benchmarks/output/ddd_waiting_k20_gate/five_station_b_k20_wait_5h_build_gate/result.json,44067,result_or_diagnostic,1
benchmarks/output/ddd_waiting_labeled_k20_15m_cascade/five_station_circle_cw_half_skip_no_wait_headway_b_v0_arc_flow_labeled_skip_stop_k20_wait_0p5h/result.json,54047,result_or_diagnostic,1
benchmarks/output/ddd_waiting_labeled_seed_smoke/five_station_circle_cw_half_skip_no_wait_headway_b_v0_arc_flow_labeled_skip_stop_k20_wait_0p5h/result.json,54049,result_or_diagnostic,1
benchmarks/output/ddd_waiting_no_wait_k20_true_15m/five_station_circle_cw_half_skip_no_wait_headway_b_v0__k20__skip_stop__wait_0h.json,740471,result_or_diagnostic,1
benchmarks/output/ddd_waiting_seed_smoke/five_station_circle_cw_half_skip_no_wait_headway_b_v0__k20__skip_stop__wait_0h.json,383907,result_or_diagnostic,1
benchmarks/output/ddd_waiting_seed_smoke/five_station_circle_cw_half_skip_no_wait_headway_b_v0__k20__skip_stop__wait_0p5h.json,369325,result_or_diagnostic,1
benchmarks/output/ddd_waiting_smoke/five_station_circle_cw_half_skip_no_wait_headway_b_v0_arc_flow_exact_anonymous_skip_stop_k1_wait_0p5h/result.json,4790,result_or_diagnostic,1
benchmarks/output/ean_build_baselines/five_station_optimized_initial_placement_all_stop_skip_wait_v0/discrete_dt_0p5.json,1696512,support_or_manifest,0
benchmarks/output/ean_build_baselines/five_station_optimized_initial_placement_all_stop_skip_wait_v0/ean_build_artifact.json,314252673,large_support_artifact_not_loaded,
benchmarks/output/ean_build_baselines/five_station_optimized_initial_placement_all_stop_skip_wait_v0/ean_model_build_profile.json,2660,result_or_diagnostic,1
benchmarks/output/ean_build_baselines/five_station_optimized_initial_placement_all_stop_skip_wait_v0/scenario.json,23917,support_or_manifest,0
benchmarks/output/ean_build_baselines/manifest.json,2886,support_or_manifest,0
benchmarks/output/ean_merge_sequence/final_gate_10_adversarial.json,7069,result_or_diagnostic,3
benchmarks/output/ean_merge_sequence/gate_10.json,8954,result_or_diagnostic,4
benchmarks/output/ean_merge_sequence/gate_20.json,11760,result_or_diagnostic,3
benchmarks/output/fixed_k_model_bakeoff/five_station_b_no_wait_model_bakeoff_k20_k39_30m/campaign.json,65986,result_or_diagnostic,1
benchmarks/output/fixed_k_model_bakeoff/five_station_b_no_wait_model_bakeoff_k20_k39_30m/ean_pairwise_shared/k20/result.json,7444,result_or_diagnostic,1
benchmarks/output/fixed_k_model_bakeoff/five_station_b_no_wait_model_bakeoff_k20_k39_30m_v2/campaign.json,95579,result_or_diagnostic,1
benchmarks/output/fixed_k_model_bakeoff/five_station_b_no_wait_model_bakeoff_k20_k39_30m_v2/ean_pairwise_shared/k20/result.json,6825,result_or_diagnostic,1
benchmarks/output/fixed_k_model_bakeoff/five_station_b_no_wait_model_bakeoff_k20_k39_30m_v3/campaign.json,2061996,result_or_diagnostic,1
benchmarks/output/fixed_k_model_bakeoff/five_station_b_no_wait_model_bakeoff_k20_k39_30m_v3/ddd_arc_flow_labeled/k20/bakeoff_result.json,59189,result_or_diagnostic,1
benchmarks/output/fixed_k_model_bakeoff/five_station_b_no_wait_model_bakeoff_k20_k39_30m_v3/ddd_arc_flow_labeled/k20/result.json,54843,result_or_diagnostic,1
benchmarks/output/fixed_k_model_bakeoff/five_station_b_no_wait_model_bakeoff_k20_k39_30m_v3/ddd_arc_flow_labeled/k39/bakeoff_result.json,132060,result_or_diagnostic,1
benchmarks/output/fixed_k_model_bakeoff/five_station_b_no_wait_model_bakeoff_k20_k39_30m_v3/ddd_arc_flow_labeled/k39/result.json,122649,result_or_diagnostic,1
benchmarks/output/fixed_k_model_bakeoff/five_station_b_no_wait_model_bakeoff_k20_k39_30m_v3/ean_pairwise_shared/k20/result.json,27159,result_or_diagnostic,1
benchmarks/output/fixed_k_model_bakeoff/five_station_b_no_wait_model_bakeoff_k20_k39_30m_v3/ean_pairwise_shared/k39/result.json,8870,result_or_diagnostic,1
benchmarks/output/fixed_k_model_bakeoff/five_station_b_no_wait_model_bakeoff_k20_k39_30m_v3/summary.json,258474,result_or_diagnostic,4
benchmarks/output/fixed_movement_passenger_20260715/20260715T164450Z__three_station_v0__journey_time__all.json,18256,result_or_diagnostic,4
benchmarks/output/fixed_movement_passenger_20260715/20260715T165012Z__three_station_v0__journey_time__all.json,38192,result_or_diagnostic,4
benchmarks/output/fixed_movement_passenger_20260715/20260715T165544Z__five_station_v0__journey_time__all.json,18947,result_or_diagnostic,4
benchmarks/output/horizon_time_bounds_20260714/artifacts/20260714T205008Z__three_station_v0__ean_passenger_journey_time__exact_optimality__all/manifest.json,3266,support_or_manifest,0
benchmarks/output/horizon_time_bounds_20260714/artifacts/20260714T205008Z__three_station_v0__ean_passenger_journey_time__exact_optimality__all/three_station_v0/discrete_dt_0p5.json,1391543,support_or_manifest,0
benchmarks/output/horizon_time_bounds_20260714/artifacts/20260714T205008Z__three_station_v0__ean_passenger_journey_time__exact_optimality__all/three_station_v0/ean_build_artifact.json,25071075,support_or_manifest,0
benchmarks/output/horizon_time_bounds_20260714/artifacts/20260714T205008Z__three_station_v0__ean_passenger_journey_time__exact_optimality__all/three_station_v0/ean_passenger_service_journey_time.json,329535,result_or_diagnostic,1
benchmarks/output/horizon_time_bounds_20260714/artifacts/20260714T205008Z__three_station_v0__ean_passenger_journey_time__exact_optimality__all/three_station_v0/ean_passenger_service_journey_time_movement_plan.json,208540,support_or_manifest,0
benchmarks/output/horizon_time_bounds_20260714/artifacts/20260714T205008Z__three_station_v0__ean_passenger_journey_time__exact_optimality__all/three_station_v0/ean_passenger_service_journey_time_physical_replay.json,533065,support_or_manifest,0
benchmarks/output/horizon_time_bounds_20260714/artifacts/20260714T205008Z__three_station_v0__ean_passenger_journey_time__exact_optimality__all/three_station_v0/scenario.json,14521,support_or_manifest,0
benchmarks/output/horizon_time_bounds_20260714/artifacts/20260714T205533Z__three_station_v0__ean_passenger_journey_time__exact_optimality__candidate_horizon_pruning+single_ring_dominated_ride_pruning+slot_time_relaxation_strengthening+time_bounds_derived_visit_bounds/manifest.json,3266,support_or_manifest,0
benchmarks/output/horizon_time_bounds_20260714/artifacts/20260714T205533Z__three_station_v0__ean_passenger_journey_time__exact_optimality__candidate_horizon_pruning+single_ring_dominated_ride_pruning+slot_time_relaxation_strengthening+time_bounds_derived_visit_bounds/three_station_v0/discrete_dt_0p5.json,1391543,support_or_manifest,0
benchmarks/output/horizon_time_bounds_20260714/artifacts/20260714T205533Z__three_station_v0__ean_passenger_journey_time__exact_optimality__candidate_horizon_pruning+single_ring_dominated_ride_pruning+slot_time_relaxation_strengthening+time_bounds_derived_visit_bounds/three_station_v0/ean_build_artifact.json,25071075,support_or_manifest,0
benchmarks/output/horizon_time_bounds_20260714/artifacts/20260714T205533Z__three_station_v0__ean_passenger_journey_time__exact_optimality__candidate_horizon_pruning+single_ring_dominated_ride_pruning+slot_time_relaxation_strengthening+time_bounds_derived_visit_bounds/three_station_v0/ean_passenger_service_journey_time.json,327988,result_or_diagnostic,1
benchmarks/output/horizon_time_bounds_20260714/artifacts/20260714T205533Z__three_station_v0__ean_passenger_journey_time__exact_optimality__candidate_horizon_pruning+single_ring_dominated_ride_pruning+slot_time_relaxation_strengthening+time_bounds_derived_visit_bounds/three_station_v0/ean_passenger_service_journey_time_movement_plan.json,209140,support_or_manifest,0
benchmarks/output/horizon_time_bounds_20260714/artifacts/20260714T205533Z__three_station_v0__ean_passenger_journey_time__exact_optimality__candidate_horizon_pruning+single_ring_dominated_ride_pruning+slot_time_relaxation_strengthening+time_bounds_derived_visit_bounds/three_station_v0/ean_passenger_service_journey_time_physical_replay.json,533845,support_or_manifest,0
benchmarks/output/horizon_time_bounds_20260714/artifacts/20260714T205533Z__three_station_v0__ean_passenger_journey_time__exact_optimality__candidate_horizon_pruning+single_ring_dominated_ride_pruning+slot_time_relaxation_strengthening+time_bounds_derived_visit_bounds/three_station_v0/scenario.json,14521,support_or_manifest,0
benchmarks/output/horizon_time_bounds_20260714/artifacts/20260714T210049Z__three_station_v0__ean_passenger_journey_time__exact_optimality__candidate_horizon_pruning+single_ring_dominated_ride_pruning+slot_time_relaxation_strengthening+horizon_conservative_free_suffix/manifest.json,3266,support_or_manifest,0
benchmarks/output/horizon_time_bounds_20260714/artifacts/20260714T210049Z__three_station_v0__ean_passenger_journey_time__exact_optimality__candidate_horizon_pruning+single_ring_dominated_ride_pruning+slot_time_relaxation_strengthening+horizon_conservative_free_suffix/three_station_v0/discrete_dt_0p5.json,1391543,support_or_manifest,0
benchmarks/output/horizon_time_bounds_20260714/artifacts/20260714T210049Z__three_station_v0__ean_passenger_journey_time__exact_optimality__candidate_horizon_pruning+single_ring_dominated_ride_pruning+slot_time_relaxation_strengthening+horizon_conservative_free_suffix/three_station_v0/ean_build_artifact.json,25071075,support_or_manifest,0
benchmarks/output/horizon_time_bounds_20260714/artifacts/20260714T210049Z__three_station_v0__ean_passenger_journey_time__exact_optimality__candidate_horizon_pruning+single_ring_dominated_ride_pruning+slot_time_relaxation_strengthening+horizon_conservative_free_suffix/three_station_v0/ean_passenger_service_journey_time.json,322277,result_or_diagnostic,1
benchmarks/output/horizon_time_bounds_20260714/artifacts/20260714T210049Z__three_station_v0__ean_passenger_journey_time__exact_optimality__candidate_horizon_pruning+single_ring_dominated_ride_pruning+slot_time_relaxation_strengthening+horizon_conservative_free_suffix/three_station_v0/ean_passenger_service_journey_time_movement_plan.json,201503,support_or_manifest,0
benchmarks/output/horizon_time_bounds_20260714/artifacts/20260714T210049Z__three_station_v0__ean_passenger_journey_time__exact_optimality__candidate_horizon_pruning+single_ring_dominated_ride_pruning+slot_time_relaxation_strengthening+horizon_conservative_free_suffix/three_station_v0/ean_passenger_service_journey_time_physical_replay.json,533264,support_or_manifest,0
benchmarks/output/horizon_time_bounds_20260714/artifacts/20260714T210049Z__three_station_v0__ean_passenger_journey_time__exact_optimality__candidate_horizon_pruning+single_ring_dominated_ride_pruning+slot_time_relaxation_strengthening+horizon_conservative_free_suffix/three_station_v0/scenario.json,14521,support_or_manifest,0
benchmarks/output/horizon_time_bounds_20260714/artifacts/20260714T210606Z__three_station_v0__ean_passenger_journey_time__exact_optimality__candidate_horizon_pruning+single_ring_dominated_ride_pruning+slot_time_relaxation_strengthening+horizon_conservative_free_suffix+time_bounds_derived_visit_bounds/manifest.json,3266,support_or_manifest,0
benchmarks/output/horizon_time_bounds_20260714/artifacts/20260714T210606Z__three_station_v0__ean_passenger_journey_time__exact_optimality__candidate_horizon_pruning+single_ring_dominated_ride_pruning+slot_time_relaxation_strengthening+horizon_conservative_free_suffix+time_bounds_derived_visit_bounds/three_station_v0/discrete_dt_0p5.json,1391543,support_or_manifest,0
benchmarks/output/horizon_time_bounds_20260714/artifacts/20260714T210606Z__three_station_v0__ean_passenger_journey_time__exact_optimality__candidate_horizon_pruning+single_ring_dominated_ride_pruning+slot_time_relaxation_strengthening+horizon_conservative_free_suffix+time_bounds_derived_visit_bounds/three_station_v0/ean_build_artifact.json,25071075,support_or_manifest,0
benchmarks/output/horizon_time_bounds_20260714/artifacts/20260714T210606Z__three_station_v0__ean_passenger_journey_time__exact_optimality__candidate_horizon_pruning+single_ring_dominated_ride_pruning+slot_time_relaxation_strengthening+horizon_conservative_free_suffix+time_bounds_derived_visit_bounds/three_station_v0/ean_passenger_service_journey_time.json,324972,result_or_diagnostic,1
benchmarks/output/horizon_time_bounds_20260714/artifacts/20260714T210606Z__three_station_v0__ean_passenger_journey_time__exact_optimality__candidate_horizon_pruning+single_ring_dominated_ride_pruning+slot_time_relaxation_strengthening+horizon_conservative_free_suffix+time_bounds_derived_visit_bounds/three_station_v0/ean_passenger_service_journey_time_movement_plan.json,201371,support_or_manifest,0
benchmarks/output/horizon_time_bounds_20260714/artifacts/20260714T210606Z__three_station_v0__ean_passenger_journey_time__exact_optimality__candidate_horizon_pruning+single_ring_dominated_ride_pruning+slot_time_relaxation_strengthening+horizon_conservative_free_suffix+time_bounds_derived_visit_bounds/three_station_v0/ean_passenger_service_journey_time_physical_replay.json,533370,support_or_manifest,0
benchmarks/output/horizon_time_bounds_20260714/artifacts/20260714T210606Z__three_station_v0__ean_passenger_journey_time__exact_optimality__candidate_horizon_pruning+single_ring_dominated_ride_pruning+slot_time_relaxation_strengthening+horizon_conservative_free_suffix+time_bounds_derived_visit_bounds/three_station_v0/scenario.json,14521,support_or_manifest,0
benchmarks/output/horizon_time_bounds_20260714/artifacts/20260714T211124Z__three_station_v0__ean_passenger_journey_time__exact_optimality__candidate_horizon_pruning+single_ring_dominated_ride_pruning+slot_time_relaxation_strengthening+horizon_exact_time_activation/manifest.json,3266,support_or_manifest,0
benchmarks/output/horizon_time_bounds_20260714/artifacts/20260714T211124Z__three_station_v0__ean_passenger_journey_time__exact_optimality__candidate_horizon_pruning+single_ring_dominated_ride_pruning+slot_time_relaxation_strengthening+horizon_exact_time_activation/three_station_v0/discrete_dt_0p5.json,1391543,support_or_manifest,0
benchmarks/output/horizon_time_bounds_20260714/artifacts/20260714T211124Z__three_station_v0__ean_passenger_journey_time__exact_optimality__candidate_horizon_pruning+single_ring_dominated_ride_pruning+slot_time_relaxation_strengthening+horizon_exact_time_activation/three_station_v0/ean_build_artifact.json,25071075,support_or_manifest,0
benchmarks/output/horizon_time_bounds_20260714/artifacts/20260714T211124Z__three_station_v0__ean_passenger_journey_time__exact_optimality__candidate_horizon_pruning+single_ring_dominated_ride_pruning+slot_time_relaxation_strengthening+horizon_exact_time_activation/three_station_v0/ean_passenger_service_journey_time.json,231718,result_or_diagnostic,1
benchmarks/output/horizon_time_bounds_20260714/artifacts/20260714T211124Z__three_station_v0__ean_passenger_journey_time__exact_optimality__candidate_horizon_pruning+single_ring_dominated_ride_pruning+slot_time_relaxation_strengthening+horizon_exact_time_activation/three_station_v0/ean_passenger_service_journey_time_movement_plan.json,164929,support_or_manifest,0
benchmarks/output/horizon_time_bounds_20260714/artifacts/20260714T211124Z__three_station_v0__ean_passenger_journey_time__exact_optimality__candidate_horizon_pruning+single_ring_dominated_ride_pruning+slot_time_relaxation_strengthening+horizon_exact_time_activation/three_station_v0/ean_passenger_service_journey_time_physical_replay.json,532369,support_or_manifest,0
benchmarks/output/horizon_time_bounds_20260714/artifacts/20260714T211124Z__three_station_v0__ean_passenger_journey_time__exact_optimality__candidate_horizon_pruning+single_ring_dominated_ride_pruning+slot_time_relaxation_strengthening+horizon_exact_time_activation/three_station_v0/scenario.json,14521,support_or_manifest,0
benchmarks/output/horizon_time_bounds_20260714/artifacts/20260714T211647Z__three_station_v0__ean_passenger_journey_time__exact_optimality__candidate_horizon_pruning+single_ring_dominated_ride_pruning+slot_time_relaxation_strengthening+horizon_exact_time_activation+time_bounds_derived_visit_bounds/manifest.json,3266,support_or_manifest,0
benchmarks/output/horizon_time_bounds_20260714/artifacts/20260714T211647Z__three_station_v0__ean_passenger_journey_time__exact_optimality__candidate_horizon_pruning+single_ring_dominated_ride_pruning+slot_time_relaxation_strengthening+horizon_exact_time_activation+time_bounds_derived_visit_bounds/three_station_v0/discrete_dt_0p5.json,1391543,support_or_manifest,0
benchmarks/output/horizon_time_bounds_20260714/artifacts/20260714T211647Z__three_station_v0__ean_passenger_journey_time__exact_optimality__candidate_horizon_pruning+single_ring_dominated_ride_pruning+slot_time_relaxation_strengthening+horizon_exact_time_activation+time_bounds_derived_visit_bounds/three_station_v0/ean_build_artifact.json,25071075,support_or_manifest,0
benchmarks/output/horizon_time_bounds_20260714/artifacts/20260714T211647Z__three_station_v0__ean_passenger_journey_time__exact_optimality__candidate_horizon_pruning+single_ring_dominated_ride_pruning+slot_time_relaxation_strengthening+horizon_exact_time_activation+time_bounds_derived_visit_bounds/three_station_v0/ean_passenger_service_journey_time.json,279230,result_or_diagnostic,1
benchmarks/output/horizon_time_bounds_20260714/artifacts/20260714T211647Z__three_station_v0__ean_passenger_journey_time__exact_optimality__candidate_horizon_pruning+single_ring_dominated_ride_pruning+slot_time_relaxation_strengthening+horizon_exact_time_activation+time_bounds_derived_visit_bounds/three_station_v0/ean_passenger_service_journey_time_movement_plan.json,168652,support_or_manifest,0
benchmarks/output/horizon_time_bounds_20260714/artifacts/20260714T211647Z__three_station_v0__ean_passenger_journey_time__exact_optimality__candidate_horizon_pruning+single_ring_dominated_ride_pruning+slot_time_relaxation_strengthening+horizon_exact_time_activation+time_bounds_derived_visit_bounds/three_station_v0/ean_passenger_service_journey_time_physical_replay.json,534699,support_or_manifest,0
benchmarks/output/horizon_time_bounds_20260714/artifacts/20260714T211647Z__three_station_v0__ean_passenger_journey_time__exact_optimality__candidate_horizon_pruning+single_ring_dominated_ride_pruning+slot_time_relaxation_strengthening+horizon_exact_time_activation+time_bounds_derived_visit_bounds/three_station_v0/scenario.json,14521,support_or_manifest,0
benchmarks/output/horizon_time_bounds_20260714/results/20260714T205008Z__three_station_v0__ean_passenger_journey_time__exact_optimality__all.json,27428,result_or_diagnostic,1
benchmarks/output/horizon_time_bounds_20260714/results/20260714T205533Z__three_station_v0__ean_passenger_journey_time__exact_optimality__candidate_horizon_pruning+single_ring_dominated_ride_pruning+slot_time_relaxation_strengthening+time_bounds_derived_visit_bounds.json,25174,result_or_diagnostic,1
benchmarks/output/horizon_time_bounds_20260714/results/20260714T210049Z__three_station_v0__ean_passenger_journey_time__exact_optimality__candidate_horizon_pruning+single_ring_dominated_ride_pruning+slot_time_relaxation_strengthening+horizon_conservative_free_suffix.json,27613,result_or_diagnostic,1
benchmarks/output/horizon_time_bounds_20260714/results/20260714T210606Z__three_station_v0__ean_passenger_journey_time__exact_optimality__candidate_horizon_pruning+single_ring_dominated_ride_pruning+slot_time_relaxation_strengthening+horizon_conservative_free_suffix+time_bounds_derived_visit_bounds.json,30466,result_or_diagnostic,1
benchmarks/output/horizon_time_bounds_20260714/results/20260714T211124Z__three_station_v0__ean_passenger_journey_time__exact_optimality__candidate_horizon_pruning+single_ring_dominated_ride_pruning+slot_time_relaxation_strengthening+horizon_exact_time_activation.json,12663,result_or_diagnostic,1
benchmarks/output/horizon_time_bounds_20260714/results/20260714T211647Z__three_station_v0__ean_passenger_journey_time__exact_optimality__candidate_horizon_pruning+single_ring_dominated_ride_pruning+slot_time_relaxation_strengthening+horizon_exact_time_activation+time_bounds_derived_visit_bounds.json,20696,result_or_diagnostic,1
benchmarks/output/initial_placement_comparison_300s/summary.json,22396,result_or_diagnostic,5
benchmarks/output/initial_placement_comparison_300s/summary_corrected.json,19698,result_or_diagnostic,6
benchmarks/output/mip_start_comparison_20260715/artifacts/20260715T144729Z__five_station_v0__ean_passenger_journey_time__exact_optimality__greedy_all_stop__all/five_station_v0/discrete_dt_0p5.json,2747959,support_or_manifest,0
benchmarks/output/mip_start_comparison_20260715/artifacts/20260715T144729Z__five_station_v0__ean_passenger_journey_time__exact_optimality__greedy_all_stop__all/five_station_v0/ean_build_artifact.json,72494280,large_support_artifact_not_loaded,
benchmarks/output/mip_start_comparison_20260715/artifacts/20260715T144729Z__five_station_v0__ean_passenger_journey_time__exact_optimality__greedy_all_stop__all/five_station_v0/ean_passenger_service_journey_time.json,565633,result_or_diagnostic,1
benchmarks/output/mip_start_comparison_20260715/artifacts/20260715T144729Z__five_station_v0__ean_passenger_journey_time__exact_optimality__greedy_all_stop__all/five_station_v0/ean_passenger_service_journey_time_movement_plan.json,485055,support_or_manifest,0
benchmarks/output/mip_start_comparison_20260715/artifacts/20260715T144729Z__five_station_v0__ean_passenger_journey_time__exact_optimality__greedy_all_stop__all/five_station_v0/ean_passenger_service_journey_time_physical_replay.json,1100055,support_or_manifest,0
benchmarks/output/mip_start_comparison_20260715/artifacts/20260715T144729Z__five_station_v0__ean_passenger_journey_time__exact_optimality__greedy_all_stop__all/five_station_v0/scenario.json,32560,support_or_manifest,0
benchmarks/output/mip_start_comparison_20260715/artifacts/20260715T144729Z__five_station_v0__ean_passenger_journey_time__exact_optimality__greedy_all_stop__all/manifest.json,3264,support_or_manifest,0
benchmarks/output/mip_start_comparison_20260715/artifacts/20260715T145243Z__five_station_v0__ean_passenger_journey_time__exact_optimality__optimized_all_stop__all/five_station_v0/discrete_dt_0p5.json,2747959,support_or_manifest,0
benchmarks/output/mip_start_comparison_20260715/artifacts/20260715T145243Z__five_station_v0__ean_passenger_journey_time__exact_optimality__optimized_all_stop__all/five_station_v0/ean_build_artifact.json,72494280,large_support_artifact_not_loaded,
benchmarks/output/mip_start_comparison_20260715/artifacts/20260715T145243Z__five_station_v0__ean_passenger_journey_time__exact_optimality__optimized_all_stop__all/five_station_v0/ean_passenger_service_journey_time.json,645124,result_or_diagnostic,1
benchmarks/output/mip_start_comparison_20260715/artifacts/20260715T145243Z__five_station_v0__ean_passenger_journey_time__exact_optimality__optimized_all_stop__all/five_station_v0/ean_passenger_service_journey_time_movement_plan.json,485055,support_or_manifest,0
benchmarks/output/mip_start_comparison_20260715/artifacts/20260715T145243Z__five_station_v0__ean_passenger_journey_time__exact_optimality__optimized_all_stop__all/five_station_v0/ean_passenger_service_journey_time_physical_replay.json,1100055,support_or_manifest,0
benchmarks/output/mip_start_comparison_20260715/artifacts/20260715T145243Z__five_station_v0__ean_passenger_journey_time__exact_optimality__optimized_all_stop__all/five_station_v0/scenario.json,32560,support_or_manifest,0
benchmarks/output/mip_start_comparison_20260715/artifacts/20260715T145243Z__five_station_v0__ean_passenger_journey_time__exact_optimality__optimized_all_stop__all/manifest.json,3264,support_or_manifest,0
benchmarks/output/mip_start_comparison_20260715/results/20260715T144729Z__five_station_v0__ean_passenger_journey_time__exact_optimality__greedy_all_stop__all.json,5503,result_or_diagnostic,1
benchmarks/output/mip_start_comparison_20260715/results/20260715T145243Z__five_station_v0__ean_passenger_journey_time__exact_optimality__optimized_all_stop__all.json,5524,result_or_diagnostic,1
benchmarks/output/mip_start_smoke/artifacts/20260715T144652Z__five_station_v0__ean_passenger_journey_time__exact_optimality__optimized_all_stop__all/five_station_v0/discrete_dt_0p5.json,2747959,support_or_manifest,0
benchmarks/output/mip_start_smoke/artifacts/20260715T144652Z__five_station_v0__ean_passenger_journey_time__exact_optimality__optimized_all_stop__all/five_station_v0/ean_build_artifact.json,72494280,large_support_artifact_not_loaded,
benchmarks/output/mip_start_smoke/artifacts/20260715T144652Z__five_station_v0__ean_passenger_journey_time__exact_optimality__optimized_all_stop__all/five_station_v0/ean_passenger_service_journey_time.json,644178,result_or_diagnostic,1
benchmarks/output/mip_start_smoke/artifacts/20260715T144652Z__five_station_v0__ean_passenger_journey_time__exact_optimality__optimized_all_stop__all/five_station_v0/ean_passenger_service_journey_time_movement_plan.json,485121,support_or_manifest,0
benchmarks/output/mip_start_smoke/artifacts/20260715T144652Z__five_station_v0__ean_passenger_journey_time__exact_optimality__optimized_all_stop__all/five_station_v0/ean_passenger_service_journey_time_physical_replay.json,1100068,support_or_manifest,0
benchmarks/output/mip_start_smoke/artifacts/20260715T144652Z__five_station_v0__ean_passenger_journey_time__exact_optimality__optimized_all_stop__all/five_station_v0/scenario.json,32560,support_or_manifest,0
benchmarks/output/mip_start_smoke/artifacts/20260715T144652Z__five_station_v0__ean_passenger_journey_time__exact_optimality__optimized_all_stop__all/manifest.json,3264,support_or_manifest,0
benchmarks/output/mip_start_smoke/results/20260715T144652Z__five_station_v0__ean_passenger_journey_time__exact_optimality__optimized_all_stop__all.json,4498,result_or_diagnostic,1
benchmarks/output/oip_mip_start_comparison_20260720/artifacts/20260720T165044Z__three_station_optimized_initial_placement_v0__ean_passenger_journey_time__exact_optimality__none__all/three_station_optimized_initial_placement_v0/discrete_dt_0p5.json,1391599,support_or_manifest,0
benchmarks/output/oip_mip_start_comparison_20260720/artifacts/20260720T165044Z__three_station_optimized_initial_placement_v0__ean_passenger_journey_time__exact_optimality__none__all/three_station_optimized_initial_placement_v0/ean_build_artifact.json,2217838,support_or_manifest,0
benchmarks/output/oip_mip_start_comparison_20260720/artifacts/20260720T165044Z__three_station_optimized_initial_placement_v0__ean_passenger_journey_time__exact_optimality__none__all/three_station_optimized_initial_placement_v0/scenario.json,14549,support_or_manifest,0
benchmarks/output/oip_mip_start_comparison_20260720/artifacts/20260720T165054Z__three_station_optimized_initial_placement_v0__ean_passenger_journey_time__exact_optimality__none__slot_time_relaxation_strengthening/manifest.json,3567,support_or_manifest,0
benchmarks/output/oip_mip_start_comparison_20260720/artifacts/20260720T165054Z__three_station_optimized_initial_placement_v0__ean_passenger_journey_time__exact_optimality__none__slot_time_relaxation_strengthening/three_station_optimized_initial_placement_v0/discrete_dt_0p5.json,1391599,support_or_manifest,0
benchmarks/output/oip_mip_start_comparison_20260720/artifacts/20260720T165054Z__three_station_optimized_initial_placement_v0__ean_passenger_journey_time__exact_optimality__none__slot_time_relaxation_strengthening/three_station_optimized_initial_placement_v0/ean_build_artifact.json,2217838,support_or_manifest,0
benchmarks/output/oip_mip_start_comparison_20260720/artifacts/20260720T165054Z__three_station_optimized_initial_placement_v0__ean_passenger_journey_time__exact_optimality__none__slot_time_relaxation_strengthening/three_station_optimized_initial_placement_v0/ean_passenger_service_journey_time.json,95472,result_or_diagnostic,1
benchmarks/output/oip_mip_start_comparison_20260720/artifacts/20260720T165054Z__three_station_optimized_initial_placement_v0__ean_passenger_journey_time__exact_optimality__none__slot_time_relaxation_strengthening/three_station_optimized_initial_placement_v0/ean_passenger_service_journey_time_movement_plan.json,45575,support_or_manifest,0
benchmarks/output/oip_mip_start_comparison_20260720/artifacts/20260720T165054Z__three_station_optimized_initial_placement_v0__ean_passenger_journey_time__exact_optimality__none__slot_time_relaxation_strengthening/three_station_optimized_initial_placement_v0/ean_passenger_service_journey_time_physical_replay.json,140187,support_or_manifest,0
benchmarks/output/oip_mip_start_comparison_20260720/artifacts/20260720T165054Z__three_station_optimized_initial_placement_v0__ean_passenger_journey_time__exact_optimality__none__slot_time_relaxation_strengthening/three_station_optimized_initial_placement_v0/scenario.json,14549,support_or_manifest,0
benchmarks/output/oip_mip_start_comparison_20260720/artifacts/20260720T165600Z__three_station_optimized_initial_placement_v0__ean_passenger_journey_time__exact_optimality__greedy_all_stop__slot_time_relaxation_strengthening/manifest.json,3567,support_or_manifest,0
benchmarks/output/oip_mip_start_comparison_20260720/artifacts/20260720T165600Z__three_station_optimized_initial_placement_v0__ean_passenger_journey_time__exact_optimality__greedy_all_stop__slot_time_relaxation_strengthening/three_station_optimized_initial_placement_v0/discrete_dt_0p5.json,1391599,support_or_manifest,0
benchmarks/output/oip_mip_start_comparison_20260720/artifacts/20260720T165600Z__three_station_optimized_initial_placement_v0__ean_passenger_journey_time__exact_optimality__greedy_all_stop__slot_time_relaxation_strengthening/three_station_optimized_initial_placement_v0/ean_build_artifact.json,2217838,support_or_manifest,0
benchmarks/output/oip_mip_start_comparison_20260720/artifacts/20260720T165600Z__three_station_optimized_initial_placement_v0__ean_passenger_journey_time__exact_optimality__greedy_all_stop__slot_time_relaxation_strengthening/three_station_optimized_initial_placement_v0/ean_passenger_service_journey_time.json,86573,result_or_diagnostic,1
benchmarks/output/oip_mip_start_comparison_20260720/artifacts/20260720T165600Z__three_station_optimized_initial_placement_v0__ean_passenger_journey_time__exact_optimality__greedy_all_stop__slot_time_relaxation_strengthening/three_station_optimized_initial_placement_v0/ean_passenger_service_journey_time_movement_plan.json,45317,support_or_manifest,0
benchmarks/output/oip_mip_start_comparison_20260720/artifacts/20260720T165600Z__three_station_optimized_initial_placement_v0__ean_passenger_journey_time__exact_optimality__greedy_all_stop__slot_time_relaxation_strengthening/three_station_optimized_initial_placement_v0/ean_passenger_service_journey_time_physical_replay.json,140288,support_or_manifest,0
benchmarks/output/oip_mip_start_comparison_20260720/artifacts/20260720T165600Z__three_station_optimized_initial_placement_v0__ean_passenger_journey_time__exact_optimality__greedy_all_stop__slot_time_relaxation_strengthening/three_station_optimized_initial_placement_v0/scenario.json,14549,support_or_manifest,0
benchmarks/output/oip_mip_start_comparison_20260720/artifacts/20260720T170106Z__three_station_optimized_initial_placement_v0__ean_passenger_journey_time__exact_optimality__optimized_all_stop__slot_time_relaxation_strengthening/manifest.json,3567,support_or_manifest,0
benchmarks/output/oip_mip_start_comparison_20260720/artifacts/20260720T170106Z__three_station_optimized_initial_placement_v0__ean_passenger_journey_time__exact_optimality__optimized_all_stop__slot_time_relaxation_strengthening/three_station_optimized_initial_placement_v0/discrete_dt_0p5.json,1391599,support_or_manifest,0
benchmarks/output/oip_mip_start_comparison_20260720/artifacts/20260720T170106Z__three_station_optimized_initial_placement_v0__ean_passenger_journey_time__exact_optimality__optimized_all_stop__slot_time_relaxation_strengthening/three_station_optimized_initial_placement_v0/ean_build_artifact.json,2217838,support_or_manifest,0
benchmarks/output/oip_mip_start_comparison_20260720/artifacts/20260720T170106Z__three_station_optimized_initial_placement_v0__ean_passenger_journey_time__exact_optimality__optimized_all_stop__slot_time_relaxation_strengthening/three_station_optimized_initial_placement_v0/ean_passenger_service_journey_time.json,84595,result_or_diagnostic,1
benchmarks/output/oip_mip_start_comparison_20260720/artifacts/20260720T170106Z__three_station_optimized_initial_placement_v0__ean_passenger_journey_time__exact_optimality__optimized_all_stop__slot_time_relaxation_strengthening/three_station_optimized_initial_placement_v0/ean_passenger_service_journey_time_movement_plan.json,44839,support_or_manifest,0
benchmarks/output/oip_mip_start_comparison_20260720/artifacts/20260720T170106Z__three_station_optimized_initial_placement_v0__ean_passenger_journey_time__exact_optimality__optimized_all_stop__slot_time_relaxation_strengthening/three_station_optimized_initial_placement_v0/ean_passenger_service_journey_time_physical_replay.json,140998,support_or_manifest,0
benchmarks/output/oip_mip_start_comparison_20260720/artifacts/20260720T170106Z__three_station_optimized_initial_placement_v0__ean_passenger_journey_time__exact_optimality__optimized_all_stop__slot_time_relaxation_strengthening/three_station_optimized_initial_placement_v0/scenario.json,14549,support_or_manifest,0
benchmarks/output/oip_mip_start_comparison_20260720/artifacts/20260720T170644Z__five_station_optimized_initial_placement_no_skip_no_wait_v0__ean_passenger_journey_time__exact_optimality__none__slot_time_relaxation_strengthening/five_station_optimized_initial_placement_no_skip_no_wait_v0/discrete_dt_0p5.json,1692031,support_or_manifest,0
benchmarks/output/oip_mip_start_comparison_20260720/artifacts/20260720T170644Z__five_station_optimized_initial_placement_no_skip_no_wait_v0__ean_passenger_journey_time__exact_optimality__none__slot_time_relaxation_strengthening/five_station_optimized_initial_placement_no_skip_no_wait_v0/ean_build_artifact.json,4355158,support_or_manifest,0
benchmarks/output/oip_mip_start_comparison_20260720/artifacts/20260720T170644Z__five_station_optimized_initial_placement_no_skip_no_wait_v0__ean_passenger_journey_time__exact_optimality__none__slot_time_relaxation_strengthening/five_station_optimized_initial_placement_no_skip_no_wait_v0/ean_passenger_service_journey_time.json,181253,result_or_diagnostic,1
benchmarks/output/oip_mip_start_comparison_20260720/artifacts/20260720T170644Z__five_station_optimized_initial_placement_no_skip_no_wait_v0__ean_passenger_journey_time__exact_optimality__none__slot_time_relaxation_strengthening/five_station_optimized_initial_placement_no_skip_no_wait_v0/ean_passenger_service_journey_time_movement_plan.json,89868,support_or_manifest,0
benchmarks/output/oip_mip_start_comparison_20260720/artifacts/20260720T170644Z__five_station_optimized_initial_placement_no_skip_no_wait_v0__ean_passenger_journey_time__exact_optimality__none__slot_time_relaxation_strengthening/five_station_optimized_initial_placement_no_skip_no_wait_v0/ean_passenger_service_journey_time_physical_replay.json,277485,support_or_manifest,0
benchmarks/output/oip_mip_start_comparison_20260720/artifacts/20260720T170644Z__five_station_optimized_initial_placement_no_skip_no_wait_v0__ean_passenger_journey_time__exact_optimality__none__slot_time_relaxation_strengthening/five_station_optimized_initial_placement_no_skip_no_wait_v0/scenario.json,22789,support_or_manifest,0
benchmarks/output/oip_mip_start_comparison_20260720/artifacts/20260720T170644Z__five_station_optimized_initial_placement_no_skip_no_wait_v0__ean_passenger_journey_time__exact_optimality__none__slot_time_relaxation_strengthening/manifest.json,3872,support_or_manifest,0
benchmarks/output/oip_mip_start_comparison_20260720/artifacts/20260720T171158Z__five_station_optimized_initial_placement_no_skip_no_wait_v0__ean_passenger_journey_time__exact_optimality__greedy_all_stop__slot_time_relaxation_strengthening/five_station_optimized_initial_placement_no_skip_no_wait_v0/discrete_dt_0p5.json,1692031,support_or_manifest,0
benchmarks/output/oip_mip_start_comparison_20260720/artifacts/20260720T171158Z__five_station_optimized_initial_placement_no_skip_no_wait_v0__ean_passenger_journey_time__exact_optimality__greedy_all_stop__slot_time_relaxation_strengthening/five_station_optimized_initial_placement_no_skip_no_wait_v0/ean_build_artifact.json,4355158,support_or_manifest,0
benchmarks/output/oip_mip_start_comparison_20260720/artifacts/20260720T171158Z__five_station_optimized_initial_placement_no_skip_no_wait_v0__ean_passenger_journey_time__exact_optimality__greedy_all_stop__slot_time_relaxation_strengthening/five_station_optimized_initial_placement_no_skip_no_wait_v0/ean_passenger_service_journey_time.json,190961,result_or_diagnostic,1
benchmarks/output/oip_mip_start_comparison_20260720/artifacts/20260720T171158Z__five_station_optimized_initial_placement_no_skip_no_wait_v0__ean_passenger_journey_time__exact_optimality__greedy_all_stop__slot_time_relaxation_strengthening/five_station_optimized_initial_placement_no_skip_no_wait_v0/ean_passenger_service_journey_time_movement_plan.json,89810,support_or_manifest,0
benchmarks/output/oip_mip_start_comparison_20260720/artifacts/20260720T171158Z__five_station_optimized_initial_placement_no_skip_no_wait_v0__ean_passenger_journey_time__exact_optimality__greedy_all_stop__slot_time_relaxation_strengthening/five_station_optimized_initial_placement_no_skip_no_wait_v0/ean_passenger_service_journey_time_physical_replay.json,277739,support_or_manifest,0
benchmarks/output/oip_mip_start_comparison_20260720/artifacts/20260720T171158Z__five_station_optimized_initial_placement_no_skip_no_wait_v0__ean_passenger_journey_time__exact_optimality__greedy_all_stop__slot_time_relaxation_strengthening/five_station_optimized_initial_placement_no_skip_no_wait_v0/scenario.json,22789,support_or_manifest,0
benchmarks/output/oip_mip_start_comparison_20260720/artifacts/20260720T171158Z__five_station_optimized_initial_placement_no_skip_no_wait_v0__ean_passenger_journey_time__exact_optimality__greedy_all_stop__slot_time_relaxation_strengthening/manifest.json,3872,support_or_manifest,0
benchmarks/output/oip_mip_start_comparison_20260720/artifacts/20260720T171709Z__five_station_optimized_initial_placement_no_skip_no_wait_v0__ean_passenger_journey_time__exact_optimality__optimized_all_stop__slot_time_relaxation_strengthening/five_station_optimized_initial_placement_no_skip_no_wait_v0/discrete_dt_0p5.json,1692031,support_or_manifest,0
benchmarks/output/oip_mip_start_comparison_20260720/artifacts/20260720T171709Z__five_station_optimized_initial_placement_no_skip_no_wait_v0__ean_passenger_journey_time__exact_optimality__optimized_all_stop__slot_time_relaxation_strengthening/five_station_optimized_initial_placement_no_skip_no_wait_v0/ean_build_artifact.json,4355158,support_or_manifest,0
benchmarks/output/oip_mip_start_comparison_20260720/artifacts/20260720T171709Z__five_station_optimized_initial_placement_no_skip_no_wait_v0__ean_passenger_journey_time__exact_optimality__optimized_all_stop__slot_time_relaxation_strengthening/five_station_optimized_initial_placement_no_skip_no_wait_v0/ean_passenger_service_journey_time.json,190955,result_or_diagnostic,1
benchmarks/output/oip_mip_start_comparison_20260720/artifacts/20260720T171709Z__five_station_optimized_initial_placement_no_skip_no_wait_v0__ean_passenger_journey_time__exact_optimality__optimized_all_stop__slot_time_relaxation_strengthening/five_station_optimized_initial_placement_no_skip_no_wait_v0/ean_passenger_service_journey_time_movement_plan.json,89810,support_or_manifest,0
benchmarks/output/oip_mip_start_comparison_20260720/artifacts/20260720T171709Z__five_station_optimized_initial_placement_no_skip_no_wait_v0__ean_passenger_journey_time__exact_optimality__optimized_all_stop__slot_time_relaxation_strengthening/five_station_optimized_initial_placement_no_skip_no_wait_v0/ean_passenger_service_journey_time_physical_replay.json,277739,support_or_manifest,0
benchmarks/output/oip_mip_start_comparison_20260720/artifacts/20260720T171709Z__five_station_optimized_initial_placement_no_skip_no_wait_v0__ean_passenger_journey_time__exact_optimality__optimized_all_stop__slot_time_relaxation_strengthening/five_station_optimized_initial_placement_no_skip_no_wait_v0/scenario.json,22789,support_or_manifest,0
benchmarks/output/oip_mip_start_comparison_20260720/artifacts/20260720T171709Z__five_station_optimized_initial_placement_no_skip_no_wait_v0__ean_passenger_journey_time__exact_optimality__optimized_all_stop__slot_time_relaxation_strengthening/manifest.json,3872,support_or_manifest,0
benchmarks/output/oip_mip_start_comparison_20260720/artifacts/20260720T172320Z__five_station_optimized_initial_placement_skip_no_wait_v0__ean_passenger_journey_time__exact_optimality__none__slot_time_relaxation_strengthening/five_station_optimized_initial_placement_skip_no_wait_v0/discrete_dt_0p5.json,1696520,support_or_manifest,0
benchmarks/output/oip_mip_start_comparison_20260720/artifacts/20260720T172320Z__five_station_optimized_initial_placement_skip_no_wait_v0__ean_passenger_journey_time__exact_optimality__none__slot_time_relaxation_strengthening/five_station_optimized_initial_placement_skip_no_wait_v0/ean_build_artifact.json,9260242,support_or_manifest,0
benchmarks/output/oip_mip_start_comparison_20260720/artifacts/20260720T172320Z__five_station_optimized_initial_placement_skip_no_wait_v0__ean_passenger_journey_time__exact_optimality__none__slot_time_relaxation_strengthening/five_station_optimized_initial_placement_skip_no_wait_v0/ean_passenger_service_journey_time.json,5292,result_or_diagnostic,1
benchmarks/output/oip_mip_start_comparison_20260720/artifacts/20260720T172320Z__five_station_optimized_initial_placement_skip_no_wait_v0__ean_passenger_journey_time__exact_optimality__none__slot_time_relaxation_strengthening/five_station_optimized_initial_placement_skip_no_wait_v0/ean_passenger_service_journey_time_movement_plan.json,693,support_or_manifest,0
benchmarks/output/oip_mip_start_comparison_20260720/artifacts/20260720T172320Z__five_station_optimized_initial_placement_skip_no_wait_v0__ean_passenger_journey_time__exact_optimality__none__slot_time_relaxation_strengthening/five_station_optimized_initial_placement_skip_no_wait_v0/ean_passenger_service_journey_time_physical_replay.json,156,support_or_manifest,0
benchmarks/output/oip_mip_start_comparison_20260720/artifacts/20260720T172320Z__five_station_optimized_initial_placement_skip_no_wait_v0__ean_passenger_journey_time__exact_optimality__none__slot_time_relaxation_strengthening/five_station_optimized_initial_placement_skip_no_wait_v0/scenario.json,23931,support_or_manifest,0
benchmarks/output/oip_mip_start_comparison_20260720/artifacts/20260720T172320Z__five_station_optimized_initial_placement_skip_no_wait_v0__ean_passenger_journey_time__exact_optimality__none__slot_time_relaxation_strengthening/manifest.json,3831,support_or_manifest,0
benchmarks/output/oip_mip_start_comparison_20260720/artifacts/20260720T172838Z__five_station_optimized_initial_placement_skip_no_wait_v0__ean_passenger_journey_time__exact_optimality__greedy_all_stop__slot_time_relaxation_strengthening/five_station_optimized_initial_placement_skip_no_wait_v0/discrete_dt_0p5.json,1696520,support_or_manifest,0
benchmarks/output/oip_mip_start_comparison_20260720/artifacts/20260720T172838Z__five_station_optimized_initial_placement_skip_no_wait_v0__ean_passenger_journey_time__exact_optimality__greedy_all_stop__slot_time_relaxation_strengthening/five_station_optimized_initial_placement_skip_no_wait_v0/ean_build_artifact.json,9260242,support_or_manifest,0
benchmarks/output/oip_mip_start_comparison_20260720/artifacts/20260720T172838Z__five_station_optimized_initial_placement_skip_no_wait_v0__ean_passenger_journey_time__exact_optimality__greedy_all_stop__slot_time_relaxation_strengthening/five_station_optimized_initial_placement_skip_no_wait_v0/ean_passenger_service_journey_time.json,5640,result_or_diagnostic,1
benchmarks/output/oip_mip_start_comparison_20260720/artifacts/20260720T172838Z__five_station_optimized_initial_placement_skip_no_wait_v0__ean_passenger_journey_time__exact_optimality__greedy_all_stop__slot_time_relaxation_strengthening/five_station_optimized_initial_placement_skip_no_wait_v0/ean_passenger_service_journey_time_movement_plan.json,693,support_or_manifest,0
benchmarks/output/oip_mip_start_comparison_20260720/artifacts/20260720T172838Z__five_station_optimized_initial_placement_skip_no_wait_v0__ean_passenger_journey_time__exact_optimality__greedy_all_stop__slot_time_relaxation_strengthening/five_station_optimized_initial_placement_skip_no_wait_v0/ean_passenger_service_journey_time_physical_replay.json,156,support_or_manifest,0
benchmarks/output/oip_mip_start_comparison_20260720/artifacts/20260720T172838Z__five_station_optimized_initial_placement_skip_no_wait_v0__ean_passenger_journey_time__exact_optimality__greedy_all_stop__slot_time_relaxation_strengthening/five_station_optimized_initial_placement_skip_no_wait_v0/scenario.json,23931,support_or_manifest,0
benchmarks/output/oip_mip_start_comparison_20260720/artifacts/20260720T172838Z__five_station_optimized_initial_placement_skip_no_wait_v0__ean_passenger_journey_time__exact_optimality__greedy_all_stop__slot_time_relaxation_strengthening/manifest.json,3831,support_or_manifest,0
benchmarks/output/oip_mip_start_comparison_20260720/artifacts/20260720T173347Z__five_station_optimized_initial_placement_skip_no_wait_v0__ean_passenger_journey_time__exact_optimality__optimized_all_stop__slot_time_relaxation_strengthening/five_station_optimized_initial_placement_skip_no_wait_v0/discrete_dt_0p5.json,1696520,support_or_manifest,0
benchmarks/output/oip_mip_start_comparison_20260720/artifacts/20260720T173347Z__five_station_optimized_initial_placement_skip_no_wait_v0__ean_passenger_journey_time__exact_optimality__optimized_all_stop__slot_time_relaxation_strengthening/five_station_optimized_initial_placement_skip_no_wait_v0/ean_build_artifact.json,9260242,support_or_manifest,0
benchmarks/output/oip_mip_start_comparison_20260720/artifacts/20260720T173347Z__five_station_optimized_initial_placement_skip_no_wait_v0__ean_passenger_journey_time__exact_optimality__optimized_all_stop__slot_time_relaxation_strengthening/five_station_optimized_initial_placement_skip_no_wait_v0/ean_passenger_service_journey_time.json,5652,result_or_diagnostic,1
benchmarks/output/oip_mip_start_comparison_20260720/artifacts/20260720T173347Z__five_station_optimized_initial_placement_skip_no_wait_v0__ean_passenger_journey_time__exact_optimality__optimized_all_stop__slot_time_relaxation_strengthening/five_station_optimized_initial_placement_skip_no_wait_v0/ean_passenger_service_journey_time_movement_plan.json,693,support_or_manifest,0
benchmarks/output/oip_mip_start_comparison_20260720/artifacts/20260720T173347Z__five_station_optimized_initial_placement_skip_no_wait_v0__ean_passenger_journey_time__exact_optimality__optimized_all_stop__slot_time_relaxation_strengthening/five_station_optimized_initial_placement_skip_no_wait_v0/ean_passenger_service_journey_time_physical_replay.json,156,support_or_manifest,0
benchmarks/output/oip_mip_start_comparison_20260720/artifacts/20260720T173347Z__five_station_optimized_initial_placement_skip_no_wait_v0__ean_passenger_journey_time__exact_optimality__optimized_all_stop__slot_time_relaxation_strengthening/five_station_optimized_initial_placement_skip_no_wait_v0/scenario.json,23931,support_or_manifest,0
benchmarks/output/oip_mip_start_comparison_20260720/artifacts/20260720T173347Z__five_station_optimized_initial_placement_skip_no_wait_v0__ean_passenger_journey_time__exact_optimality__optimized_all_stop__slot_time_relaxation_strengthening/manifest.json,3831,support_or_manifest,0
benchmarks/output/oip_mip_start_comparison_20260720/results/20260720T165054Z__three_station_optimized_initial_placement_v0__ean_passenger_journey_time__exact_optimality__none__slot_time_relaxation_strengthening.json,23127,result_or_diagnostic,1
benchmarks/output/oip_mip_start_comparison_20260720/results/20260720T165600Z__three_station_optimized_initial_placement_v0__ean_passenger_journey_time__exact_optimality__greedy_all_stop__slot_time_relaxation_strengthening.json,15107,result_or_diagnostic,1
benchmarks/output/oip_mip_start_comparison_20260720/results/20260720T170106Z__three_station_optimized_initial_placement_v0__ean_passenger_journey_time__exact_optimality__optimized_all_stop__slot_time_relaxation_strengthening.json,14027,result_or_diagnostic,1
benchmarks/output/oip_mip_start_comparison_20260720/results/20260720T170644Z__five_station_optimized_initial_placement_no_skip_no_wait_v0__ean_passenger_journey_time__exact_optimality__none__slot_time_relaxation_strengthening.json,28319,result_or_diagnostic,1
benchmarks/output/oip_mip_start_comparison_20260720/results/20260720T171158Z__five_station_optimized_initial_placement_no_skip_no_wait_v0__ean_passenger_journey_time__exact_optimality__greedy_all_stop__slot_time_relaxation_strengthening.json,20132,result_or_diagnostic,1
benchmarks/output/oip_mip_start_comparison_20260720/results/20260720T171709Z__five_station_optimized_initial_placement_no_skip_no_wait_v0__ean_passenger_journey_time__exact_optimality__optimized_all_stop__slot_time_relaxation_strengthening.json,20150,result_or_diagnostic,1
benchmarks/output/oip_mip_start_comparison_20260720/results/20260720T172320Z__five_station_optimized_initial_placement_skip_no_wait_v0__ean_passenger_journey_time__exact_optimality__none__slot_time_relaxation_strengthening.json,6104,result_or_diagnostic,1
benchmarks/output/oip_mip_start_comparison_20260720/results/20260720T172838Z__five_station_optimized_initial_placement_skip_no_wait_v0__ean_passenger_journey_time__exact_optimality__greedy_all_stop__slot_time_relaxation_strengthening.json,6520,result_or_diagnostic,1
benchmarks/output/oip_mip_start_comparison_20260720/results/20260720T173347Z__five_station_optimized_initial_placement_skip_no_wait_v0__ean_passenger_journey_time__exact_optimality__optimized_all_stop__slot_time_relaxation_strengthening.json,6556,result_or_diagnostic,1
benchmarks/output/oip_mip_start_comparison_20260720_v2/artifacts/20260720T174337Z__three_station_optimized_initial_placement_v0__ean_passenger_journey_time__exact_optimality__none__slot_time_relaxation_strengthening/manifest.json,3567,support_or_manifest,0
benchmarks/output/oip_mip_start_comparison_20260720_v2/artifacts/20260720T174337Z__three_station_optimized_initial_placement_v0__ean_passenger_journey_time__exact_optimality__none__slot_time_relaxation_strengthening/three_station_optimized_initial_placement_v0/discrete_dt_0p5.json,1391599,support_or_manifest,0
benchmarks/output/oip_mip_start_comparison_20260720_v2/artifacts/20260720T174337Z__three_station_optimized_initial_placement_v0__ean_passenger_journey_time__exact_optimality__none__slot_time_relaxation_strengthening/three_station_optimized_initial_placement_v0/ean_build_artifact.json,2217838,support_or_manifest,0
benchmarks/output/oip_mip_start_comparison_20260720_v2/artifacts/20260720T174337Z__three_station_optimized_initial_placement_v0__ean_passenger_journey_time__exact_optimality__none__slot_time_relaxation_strengthening/three_station_optimized_initial_placement_v0/ean_passenger_service_journey_time.json,87842,result_or_diagnostic,1
benchmarks/output/oip_mip_start_comparison_20260720_v2/artifacts/20260720T174337Z__three_station_optimized_initial_placement_v0__ean_passenger_journey_time__exact_optimality__none__slot_time_relaxation_strengthening/three_station_optimized_initial_placement_v0/ean_passenger_service_journey_time_movement_plan.json,45564,support_or_manifest,0
benchmarks/output/oip_mip_start_comparison_20260720_v2/artifacts/20260720T174337Z__three_station_optimized_initial_placement_v0__ean_passenger_journey_time__exact_optimality__none__slot_time_relaxation_strengthening/three_station_optimized_initial_placement_v0/ean_passenger_service_journey_time_physical_replay.json,139505,support_or_manifest,0
benchmarks/output/oip_mip_start_comparison_20260720_v2/artifacts/20260720T174337Z__three_station_optimized_initial_placement_v0__ean_passenger_journey_time__exact_optimality__none__slot_time_relaxation_strengthening/three_station_optimized_initial_placement_v0/scenario.json,14549,support_or_manifest,0
benchmarks/output/oip_mip_start_comparison_20260720_v2/artifacts/20260720T174838Z__three_station_optimized_initial_placement_v0__ean_passenger_journey_time__exact_optimality__greedy_all_stop__slot_time_relaxation_strengthening/manifest.json,3567,support_or_manifest,0
benchmarks/output/oip_mip_start_comparison_20260720_v2/artifacts/20260720T174838Z__three_station_optimized_initial_placement_v0__ean_passenger_journey_time__exact_optimality__greedy_all_stop__slot_time_relaxation_strengthening/three_station_optimized_initial_placement_v0/discrete_dt_0p5.json,1391599,support_or_manifest,0
benchmarks/output/oip_mip_start_comparison_20260720_v2/artifacts/20260720T174838Z__three_station_optimized_initial_placement_v0__ean_passenger_journey_time__exact_optimality__greedy_all_stop__slot_time_relaxation_strengthening/three_station_optimized_initial_placement_v0/ean_build_artifact.json,2217838,support_or_manifest,0
benchmarks/output/oip_mip_start_comparison_20260720_v2/artifacts/20260720T174838Z__three_station_optimized_initial_placement_v0__ean_passenger_journey_time__exact_optimality__greedy_all_stop__slot_time_relaxation_strengthening/three_station_optimized_initial_placement_v0/ean_passenger_service_journey_time.json,88443,result_or_diagnostic,1
benchmarks/output/oip_mip_start_comparison_20260720_v2/artifacts/20260720T174838Z__three_station_optimized_initial_placement_v0__ean_passenger_journey_time__exact_optimality__greedy_all_stop__slot_time_relaxation_strengthening/three_station_optimized_initial_placement_v0/ean_passenger_service_journey_time_movement_plan.json,45127,support_or_manifest,0
benchmarks/output/oip_mip_start_comparison_20260720_v2/artifacts/20260720T174838Z__three_station_optimized_initial_placement_v0__ean_passenger_journey_time__exact_optimality__greedy_all_stop__slot_time_relaxation_strengthening/three_station_optimized_initial_placement_v0/ean_passenger_service_journey_time_physical_replay.json,141758,support_or_manifest,0
benchmarks/output/oip_mip_start_comparison_20260720_v2/artifacts/20260720T174838Z__three_station_optimized_initial_placement_v0__ean_passenger_journey_time__exact_optimality__greedy_all_stop__slot_time_relaxation_strengthening/three_station_optimized_initial_placement_v0/scenario.json,14549,support_or_manifest,0
benchmarks/output/oip_mip_start_comparison_20260720_v2/artifacts/20260720T175343Z__three_station_optimized_initial_placement_v0__ean_passenger_journey_time__exact_optimality__optimized_all_stop__slot_time_relaxation_strengthening/manifest.json,3567,support_or_manifest,0
benchmarks/output/oip_mip_start_comparison_20260720_v2/artifacts/20260720T175343Z__three_station_optimized_initial_placement_v0__ean_passenger_journey_time__exact_optimality__optimized_all_stop__slot_time_relaxation_strengthening/three_station_optimized_initial_placement_v0/discrete_dt_0p5.json,1391599,support_or_manifest,0
benchmarks/output/oip_mip_start_comparison_20260720_v2/artifacts/20260720T175343Z__three_station_optimized_initial_placement_v0__ean_passenger_journey_time__exact_optimality__optimized_all_stop__slot_time_relaxation_strengthening/three_station_optimized_initial_placement_v0/ean_build_artifact.json,2217838,support_or_manifest,0
benchmarks/output/oip_mip_start_comparison_20260720_v2/artifacts/20260720T175343Z__three_station_optimized_initial_placement_v0__ean_passenger_journey_time__exact_optimality__optimized_all_stop__slot_time_relaxation_strengthening/three_station_optimized_initial_placement_v0/ean_passenger_service_journey_time.json,82290,result_or_diagnostic,1
benchmarks/output/oip_mip_start_comparison_20260720_v2/artifacts/20260720T175343Z__three_station_optimized_initial_placement_v0__ean_passenger_journey_time__exact_optimality__optimized_all_stop__slot_time_relaxation_strengthening/three_station_optimized_initial_placement_v0/ean_passenger_service_journey_time_movement_plan.json,44839,support_or_manifest,0
benchmarks/output/oip_mip_start_comparison_20260720_v2/artifacts/20260720T175343Z__three_station_optimized_initial_placement_v0__ean_passenger_journey_time__exact_optimality__optimized_all_stop__slot_time_relaxation_strengthening/three_station_optimized_initial_placement_v0/ean_passenger_service_journey_time_physical_replay.json,140998,support_or_manifest,0
benchmarks/output/oip_mip_start_comparison_20260720_v2/artifacts/20260720T175343Z__three_station_optimized_initial_placement_v0__ean_passenger_journey_time__exact_optimality__optimized_all_stop__slot_time_relaxation_strengthening/three_station_optimized_initial_placement_v0/scenario.json,14549,support_or_manifest,0
benchmarks/output/oip_mip_start_comparison_20260720_v2/artifacts/20260720T175845Z__five_station_optimized_initial_placement_no_skip_no_wait_v0__ean_passenger_journey_time__exact_optimality__none__slot_time_relaxation_strengthening/five_station_optimized_initial_placement_no_skip_no_wait_v0/discrete_dt_0p5.json,1692031,support_or_manifest,0
benchmarks/output/oip_mip_start_comparison_20260720_v2/artifacts/20260720T175845Z__five_station_optimized_initial_placement_no_skip_no_wait_v0__ean_passenger_journey_time__exact_optimality__none__slot_time_relaxation_strengthening/five_station_optimized_initial_placement_no_skip_no_wait_v0/ean_build_artifact.json,4355158,support_or_manifest,0
benchmarks/output/oip_mip_start_comparison_20260720_v2/artifacts/20260720T175845Z__five_station_optimized_initial_placement_no_skip_no_wait_v0__ean_passenger_journey_time__exact_optimality__none__slot_time_relaxation_strengthening/five_station_optimized_initial_placement_no_skip_no_wait_v0/ean_passenger_service_journey_time.json,187283,result_or_diagnostic,1
benchmarks/output/oip_mip_start_comparison_20260720_v2/artifacts/20260720T175845Z__five_station_optimized_initial_placement_no_skip_no_wait_v0__ean_passenger_journey_time__exact_optimality__none__slot_time_relaxation_strengthening/five_station_optimized_initial_placement_no_skip_no_wait_v0/ean_passenger_service_journey_time_movement_plan.json,90059,support_or_manifest,0
benchmarks/output/oip_mip_start_comparison_20260720_v2/artifacts/20260720T175845Z__five_station_optimized_initial_placement_no_skip_no_wait_v0__ean_passenger_journey_time__exact_optimality__none__slot_time_relaxation_strengthening/five_station_optimized_initial_placement_no_skip_no_wait_v0/ean_passenger_service_journey_time_physical_replay.json,278018,support_or_manifest,0
benchmarks/output/oip_mip_start_comparison_20260720_v2/artifacts/20260720T175845Z__five_station_optimized_initial_placement_no_skip_no_wait_v0__ean_passenger_journey_time__exact_optimality__none__slot_time_relaxation_strengthening/five_station_optimized_initial_placement_no_skip_no_wait_v0/scenario.json,22789,support_or_manifest,0
benchmarks/output/oip_mip_start_comparison_20260720_v2/artifacts/20260720T175845Z__five_station_optimized_initial_placement_no_skip_no_wait_v0__ean_passenger_journey_time__exact_optimality__none__slot_time_relaxation_strengthening/manifest.json,3872,support_or_manifest,0
benchmarks/output/oip_mip_start_comparison_20260720_v2/artifacts/20260720T180348Z__five_station_optimized_initial_placement_no_skip_no_wait_v0__ean_passenger_journey_time__exact_optimality__greedy_all_stop__slot_time_relaxation_strengthening/five_station_optimized_initial_placement_no_skip_no_wait_v0/discrete_dt_0p5.json,1692031,support_or_manifest,0
benchmarks/output/oip_mip_start_comparison_20260720_v2/artifacts/20260720T180348Z__five_station_optimized_initial_placement_no_skip_no_wait_v0__ean_passenger_journey_time__exact_optimality__greedy_all_stop__slot_time_relaxation_strengthening/five_station_optimized_initial_placement_no_skip_no_wait_v0/ean_build_artifact.json,4355158,support_or_manifest,0
benchmarks/output/oip_mip_start_comparison_20260720_v2/artifacts/20260720T180348Z__five_station_optimized_initial_placement_no_skip_no_wait_v0__ean_passenger_journey_time__exact_optimality__greedy_all_stop__slot_time_relaxation_strengthening/five_station_optimized_initial_placement_no_skip_no_wait_v0/ean_passenger_service_journey_time.json,189221,result_or_diagnostic,1
benchmarks/output/oip_mip_start_comparison_20260720_v2/artifacts/20260720T180348Z__five_station_optimized_initial_placement_no_skip_no_wait_v0__ean_passenger_journey_time__exact_optimality__greedy_all_stop__slot_time_relaxation_strengthening/five_station_optimized_initial_placement_no_skip_no_wait_v0/ean_passenger_service_journey_time_movement_plan.json,90357,support_or_manifest,0
benchmarks/output/oip_mip_start_comparison_20260720_v2/artifacts/20260720T180348Z__five_station_optimized_initial_placement_no_skip_no_wait_v0__ean_passenger_journey_time__exact_optimality__greedy_all_stop__slot_time_relaxation_strengthening/five_station_optimized_initial_placement_no_skip_no_wait_v0/ean_passenger_service_journey_time_physical_replay.json,277991,support_or_manifest,0
benchmarks/output/oip_mip_start_comparison_20260720_v2/artifacts/20260720T180348Z__five_station_optimized_initial_placement_no_skip_no_wait_v0__ean_passenger_journey_time__exact_optimality__greedy_all_stop__slot_time_relaxation_strengthening/five_station_optimized_initial_placement_no_skip_no_wait_v0/scenario.json,22789,support_or_manifest,0
benchmarks/output/oip_mip_start_comparison_20260720_v2/artifacts/20260720T180348Z__five_station_optimized_initial_placement_no_skip_no_wait_v0__ean_passenger_journey_time__exact_optimality__greedy_all_stop__slot_time_relaxation_strengthening/manifest.json,3872,support_or_manifest,0
benchmarks/output/oip_mip_start_comparison_20260720_v2/artifacts/20260720T180850Z__five_station_optimized_initial_placement_no_skip_no_wait_v0__ean_passenger_journey_time__exact_optimality__optimized_all_stop__slot_time_relaxation_strengthening/five_station_optimized_initial_placement_no_skip_no_wait_v0/discrete_dt_0p5.json,1692031,support_or_manifest,0
benchmarks/output/oip_mip_start_comparison_20260720_v2/artifacts/20260720T180850Z__five_station_optimized_initial_placement_no_skip_no_wait_v0__ean_passenger_journey_time__exact_optimality__optimized_all_stop__slot_time_relaxation_strengthening/five_station_optimized_initial_placement_no_skip_no_wait_v0/ean_build_artifact.json,4355158,support_or_manifest,0
benchmarks/output/oip_mip_start_comparison_20260720_v2/artifacts/20260720T180850Z__five_station_optimized_initial_placement_no_skip_no_wait_v0__ean_passenger_journey_time__exact_optimality__optimized_all_stop__slot_time_relaxation_strengthening/five_station_optimized_initial_placement_no_skip_no_wait_v0/ean_passenger_service_journey_time.json,183807,result_or_diagnostic,1
benchmarks/output/oip_mip_start_comparison_20260720_v2/artifacts/20260720T180850Z__five_station_optimized_initial_placement_no_skip_no_wait_v0__ean_passenger_journey_time__exact_optimality__optimized_all_stop__slot_time_relaxation_strengthening/five_station_optimized_initial_placement_no_skip_no_wait_v0/ean_passenger_service_journey_time_movement_plan.json,89939,support_or_manifest,0
benchmarks/output/oip_mip_start_comparison_20260720_v2/artifacts/20260720T180850Z__five_station_optimized_initial_placement_no_skip_no_wait_v0__ean_passenger_journey_time__exact_optimality__optimized_all_stop__slot_time_relaxation_strengthening/five_station_optimized_initial_placement_no_skip_no_wait_v0/ean_passenger_service_journey_time_physical_replay.json,278076,support_or_manifest,0
benchmarks/output/oip_mip_start_comparison_20260720_v2/artifacts/20260720T180850Z__five_station_optimized_initial_placement_no_skip_no_wait_v0__ean_passenger_journey_time__exact_optimality__optimized_all_stop__slot_time_relaxation_strengthening/five_station_optimized_initial_placement_no_skip_no_wait_v0/scenario.json,22789,support_or_manifest,0
benchmarks/output/oip_mip_start_comparison_20260720_v2/artifacts/20260720T180850Z__five_station_optimized_initial_placement_no_skip_no_wait_v0__ean_passenger_journey_time__exact_optimality__optimized_all_stop__slot_time_relaxation_strengthening/manifest.json,3872,support_or_manifest,0
benchmarks/output/oip_mip_start_comparison_20260720_v2/artifacts/20260720T181353Z__five_station_optimized_initial_placement_skip_no_wait_v0__ean_passenger_journey_time__exact_optimality__none__slot_time_relaxation_strengthening/five_station_optimized_initial_placement_skip_no_wait_v0/discrete_dt_0p5.json,1696520,support_or_manifest,0
benchmarks/output/oip_mip_start_comparison_20260720_v2/artifacts/20260720T181353Z__five_station_optimized_initial_placement_skip_no_wait_v0__ean_passenger_journey_time__exact_optimality__none__slot_time_relaxation_strengthening/five_station_optimized_initial_placement_skip_no_wait_v0/ean_build_artifact.json,9260242,support_or_manifest,0
benchmarks/output/oip_mip_start_comparison_20260720_v2/artifacts/20260720T181353Z__five_station_optimized_initial_placement_skip_no_wait_v0__ean_passenger_journey_time__exact_optimality__none__slot_time_relaxation_strengthening/five_station_optimized_initial_placement_skip_no_wait_v0/ean_passenger_service_journey_time.json,45025,result_or_diagnostic,1
benchmarks/output/oip_mip_start_comparison_20260720_v2/artifacts/20260720T181353Z__five_station_optimized_initial_placement_skip_no_wait_v0__ean_passenger_journey_time__exact_optimality__none__slot_time_relaxation_strengthening/five_station_optimized_initial_placement_skip_no_wait_v0/ean_passenger_service_journey_time_movement_plan.json,28096,support_or_manifest,0
benchmarks/output/oip_mip_start_comparison_20260720_v2/artifacts/20260720T181353Z__five_station_optimized_initial_placement_skip_no_wait_v0__ean_passenger_journey_time__exact_optimality__none__slot_time_relaxation_strengthening/five_station_optimized_initial_placement_skip_no_wait_v0/ean_passenger_service_journey_time_physical_replay.json,66397,support_or_manifest,0
benchmarks/output/oip_mip_start_comparison_20260720_v2/artifacts/20260720T181353Z__five_station_optimized_initial_placement_skip_no_wait_v0__ean_passenger_journey_time__exact_optimality__none__slot_time_relaxation_strengthening/five_station_optimized_initial_placement_skip_no_wait_v0/scenario.json,23931,support_or_manifest,0
benchmarks/output/oip_mip_start_comparison_20260720_v2/artifacts/20260720T181353Z__five_station_optimized_initial_placement_skip_no_wait_v0__ean_passenger_journey_time__exact_optimality__none__slot_time_relaxation_strengthening/manifest.json,3831,support_or_manifest,0
benchmarks/output/oip_mip_start_comparison_20260720_v2/artifacts/20260720T181859Z__five_station_optimized_initial_placement_skip_no_wait_v0__ean_passenger_journey_time__exact_optimality__greedy_all_stop__slot_time_relaxation_strengthening/five_station_optimized_initial_placement_skip_no_wait_v0/discrete_dt_0p5.json,1696520,support_or_manifest,0
benchmarks/output/oip_mip_start_comparison_20260720_v2/artifacts/20260720T181859Z__five_station_optimized_initial_placement_skip_no_wait_v0__ean_passenger_journey_time__exact_optimality__greedy_all_stop__slot_time_relaxation_strengthening/five_station_optimized_initial_placement_skip_no_wait_v0/ean_build_artifact.json,9260242,support_or_manifest,0
benchmarks/output/oip_mip_start_comparison_20260720_v2/artifacts/20260720T181859Z__five_station_optimized_initial_placement_skip_no_wait_v0__ean_passenger_journey_time__exact_optimality__greedy_all_stop__slot_time_relaxation_strengthening/five_station_optimized_initial_placement_skip_no_wait_v0/ean_passenger_service_journey_time.json,130216,result_or_diagnostic,1
benchmarks/output/oip_mip_start_comparison_20260720_v2/artifacts/20260720T181859Z__five_station_optimized_initial_placement_skip_no_wait_v0__ean_passenger_journey_time__exact_optimality__greedy_all_stop__slot_time_relaxation_strengthening/five_station_optimized_initial_placement_skip_no_wait_v0/ean_passenger_service_journey_time_movement_plan.json,90220,support_or_manifest,0
benchmarks/output/oip_mip_start_comparison_20260720_v2/artifacts/20260720T181859Z__five_station_optimized_initial_placement_skip_no_wait_v0__ean_passenger_journey_time__exact_optimality__greedy_all_stop__slot_time_relaxation_strengthening/five_station_optimized_initial_placement_skip_no_wait_v0/ean_passenger_service_journey_time_physical_replay.json,274641,support_or_manifest,0
benchmarks/output/oip_mip_start_comparison_20260720_v2/artifacts/20260720T181859Z__five_station_optimized_initial_placement_skip_no_wait_v0__ean_passenger_journey_time__exact_optimality__greedy_all_stop__slot_time_relaxation_strengthening/five_station_optimized_initial_placement_skip_no_wait_v0/scenario.json,23931,support_or_manifest,0
benchmarks/output/oip_mip_start_comparison_20260720_v2/artifacts/20260720T181859Z__five_station_optimized_initial_placement_skip_no_wait_v0__ean_passenger_journey_time__exact_optimality__greedy_all_stop__slot_time_relaxation_strengthening/manifest.json,3831,support_or_manifest,0
benchmarks/output/oip_mip_start_comparison_20260720_v2/artifacts/20260720T182404Z__five_station_optimized_initial_placement_skip_no_wait_v0__ean_passenger_journey_time__exact_optimality__optimized_all_stop__slot_time_relaxation_strengthening/five_station_optimized_initial_placement_skip_no_wait_v0/discrete_dt_0p5.json,1696520,support_or_manifest,0
benchmarks/output/oip_mip_start_comparison_20260720_v2/artifacts/20260720T182404Z__five_station_optimized_initial_placement_skip_no_wait_v0__ean_passenger_journey_time__exact_optimality__optimized_all_stop__slot_time_relaxation_strengthening/five_station_optimized_initial_placement_skip_no_wait_v0/ean_build_artifact.json,9260242,support_or_manifest,0
benchmarks/output/oip_mip_start_comparison_20260720_v2/artifacts/20260720T182404Z__five_station_optimized_initial_placement_skip_no_wait_v0__ean_passenger_journey_time__exact_optimality__optimized_all_stop__slot_time_relaxation_strengthening/five_station_optimized_initial_placement_skip_no_wait_v0/ean_passenger_service_journey_time.json,134477,result_or_diagnostic,1
benchmarks/output/oip_mip_start_comparison_20260720_v2/artifacts/20260720T182404Z__five_station_optimized_initial_placement_skip_no_wait_v0__ean_passenger_journey_time__exact_optimality__optimized_all_stop__slot_time_relaxation_strengthening/five_station_optimized_initial_placement_skip_no_wait_v0/ean_passenger_service_journey_time_movement_plan.json,88181,support_or_manifest,0
benchmarks/output/oip_mip_start_comparison_20260720_v2/artifacts/20260720T182404Z__five_station_optimized_initial_placement_skip_no_wait_v0__ean_passenger_journey_time__exact_optimality__optimized_all_stop__slot_time_relaxation_strengthening/five_station_optimized_initial_placement_skip_no_wait_v0/ean_passenger_service_journey_time_physical_replay.json,276044,support_or_manifest,0
benchmarks/output/oip_mip_start_comparison_20260720_v2/artifacts/20260720T182404Z__five_station_optimized_initial_placement_skip_no_wait_v0__ean_passenger_journey_time__exact_optimality__optimized_all_stop__slot_time_relaxation_strengthening/five_station_optimized_initial_placement_skip_no_wait_v0/scenario.json,23931,support_or_manifest,0
benchmarks/output/oip_mip_start_comparison_20260720_v2/artifacts/20260720T182404Z__five_station_optimized_initial_placement_skip_no_wait_v0__ean_passenger_journey_time__exact_optimality__optimized_all_stop__slot_time_relaxation_strengthening/manifest.json,3831,support_or_manifest,0
benchmarks/output/oip_mip_start_comparison_20260720_v2/results/20260720T174337Z__three_station_optimized_initial_placement_v0__ean_passenger_journey_time__exact_optimality__none__slot_time_relaxation_strengthening.json,16138,result_or_diagnostic,1
benchmarks/output/oip_mip_start_comparison_20260720_v2/results/20260720T174838Z__three_station_optimized_initial_placement_v0__ean_passenger_journey_time__exact_optimality__greedy_all_stop__slot_time_relaxation_strengthening.json,17140,result_or_diagnostic,1
benchmarks/output/oip_mip_start_comparison_20260720_v2/results/20260720T175343Z__three_station_optimized_initial_placement_v0__ean_passenger_journey_time__exact_optimality__optimized_all_stop__slot_time_relaxation_strengthening.json,11924,result_or_diagnostic,1
benchmarks/output/oip_mip_start_comparison_20260720_v2/results/20260720T175845Z__five_station_optimized_initial_placement_no_skip_no_wait_v0__ean_passenger_journey_time__exact_optimality__none__slot_time_relaxation_strengthening.json,17485,result_or_diagnostic,1
benchmarks/output/oip_mip_start_comparison_20260720_v2/results/20260720T180348Z__five_station_optimized_initial_placement_no_skip_no_wait_v0__ean_passenger_journey_time__exact_optimality__greedy_all_stop__slot_time_relaxation_strengthening.json,24110,result_or_diagnostic,1
benchmarks/output/oip_mip_start_comparison_20260720_v2/results/20260720T180850Z__five_station_optimized_initial_placement_no_skip_no_wait_v0__ean_passenger_journey_time__exact_optimality__optimized_all_stop__slot_time_relaxation_strengthening.json,25703,result_or_diagnostic,1
benchmarks/output/oip_mip_start_comparison_20260720_v2/results/20260720T181353Z__five_station_optimized_initial_placement_skip_no_wait_v0__ean_passenger_journey_time__exact_optimality__none__slot_time_relaxation_strengthening.json,8618,result_or_diagnostic,1
benchmarks/output/oip_mip_start_comparison_20260720_v2/results/20260720T181859Z__five_station_optimized_initial_placement_skip_no_wait_v0__ean_passenger_journey_time__exact_optimality__greedy_all_stop__slot_time_relaxation_strengthening.json,8252,result_or_diagnostic,1
benchmarks/output/oip_mip_start_comparison_20260720_v2/results/20260720T182404Z__five_station_optimized_initial_placement_skip_no_wait_v0__ean_passenger_journey_time__exact_optimality__optimized_all_stop__slot_time_relaxation_strengthening.json,7472,result_or_diagnostic,1
benchmarks/output/oip_mip_start_comparison_20260720_v2/summary.json,6880,result_or_diagnostic,9
benchmarks/output/oip_mip_start_debug/artifacts/20260720T173911Z__five_station_optimized_initial_placement_skip_no_wait_v0__ean_passenger_journey_time__exact_optimality__optimized_all_stop__slot_time_relaxation_strengthening/five_station_optimized_initial_placement_skip_no_wait_v0/discrete_dt_0p5.json,1696520,support_or_manifest,0
benchmarks/output/oip_mip_start_debug/artifacts/20260720T173911Z__five_station_optimized_initial_placement_skip_no_wait_v0__ean_passenger_journey_time__exact_optimality__optimized_all_stop__slot_time_relaxation_strengthening/five_station_optimized_initial_placement_skip_no_wait_v0/ean_build_artifact.json,9260242,support_or_manifest,0
benchmarks/output/oip_mip_start_debug/artifacts/20260720T173911Z__five_station_optimized_initial_placement_skip_no_wait_v0__ean_passenger_journey_time__exact_optimality__optimized_all_stop__slot_time_relaxation_strengthening/five_station_optimized_initial_placement_skip_no_wait_v0/ean_passenger_service_journey_time.json,4783,result_or_diagnostic,1
benchmarks/output/oip_mip_start_debug/artifacts/20260720T173911Z__five_station_optimized_initial_placement_skip_no_wait_v0__ean_passenger_journey_time__exact_optimality__optimized_all_stop__slot_time_relaxation_strengthening/five_station_optimized_initial_placement_skip_no_wait_v0/ean_passenger_service_journey_time_movement_plan.json,693,support_or_manifest,0
benchmarks/output/oip_mip_start_debug/artifacts/20260720T173911Z__five_station_optimized_initial_placement_skip_no_wait_v0__ean_passenger_journey_time__exact_optimality__optimized_all_stop__slot_time_relaxation_strengthening/five_station_optimized_initial_placement_skip_no_wait_v0/ean_passenger_service_journey_time_physical_replay.json,156,support_or_manifest,0
benchmarks/output/oip_mip_start_debug/artifacts/20260720T173911Z__five_station_optimized_initial_placement_skip_no_wait_v0__ean_passenger_journey_time__exact_optimality__optimized_all_stop__slot_time_relaxation_strengthening/five_station_optimized_initial_placement_skip_no_wait_v0/scenario.json,23931,support_or_manifest,0
benchmarks/output/oip_mip_start_debug/artifacts/20260720T173911Z__five_station_optimized_initial_placement_skip_no_wait_v0__ean_passenger_journey_time__exact_optimality__optimized_all_stop__slot_time_relaxation_strengthening/manifest.json,3831,support_or_manifest,0
benchmarks/output/oip_mip_start_debug/results/20260720T173911Z__five_station_optimized_initial_placement_skip_no_wait_v0__ean_passenger_journey_time__exact_optimality__optimized_all_stop__slot_time_relaxation_strengthening.json,5659,result_or_diagnostic,1
benchmarks/output/oip_mip_start_debug_conditional/artifacts/20260720T174311Z__five_station_optimized_initial_placement_skip_no_wait_v0__ean_passenger_journey_time__exact_optimality__optimized_all_stop__slot_time_relaxation_strengthening/five_station_optimized_initial_placement_skip_no_wait_v0/discrete_dt_0p5.json,1696520,support_or_manifest,0
benchmarks/output/oip_mip_start_debug_conditional/artifacts/20260720T174311Z__five_station_optimized_initial_placement_skip_no_wait_v0__ean_passenger_journey_time__exact_optimality__optimized_all_stop__slot_time_relaxation_strengthening/five_station_optimized_initial_placement_skip_no_wait_v0/ean_build_artifact.json,9260242,support_or_manifest,0
benchmarks/output/oip_mip_start_debug_conditional/artifacts/20260720T174311Z__five_station_optimized_initial_placement_skip_no_wait_v0__ean_passenger_journey_time__exact_optimality__optimized_all_stop__slot_time_relaxation_strengthening/five_station_optimized_initial_placement_skip_no_wait_v0/ean_passenger_service_journey_time.json,132737,result_or_diagnostic,1
benchmarks/output/oip_mip_start_debug_conditional/artifacts/20260720T174311Z__five_station_optimized_initial_placement_skip_no_wait_v0__ean_passenger_journey_time__exact_optimality__optimized_all_stop__slot_time_relaxation_strengthening/five_station_optimized_initial_placement_skip_no_wait_v0/ean_passenger_service_journey_time_movement_plan.json,88180,support_or_manifest,0
benchmarks/output/oip_mip_start_debug_conditional/artifacts/20260720T174311Z__five_station_optimized_initial_placement_skip_no_wait_v0__ean_passenger_journey_time__exact_optimality__optimized_all_stop__slot_time_relaxation_strengthening/five_station_optimized_initial_placement_skip_no_wait_v0/ean_passenger_service_journey_time_physical_replay.json,276043,support_or_manifest,0
benchmarks/output/oip_mip_start_debug_conditional/artifacts/20260720T174311Z__five_station_optimized_initial_placement_skip_no_wait_v0__ean_passenger_journey_time__exact_optimality__optimized_all_stop__slot_time_relaxation_strengthening/five_station_optimized_initial_placement_skip_no_wait_v0/scenario.json,23931,support_or_manifest,0
benchmarks/output/oip_mip_start_debug_conditional/artifacts/20260720T174311Z__five_station_optimized_initial_placement_skip_no_wait_v0__ean_passenger_journey_time__exact_optimality__optimized_all_stop__slot_time_relaxation_strengthening/manifest.json,3831,support_or_manifest,0
benchmarks/output/oip_mip_start_debug_conditional/results/20260720T174311Z__five_station_optimized_initial_placement_skip_no_wait_v0__ean_passenger_journey_time__exact_optimality__optimized_all_stop__slot_time_relaxation_strengthening.json,5798,result_or_diagnostic,1
benchmarks/output/oip_mip_start_debug_fixed/artifacts/20260720T174006Z__five_station_optimized_initial_placement_skip_no_wait_v0__ean_passenger_journey_time__exact_optimality__optimized_all_stop__slot_time_relaxation_strengthening/five_station_optimized_initial_placement_skip_no_wait_v0/discrete_dt_0p5.json,1696520,support_or_manifest,0
benchmarks/output/oip_mip_start_debug_fixed/artifacts/20260720T174006Z__five_station_optimized_initial_placement_skip_no_wait_v0__ean_passenger_journey_time__exact_optimality__optimized_all_stop__slot_time_relaxation_strengthening/five_station_optimized_initial_placement_skip_no_wait_v0/ean_build_artifact.json,9260242,support_or_manifest,0
benchmarks/output/oip_mip_start_debug_fixed/artifacts/20260720T174006Z__five_station_optimized_initial_placement_skip_no_wait_v0__ean_passenger_journey_time__exact_optimality__optimized_all_stop__slot_time_relaxation_strengthening/five_station_optimized_initial_placement_skip_no_wait_v0/ean_passenger_service_journey_time.json,4798,result_or_diagnostic,1
benchmarks/output/oip_mip_start_debug_fixed/artifacts/20260720T174006Z__five_station_optimized_initial_placement_skip_no_wait_v0__ean_passenger_journey_time__exact_optimality__optimized_all_stop__slot_time_relaxation_strengthening/five_station_optimized_initial_placement_skip_no_wait_v0/ean_passenger_service_journey_time_movement_plan.json,693,support_or_manifest,0
benchmarks/output/oip_mip_start_debug_fixed/artifacts/20260720T174006Z__five_station_optimized_initial_placement_skip_no_wait_v0__ean_passenger_journey_time__exact_optimality__optimized_all_stop__slot_time_relaxation_strengthening/five_station_optimized_initial_placement_skip_no_wait_v0/ean_passenger_service_journey_time_physical_replay.json,156,support_or_manifest,0
benchmarks/output/oip_mip_start_debug_fixed/artifacts/20260720T174006Z__five_station_optimized_initial_placement_skip_no_wait_v0__ean_passenger_journey_time__exact_optimality__optimized_all_stop__slot_time_relaxation_strengthening/five_station_optimized_initial_placement_skip_no_wait_v0/scenario.json,23931,support_or_manifest,0
benchmarks/output/oip_mip_start_debug_fixed/artifacts/20260720T174006Z__five_station_optimized_initial_placement_skip_no_wait_v0__ean_passenger_journey_time__exact_optimality__optimized_all_stop__slot_time_relaxation_strengthening/manifest.json,3831,support_or_manifest,0
benchmarks/output/oip_mip_start_debug_fixed/results/20260720T174006Z__five_station_optimized_initial_placement_skip_no_wait_v0__ean_passenger_journey_time__exact_optimality__optimized_all_stop__slot_time_relaxation_strengthening.json,5710,result_or_diagnostic,1
benchmarks/output/phase2_unary_slots/smoke/artifacts/20260715T085710Z__three_station_v0__ean_passenger_journey_time__exact_optimality__all/manifest.json,3266,support_or_manifest,0
benchmarks/output/phase2_unary_slots/smoke/artifacts/20260715T085710Z__three_station_v0__ean_passenger_journey_time__exact_optimality__all/three_station_v0/discrete_dt_0p5.json,1391543,support_or_manifest,0
benchmarks/output/phase2_unary_slots/smoke/artifacts/20260715T085710Z__three_station_v0__ean_passenger_journey_time__exact_optimality__all/three_station_v0/ean_build_artifact.json,25071075,support_or_manifest,0
benchmarks/output/phase2_unary_slots/smoke/artifacts/20260715T085710Z__three_station_v0__ean_passenger_journey_time__exact_optimality__all/three_station_v0/ean_passenger_service_journey_time.json,270023,result_or_diagnostic,1
benchmarks/output/phase2_unary_slots/smoke/artifacts/20260715T085710Z__three_station_v0__ean_passenger_journey_time__exact_optimality__all/three_station_v0/ean_passenger_service_journey_time_movement_plan.json,209646,support_or_manifest,0
benchmarks/output/phase2_unary_slots/smoke/artifacts/20260715T085710Z__three_station_v0__ean_passenger_journey_time__exact_optimality__all/three_station_v0/ean_passenger_service_journey_time_physical_replay.json,532347,support_or_manifest,0
benchmarks/output/phase2_unary_slots/smoke/artifacts/20260715T085710Z__three_station_v0__ean_passenger_journey_time__exact_optimality__all/three_station_v0/scenario.json,14521,support_or_manifest,0
benchmarks/output/phase2_unary_slots/smoke/artifacts/20260715T085719Z__three_station_v0__ean_passenger_journey_time__exact_optimality__candidate_horizon_pruning+single_ring_dominated_ride_pruning+slot_time_relaxation_strengthening+slot_activation_first_slot/manifest.json,3266,support_or_manifest,0
benchmarks/output/phase2_unary_slots/smoke/artifacts/20260715T085719Z__three_station_v0__ean_passenger_journey_time__exact_optimality__candidate_horizon_pruning+single_ring_dominated_ride_pruning+slot_time_relaxation_strengthening+slot_activation_first_slot/three_station_v0/discrete_dt_0p5.json,1391543,support_or_manifest,0
benchmarks/output/phase2_unary_slots/smoke/artifacts/20260715T085719Z__three_station_v0__ean_passenger_journey_time__exact_optimality__candidate_horizon_pruning+single_ring_dominated_ride_pruning+slot_time_relaxation_strengthening+slot_activation_first_slot/three_station_v0/ean_build_artifact.json,25071075,support_or_manifest,0
benchmarks/output/phase2_unary_slots/smoke/artifacts/20260715T085719Z__three_station_v0__ean_passenger_journey_time__exact_optimality__candidate_horizon_pruning+single_ring_dominated_ride_pruning+slot_time_relaxation_strengthening+slot_activation_first_slot/three_station_v0/ean_passenger_service_journey_time.json,270265,result_or_diagnostic,1
benchmarks/output/phase2_unary_slots/smoke/artifacts/20260715T085719Z__three_station_v0__ean_passenger_journey_time__exact_optimality__candidate_horizon_pruning+single_ring_dominated_ride_pruning+slot_time_relaxation_strengthening+slot_activation_first_slot/three_station_v0/ean_passenger_service_journey_time_movement_plan.json,209646,support_or_manifest,0
benchmarks/output/phase2_unary_slots/smoke/artifacts/20260715T085719Z__three_station_v0__ean_passenger_journey_time__exact_optimality__candidate_horizon_pruning+single_ring_dominated_ride_pruning+slot_time_relaxation_strengthening+slot_activation_first_slot/three_station_v0/ean_passenger_service_journey_time_physical_replay.json,532347,support_or_manifest,0
benchmarks/output/phase2_unary_slots/smoke/artifacts/20260715T085719Z__three_station_v0__ean_passenger_journey_time__exact_optimality__candidate_horizon_pruning+single_ring_dominated_ride_pruning+slot_time_relaxation_strengthening+slot_activation_first_slot/three_station_v0/scenario.json,14521,support_or_manifest,0
benchmarks/output/phase2_unary_slots/smoke/artifacts/20260715T085733Z__five_station_v0__ean_passenger_journey_time__exact_optimality__all/five_station_v0/discrete_dt_0p5.json,2747959,support_or_manifest,0
benchmarks/output/phase2_unary_slots/smoke/artifacts/20260715T085733Z__five_station_v0__ean_passenger_journey_time__exact_optimality__all/five_station_v0/ean_build_artifact.json,72494280,large_support_artifact_not_loaded,
benchmarks/output/phase2_unary_slots/smoke/artifacts/20260715T085733Z__five_station_v0__ean_passenger_journey_time__exact_optimality__all/five_station_v0/ean_passenger_service_journey_time.json,564597,result_or_diagnostic,1
benchmarks/output/phase2_unary_slots/smoke/artifacts/20260715T085733Z__five_station_v0__ean_passenger_journey_time__exact_optimality__all/five_station_v0/ean_passenger_service_journey_time_movement_plan.json,485121,support_or_manifest,0
benchmarks/output/phase2_unary_slots/smoke/artifacts/20260715T085733Z__five_station_v0__ean_passenger_journey_time__exact_optimality__all/five_station_v0/ean_passenger_service_journey_time_physical_replay.json,1100068,support_or_manifest,0
benchmarks/output/phase2_unary_slots/smoke/artifacts/20260715T085733Z__five_station_v0__ean_passenger_journey_time__exact_optimality__all/five_station_v0/scenario.json,32560,support_or_manifest,0
benchmarks/output/phase2_unary_slots/smoke/artifacts/20260715T085733Z__five_station_v0__ean_passenger_journey_time__exact_optimality__all/manifest.json,3264,support_or_manifest,0
benchmarks/output/phase2_unary_slots/smoke/artifacts/20260715T085754Z__five_station_v0__ean_passenger_journey_time__exact_optimality__candidate_horizon_pruning+single_ring_dominated_ride_pruning+slot_time_relaxation_strengthening+slot_activation_first_slot/five_station_v0/discrete_dt_0p5.json,2747959,support_or_manifest,0
benchmarks/output/phase2_unary_slots/smoke/artifacts/20260715T085754Z__five_station_v0__ean_passenger_journey_time__exact_optimality__candidate_horizon_pruning+single_ring_dominated_ride_pruning+slot_time_relaxation_strengthening+slot_activation_first_slot/five_station_v0/ean_build_artifact.json,72494280,large_support_artifact_not_loaded,
benchmarks/output/phase2_unary_slots/smoke/artifacts/20260715T085754Z__five_station_v0__ean_passenger_journey_time__exact_optimality__candidate_horizon_pruning+single_ring_dominated_ride_pruning+slot_time_relaxation_strengthening+slot_activation_first_slot/five_station_v0/ean_passenger_service_journey_time.json,564838,result_or_diagnostic,1
benchmarks/output/phase2_unary_slots/smoke/artifacts/20260715T085754Z__five_station_v0__ean_passenger_journey_time__exact_optimality__candidate_horizon_pruning+single_ring_dominated_ride_pruning+slot_time_relaxation_strengthening+slot_activation_first_slot/five_station_v0/ean_passenger_service_journey_time_movement_plan.json,485121,support_or_manifest,0
benchmarks/output/phase2_unary_slots/smoke/artifacts/20260715T085754Z__five_station_v0__ean_passenger_journey_time__exact_optimality__candidate_horizon_pruning+single_ring_dominated_ride_pruning+slot_time_relaxation_strengthening+slot_activation_first_slot/five_station_v0/ean_passenger_service_journey_time_physical_replay.json,1100068,support_or_manifest,0
benchmarks/output/phase2_unary_slots/smoke/artifacts/20260715T085754Z__five_station_v0__ean_passenger_journey_time__exact_optimality__candidate_horizon_pruning+single_ring_dominated_ride_pruning+slot_time_relaxation_strengthening+slot_activation_first_slot/five_station_v0/scenario.json,32560,support_or_manifest,0
benchmarks/output/phase2_unary_slots/smoke/artifacts/20260715T085754Z__five_station_v0__ean_passenger_journey_time__exact_optimality__candidate_horizon_pruning+single_ring_dominated_ride_pruning+slot_time_relaxation_strengthening+slot_activation_first_slot/manifest.json,3264,support_or_manifest,0
benchmarks/output/phase2_unary_slots/smoke/results/20260715T085710Z__three_station_v0__ean_passenger_journey_time__exact_optimality__all.json,4212,result_or_diagnostic,1
benchmarks/output/phase2_unary_slots/smoke/results/20260715T085719Z__three_station_v0__ean_passenger_journey_time__exact_optimality__candidate_horizon_pruning+single_ring_dominated_ride_pruning+slot_time_relaxation_strengthening+slot_activation_first_slot.json,5174,result_or_diagnostic,1
benchmarks/output/phase2_unary_slots/smoke/results/20260715T085733Z__five_station_v0__ean_passenger_journey_time__exact_optimality__all.json,4197,result_or_diagnostic,1
benchmarks/output/phase2_unary_slots/smoke/results/20260715T085754Z__five_station_v0__ean_passenger_journey_time__exact_optimality__candidate_horizon_pruning+single_ring_dominated_ride_pruning+slot_time_relaxation_strengthening+slot_activation_first_slot.json,5158,result_or_diagnostic,1
benchmarks/output/phase2_unary_slots/three_station_5min/artifacts/20260715T090956Z__three_station_v0__ean_passenger_journey_time__exact_optimality__all/manifest.json,3266,support_or_manifest,0
benchmarks/output/phase2_unary_slots/three_station_5min/artifacts/20260715T090956Z__three_station_v0__ean_passenger_journey_time__exact_optimality__all/three_station_v0/discrete_dt_0p5.json,1391543,support_or_manifest,0
benchmarks/output/phase2_unary_slots/three_station_5min/artifacts/20260715T090956Z__three_station_v0__ean_passenger_journey_time__exact_optimality__all/three_station_v0/ean_build_artifact.json,25071075,support_or_manifest,0
benchmarks/output/phase2_unary_slots/three_station_5min/artifacts/20260715T090956Z__three_station_v0__ean_passenger_journey_time__exact_optimality__all/three_station_v0/ean_passenger_service_journey_time.json,329755,result_or_diagnostic,1
benchmarks/output/phase2_unary_slots/three_station_5min/artifacts/20260715T090956Z__three_station_v0__ean_passenger_journey_time__exact_optimality__all/three_station_v0/ean_passenger_service_journey_time_movement_plan.json,208540,support_or_manifest,0
benchmarks/output/phase2_unary_slots/three_station_5min/artifacts/20260715T090956Z__three_station_v0__ean_passenger_journey_time__exact_optimality__all/three_station_v0/ean_passenger_service_journey_time_physical_replay.json,533065,support_or_manifest,0
benchmarks/output/phase2_unary_slots/three_station_5min/artifacts/20260715T090956Z__three_station_v0__ean_passenger_journey_time__exact_optimality__all/three_station_v0/scenario.json,14521,support_or_manifest,0
benchmarks/output/phase2_unary_slots/three_station_5min/artifacts/20260715T091506Z__three_station_v0__ean_passenger_journey_time__exact_optimality__candidate_horizon_pruning+single_ring_dominated_ride_pruning+slot_time_relaxation_strengthening+slot_activation_first_slot/manifest.json,3266,support_or_manifest,0
benchmarks/output/phase2_unary_slots/three_station_5min/artifacts/20260715T091506Z__three_station_v0__ean_passenger_journey_time__exact_optimality__candidate_horizon_pruning+single_ring_dominated_ride_pruning+slot_time_relaxation_strengthening+slot_activation_first_slot/three_station_v0/discrete_dt_0p5.json,1391543,support_or_manifest,0
benchmarks/output/phase2_unary_slots/three_station_5min/artifacts/20260715T091506Z__three_station_v0__ean_passenger_journey_time__exact_optimality__candidate_horizon_pruning+single_ring_dominated_ride_pruning+slot_time_relaxation_strengthening+slot_activation_first_slot/three_station_v0/ean_build_artifact.json,25071075,support_or_manifest,0
benchmarks/output/phase2_unary_slots/three_station_5min/artifacts/20260715T091506Z__three_station_v0__ean_passenger_journey_time__exact_optimality__candidate_horizon_pruning+single_ring_dominated_ride_pruning+slot_time_relaxation_strengthening+slot_activation_first_slot/three_station_v0/ean_passenger_service_journey_time.json,335584,result_or_diagnostic,1
benchmarks/output/phase2_unary_slots/three_station_5min/artifacts/20260715T091506Z__three_station_v0__ean_passenger_journey_time__exact_optimality__candidate_horizon_pruning+single_ring_dominated_ride_pruning+slot_time_relaxation_strengthening+slot_activation_first_slot/three_station_v0/ean_passenger_service_journey_time_movement_plan.json,208395,support_or_manifest,0
benchmarks/output/phase2_unary_slots/three_station_5min/artifacts/20260715T091506Z__three_station_v0__ean_passenger_journey_time__exact_optimality__candidate_horizon_pruning+single_ring_dominated_ride_pruning+slot_time_relaxation_strengthening+slot_activation_first_slot/three_station_v0/ean_passenger_service_journey_time_physical_replay.json,535029,support_or_manifest,0
benchmarks/output/phase2_unary_slots/three_station_5min/artifacts/20260715T091506Z__three_station_v0__ean_passenger_journey_time__exact_optimality__candidate_horizon_pruning+single_ring_dominated_ride_pruning+slot_time_relaxation_strengthening+slot_activation_first_slot/three_station_v0/scenario.json,14521,support_or_manifest,0
benchmarks/output/phase2_unary_slots/three_station_5min/artifacts/20260715T092016Z__three_station_v0__ean_passenger_journey_time__exact_optimality__candidate_horizon_pruning+single_ring_dominated_ride_pruning+slot_time_relaxation_strengthening+slot_activation_first_slot/manifest.json,3266,support_or_manifest,0
benchmarks/output/phase2_unary_slots/three_station_5min/artifacts/20260715T092016Z__three_station_v0__ean_passenger_journey_time__exact_optimality__candidate_horizon_pruning+single_ring_dominated_ride_pruning+slot_time_relaxation_strengthening+slot_activation_first_slot/three_station_v0/discrete_dt_0p5.json,1391543,support_or_manifest,0
benchmarks/output/phase2_unary_slots/three_station_5min/artifacts/20260715T092016Z__three_station_v0__ean_passenger_journey_time__exact_optimality__candidate_horizon_pruning+single_ring_dominated_ride_pruning+slot_time_relaxation_strengthening+slot_activation_first_slot/three_station_v0/ean_build_artifact.json,25071075,support_or_manifest,0
benchmarks/output/phase2_unary_slots/three_station_5min/artifacts/20260715T092016Z__three_station_v0__ean_passenger_journey_time__exact_optimality__candidate_horizon_pruning+single_ring_dominated_ride_pruning+slot_time_relaxation_strengthening+slot_activation_first_slot/three_station_v0/ean_passenger_service_journey_time.json,335594,result_or_diagnostic,1
benchmarks/output/phase2_unary_slots/three_station_5min/artifacts/20260715T092016Z__three_station_v0__ean_passenger_journey_time__exact_optimality__candidate_horizon_pruning+single_ring_dominated_ride_pruning+slot_time_relaxation_strengthening+slot_activation_first_slot/three_station_v0/ean_passenger_service_journey_time_movement_plan.json,208395,support_or_manifest,0
benchmarks/output/phase2_unary_slots/three_station_5min/artifacts/20260715T092016Z__three_station_v0__ean_passenger_journey_time__exact_optimality__candidate_horizon_pruning+single_ring_dominated_ride_pruning+slot_time_relaxation_strengthening+slot_activation_first_slot/three_station_v0/ean_passenger_service_journey_time_physical_replay.json,535029,support_or_manifest,0
benchmarks/output/phase2_unary_slots/three_station_5min/artifacts/20260715T092016Z__three_station_v0__ean_passenger_journey_time__exact_optimality__candidate_horizon_pruning+single_ring_dominated_ride_pruning+slot_time_relaxation_strengthening+slot_activation_first_slot/three_station_v0/scenario.json,14521,support_or_manifest,0
benchmarks/output/phase2_unary_slots/three_station_5min/artifacts/20260715T092530Z__three_station_v0__ean_passenger_journey_time__exact_optimality__all/manifest.json,3266,support_or_manifest,0
benchmarks/output/phase2_unary_slots/three_station_5min/artifacts/20260715T092530Z__three_station_v0__ean_passenger_journey_time__exact_optimality__all/three_station_v0/discrete_dt_0p5.json,1391543,support_or_manifest,0
benchmarks/output/phase2_unary_slots/three_station_5min/artifacts/20260715T092530Z__three_station_v0__ean_passenger_journey_time__exact_optimality__all/three_station_v0/ean_build_artifact.json,25071075,support_or_manifest,0
benchmarks/output/phase2_unary_slots/three_station_5min/artifacts/20260715T092530Z__three_station_v0__ean_passenger_journey_time__exact_optimality__all/three_station_v0/ean_passenger_service_journey_time.json,330065,result_or_diagnostic,1
benchmarks/output/phase2_unary_slots/three_station_5min/artifacts/20260715T092530Z__three_station_v0__ean_passenger_journey_time__exact_optimality__all/three_station_v0/ean_passenger_service_journey_time_movement_plan.json,208540,support_or_manifest,0
benchmarks/output/phase2_unary_slots/three_station_5min/artifacts/20260715T092530Z__three_station_v0__ean_passenger_journey_time__exact_optimality__all/three_station_v0/ean_passenger_service_journey_time_physical_replay.json,533065,support_or_manifest,0
benchmarks/output/phase2_unary_slots/three_station_5min/artifacts/20260715T092530Z__three_station_v0__ean_passenger_journey_time__exact_optimality__all/three_station_v0/scenario.json,14521,support_or_manifest,0
benchmarks/output/phase2_unary_slots/three_station_5min/artifacts/20260715T093042Z__three_station_v0__ean_passenger_journey_time__exact_optimality__all/manifest.json,3266,support_or_manifest,0
benchmarks/output/phase2_unary_slots/three_station_5min/artifacts/20260715T093042Z__three_station_v0__ean_passenger_journey_time__exact_optimality__all/three_station_v0/discrete_dt_0p5.json,1391543,support_or_manifest,0
benchmarks/output/phase2_unary_slots/three_station_5min/artifacts/20260715T093042Z__three_station_v0__ean_passenger_journey_time__exact_optimality__all/three_station_v0/ean_build_artifact.json,25071075,support_or_manifest,0
benchmarks/output/phase2_unary_slots/three_station_5min/artifacts/20260715T093042Z__three_station_v0__ean_passenger_journey_time__exact_optimality__all/three_station_v0/ean_passenger_service_journey_time.json,330071,result_or_diagnostic,1
benchmarks/output/phase2_unary_slots/three_station_5min/artifacts/20260715T093042Z__three_station_v0__ean_passenger_journey_time__exact_optimality__all/three_station_v0/ean_passenger_service_journey_time_movement_plan.json,208540,support_or_manifest,0
benchmarks/output/phase2_unary_slots/three_station_5min/artifacts/20260715T093042Z__three_station_v0__ean_passenger_journey_time__exact_optimality__all/three_station_v0/ean_passenger_service_journey_time_physical_replay.json,533065,support_or_manifest,0
benchmarks/output/phase2_unary_slots/three_station_5min/artifacts/20260715T093042Z__three_station_v0__ean_passenger_journey_time__exact_optimality__all/three_station_v0/scenario.json,14521,support_or_manifest,0
benchmarks/output/phase2_unary_slots/three_station_5min/artifacts/20260715T093553Z__three_station_v0__ean_passenger_journey_time__exact_optimality__candidate_horizon_pruning+single_ring_dominated_ride_pruning+slot_time_relaxation_strengthening+slot_activation_first_slot/manifest.json,3266,support_or_manifest,0
benchmarks/output/phase2_unary_slots/three_station_5min/artifacts/20260715T093553Z__three_station_v0__ean_passenger_journey_time__exact_optimality__candidate_horizon_pruning+single_ring_dominated_ride_pruning+slot_time_relaxation_strengthening+slot_activation_first_slot/three_station_v0/discrete_dt_0p5.json,1391543,support_or_manifest,0
benchmarks/output/phase2_unary_slots/three_station_5min/artifacts/20260715T093553Z__three_station_v0__ean_passenger_journey_time__exact_optimality__candidate_horizon_pruning+single_ring_dominated_ride_pruning+slot_time_relaxation_strengthening+slot_activation_first_slot/three_station_v0/ean_build_artifact.json,25071075,support_or_manifest,0
benchmarks/output/phase2_unary_slots/three_station_5min/artifacts/20260715T093553Z__three_station_v0__ean_passenger_journey_time__exact_optimality__candidate_horizon_pruning+single_ring_dominated_ride_pruning+slot_time_relaxation_strengthening+slot_activation_first_slot/three_station_v0/ean_passenger_service_journey_time.json,336232,result_or_diagnostic,1
benchmarks/output/phase2_unary_slots/three_station_5min/artifacts/20260715T093553Z__three_station_v0__ean_passenger_journey_time__exact_optimality__candidate_horizon_pruning+single_ring_dominated_ride_pruning+slot_time_relaxation_strengthening+slot_activation_first_slot/three_station_v0/ean_passenger_service_journey_time_movement_plan.json,208395,support_or_manifest,0
benchmarks/output/phase2_unary_slots/three_station_5min/artifacts/20260715T093553Z__three_station_v0__ean_passenger_journey_time__exact_optimality__candidate_horizon_pruning+single_ring_dominated_ride_pruning+slot_time_relaxation_strengthening+slot_activation_first_slot/three_station_v0/ean_passenger_service_journey_time_physical_replay.json,535029,support_or_manifest,0
benchmarks/output/phase2_unary_slots/three_station_5min/artifacts/20260715T093553Z__three_station_v0__ean_passenger_journey_time__exact_optimality__candidate_horizon_pruning+single_ring_dominated_ride_pruning+slot_time_relaxation_strengthening+slot_activation_first_slot/three_station_v0/scenario.json,14521,support_or_manifest,0
benchmarks/output/phase2_unary_slots/three_station_5min/results/20260715T090956Z__three_station_v0__ean_passenger_journey_time__exact_optimality__all.json,27753,result_or_diagnostic,1
benchmarks/output/phase2_unary_slots/three_station_5min/results/20260715T091506Z__three_station_v0__ean_passenger_journey_time__exact_optimality__candidate_horizon_pruning+single_ring_dominated_ride_pruning+slot_time_relaxation_strengthening+slot_activation_first_slot.json,32586,result_or_diagnostic,1
benchmarks/output/phase2_unary_slots/three_station_5min/results/20260715T092016Z__three_station_v0__ean_passenger_journey_time__exact_optimality__candidate_horizon_pruning+single_ring_dominated_ride_pruning+slot_time_relaxation_strengthening+slot_activation_first_slot.json,32596,result_or_diagnostic,1
benchmarks/output/phase2_unary_slots/three_station_5min/results/20260715T092530Z__three_station_v0__ean_passenger_journey_time__exact_optimality__all.json,28043,result_or_diagnostic,1
benchmarks/output/phase2_unary_slots/three_station_5min/results/20260715T093042Z__three_station_v0__ean_passenger_journey_time__exact_optimality__all.json,28049,result_or_diagnostic,1
benchmarks/output/phase2_unary_slots/three_station_5min/results/20260715T093553Z__three_station_v0__ean_passenger_journey_time__exact_optimality__candidate_horizon_pruning+single_ring_dominated_ride_pruning+slot_time_relaxation_strengthening+slot_activation_first_slot.json,33194,result_or_diagnostic,1
benchmarks/output/projected_board_time/three_station_5min/artifacts/20260715T102120Z__three_station_v0__ean_passenger_journey_time__exact_optimality__all/manifest.json,3266,support_or_manifest,0
benchmarks/output/projected_board_time/three_station_5min/artifacts/20260715T102120Z__three_station_v0__ean_passenger_journey_time__exact_optimality__all/three_station_v0/discrete_dt_0p5.json,1391543,support_or_manifest,0
benchmarks/output/projected_board_time/three_station_5min/artifacts/20260715T102120Z__three_station_v0__ean_passenger_journey_time__exact_optimality__all/three_station_v0/ean_build_artifact.json,25071075,support_or_manifest,0
benchmarks/output/projected_board_time/three_station_5min/artifacts/20260715T102120Z__three_station_v0__ean_passenger_journey_time__exact_optimality__all/three_station_v0/ean_passenger_service_journey_time.json,330111,result_or_diagnostic,1
benchmarks/output/projected_board_time/three_station_5min/artifacts/20260715T102120Z__three_station_v0__ean_passenger_journey_time__exact_optimality__all/three_station_v0/ean_passenger_service_journey_time_movement_plan.json,208540,support_or_manifest,0
benchmarks/output/projected_board_time/three_station_5min/artifacts/20260715T102120Z__three_station_v0__ean_passenger_journey_time__exact_optimality__all/three_station_v0/ean_passenger_service_journey_time_physical_replay.json,533065,support_or_manifest,0
benchmarks/output/projected_board_time/three_station_5min/artifacts/20260715T102120Z__three_station_v0__ean_passenger_journey_time__exact_optimality__all/three_station_v0/scenario.json,14521,support_or_manifest,0
benchmarks/output/projected_board_time/three_station_5min/artifacts/20260715T102633Z__three_station_v0__ean_passenger_journey_time__exact_optimality__candidate_horizon_pruning+single_ring_dominated_ride_pruning+slot_time_relaxation_strengthening+board_time_projected_journey_time/manifest.json,3266,support_or_manifest,0
benchmarks/output/projected_board_time/three_station_5min/artifacts/20260715T102633Z__three_station_v0__ean_passenger_journey_time__exact_optimality__candidate_horizon_pruning+single_ring_dominated_ride_pruning+slot_time_relaxation_strengthening+board_time_projected_journey_time/three_station_v0/discrete_dt_0p5.json,1391543,support_or_manifest,0
benchmarks/output/projected_board_time/three_station_5min/artifacts/20260715T102633Z__three_station_v0__ean_passenger_journey_time__exact_optimality__candidate_horizon_pruning+single_ring_dominated_ride_pruning+slot_time_relaxation_strengthening+board_time_projected_journey_time/three_station_v0/ean_build_artifact.json,25071075,support_or_manifest,0
benchmarks/output/projected_board_time/three_station_5min/artifacts/20260715T102633Z__three_station_v0__ean_passenger_journey_time__exact_optimality__candidate_horizon_pruning+single_ring_dominated_ride_pruning+slot_time_relaxation_strengthening+board_time_projected_journey_time/three_station_v0/ean_passenger_service_journey_time.json,327962,result_or_diagnostic,1
benchmarks/output/projected_board_time/three_station_5min/artifacts/20260715T102633Z__three_station_v0__ean_passenger_journey_time__exact_optimality__candidate_horizon_pruning+single_ring_dominated_ride_pruning+slot_time_relaxation_strengthening+board_time_projected_journey_time/three_station_v0/ean_passenger_service_journey_time_movement_plan.json,208407,support_or_manifest,0
benchmarks/output/projected_board_time/three_station_5min/artifacts/20260715T102633Z__three_station_v0__ean_passenger_journey_time__exact_optimality__candidate_horizon_pruning+single_ring_dominated_ride_pruning+slot_time_relaxation_strengthening+board_time_projected_journey_time/three_station_v0/ean_passenger_service_journey_time_physical_replay.json,533771,support_or_manifest,0
benchmarks/output/projected_board_time/three_station_5min/artifacts/20260715T102633Z__three_station_v0__ean_passenger_journey_time__exact_optimality__candidate_horizon_pruning+single_ring_dominated_ride_pruning+slot_time_relaxation_strengthening+board_time_projected_journey_time/three_station_v0/scenario.json,14521,support_or_manifest,0
benchmarks/output/projected_board_time/three_station_5min/results/20260715T102120Z__three_station_v0__ean_passenger_journey_time__exact_optimality__all.json,28141,result_or_diagnostic,1
benchmarks/output/projected_board_time/three_station_5min/results/20260715T102633Z__three_station_v0__ean_passenger_journey_time__exact_optimality__candidate_horizon_pruning+single_ring_dominated_ride_pruning+slot_time_relaxation_strengthening+board_time_projected_journey_time.json,26573,result_or_diagnostic,1
benchmarks/output/results/20260513T122008Z__three_station_v0__ean_passenger_journey_time__exact_optimality__all.json,36432,result_or_diagnostic,1
benchmarks/output/results/20260513T122736Z__three_station_v0__ean_passenger_journey_time__exact_optimality__none.json,22687,result_or_diagnostic,1
benchmarks/output/results/20260513T132325Z__three_station_v0__ean_passenger_journey_time__exact_optimality__candidate_horizon_pruning+single_ring_dominated_ride_pruning.json,29441,result_or_diagnostic,1
benchmarks/output/results/20260513T134429Z__three_station_v0__ean_passenger_journey_time__exact_optimality__slot_time_relaxation_strengthening.json,27985,result_or_diagnostic,1
benchmarks/output/results/20260513T150615Z__three_station_v0__ean_passenger_journey_time__exact_optimality__all.json,37075,result_or_diagnostic,1
benchmarks/output/results/20260513T151210Z__three_station_v0__ean_passenger_journey_time__exact_optimality__candidate_horizon_pruning+single_ring_dominated_ride_pruning+slot_time_relaxation_strengthening+tight_big_m_bounds.json,33558,result_or_diagnostic,1
benchmarks/output/results/20260513T154655Z__three_station_v0__ean_passenger_journey_time__exact_optimality__all.json,33192,result_or_diagnostic,1
benchmarks/output/results/20260513T155229Z__three_station_v0__ean_passenger_journey_time__exact_optimality__candidate_horizon_pruning+single_ring_dominated_ride_pruning+slot_time_relaxation_strengthening+tight_big_m_bounds.json,37782,result_or_diagnostic,1
benchmarks/output/results/20260722T205547Z__five_station_optimized_initial_placement_double_all_stop_skip_wait_v0__ean_passenger_journey_time__quick_good_solution__optimized_all_stop__network__all.json,8048,result_or_diagnostic,1
benchmarks/output/root_diagnostic_smoke/20260715T153253Z__three_station_v0__journey_time__all.json,13432,result_or_diagnostic,3
benchmarks/output/root_diagnostic_smoke/20260715T153331Z__three_station_v0__journey_time__all.json,18006,result_or_diagnostic,3
benchmarks/output/root_diagnostic_smoke/20260715T154521Z__three_station_v0__journey_time__all.json,21495,result_or_diagnostic,3
benchmarks/output/root_diagnostics_20260715/20260715T154216Z__five_station_v0__journey_time__all.json,16691,result_or_diagnostic,3
benchmarks/output/root_diagnostics_20260715/20260715T155509Z__five_station_v0__journey_time__all.json,20534,result_or_diagnostic,3
benchmarks/output/shared_eager_comparison/current/five_station_circle_cw_half_skip_wait_v0/discrete_dt_0p5.json,1696468,support_or_manifest,0
benchmarks/output/shared_eager_comparison/current/five_station_circle_cw_half_skip_wait_v0/ean_build_artifact.json,60856387,large_support_artifact_not_loaded,
benchmarks/output/shared_eager_comparison/current/five_station_circle_cw_half_skip_wait_v0/scenario.json,23895,support_or_manifest,0
benchmarks/output/shared_eager_comparison/current/manifest.json,3612,support_or_manifest,0
benchmarks/output/shared_eager_comparison/merge_relaxation/five_station_circle_cw_half_skip_wait_v0/discrete_dt_0p5.json,1696468,support_or_manifest,0
benchmarks/output/shared_eager_comparison/merge_relaxation/five_station_circle_cw_half_skip_wait_v0/ean_build_artifact.json,60856389,large_support_artifact_not_loaded,
benchmarks/output/shared_eager_comparison/merge_relaxation/five_station_circle_cw_half_skip_wait_v0/ean_passenger_service_journey_time.json,415133,result_or_diagnostic,1
benchmarks/output/shared_eager_comparison/merge_relaxation/five_station_circle_cw_half_skip_wait_v0/ean_passenger_service_journey_time_movement_plan.json,323269,support_or_manifest,0
benchmarks/output/shared_eager_comparison/merge_relaxation/five_station_circle_cw_half_skip_wait_v0/ean_passenger_service_journey_time_physical_replay.json,625837,support_or_manifest,0
benchmarks/output/shared_eager_comparison/merge_relaxation/five_station_circle_cw_half_skip_wait_v0/scenario.json,23895,support_or_manifest,0
benchmarks/output/shared_eager_comparison/merge_relaxation/manifest.json,3612,support_or_manifest,0
benchmarks/output/shared_eager_comparison/shared/five_station_circle_cw_half_skip_wait_v0/discrete_dt_0p5.json,1696468,support_or_manifest,0
benchmarks/output/shared_eager_comparison/shared/five_station_circle_cw_half_skip_wait_v0/ean_build_artifact.json,60856388,large_support_artifact_not_loaded,
benchmarks/output/shared_eager_comparison/shared/five_station_circle_cw_half_skip_wait_v0/ean_passenger_service_journey_time.json,404819,result_or_diagnostic,1
benchmarks/output/shared_eager_comparison/shared/five_station_circle_cw_half_skip_wait_v0/ean_passenger_service_journey_time_movement_plan.json,336310,support_or_manifest,0
benchmarks/output/shared_eager_comparison/shared/five_station_circle_cw_half_skip_wait_v0/ean_passenger_service_journey_time_physical_replay.json,661911,support_or_manifest,0
benchmarks/output/shared_eager_comparison/shared/five_station_circle_cw_half_skip_wait_v0/scenario.json,23895,support_or_manifest,0
benchmarks/output/shared_eager_comparison/shared/manifest.json,3612,support_or_manifest,0
benchmarks/output/smoke/balanced_start_smoke_k20_as/result.json,36951,result_or_diagnostic,1
benchmarks/output/smoke/balanced_start_smoke_k20_ss/result.json,1803,result_or_diagnostic,1
benchmarks/output/smoke/balanced_start_smoke_k39_as/result.json,458,result_or_diagnostic,1
benchmarks/output/smoke_fixed_k_model_bakeoff/smoke_fixed_k_model_bakeoff/campaign.json,62112,result_or_diagnostic,1
benchmarks/output/smoke_fixed_k_model_bakeoff/smoke_fixed_k_model_bakeoff_numeric/campaign.json,69847,result_or_diagnostic,1
benchmarks/output/smoke_fixed_k_model_bakeoff/smoke_fixed_k_model_bakeoff_numeric/ddd_arc_flow_labeled/k2/bakeoff_result.json,7459,result_or_diagnostic,1
benchmarks/output/smoke_fixed_k_model_bakeoff/smoke_fixed_k_model_bakeoff_numeric/ddd_arc_flow_labeled/k2/result.json,6676,result_or_diagnostic,1
benchmarks/output/smoke_fixed_k_model_bakeoff/smoke_fixed_k_model_bakeoff_numeric/ean_pairwise_shared/k2/result.json,8557,result_or_diagnostic,1
benchmarks/output/smoke_fixed_k_model_bakeoff/smoke_fixed_k_model_bakeoff_numeric/summary.json,18641,result_or_diagnostic,2
benchmarks/output/smoke_fixed_k_model_bakeoff/smoke_fixed_k_model_bakeoff_tight/campaign.json,62821,result_or_diagnostic,1
