run,runner_seconds,ub,lb,kind,validation
k38_waiting_600s_seed0,22.869637874995533,399287.271408,0.0,cp_bound,solver_report_between_checkpoints
k38_waiting_600s_seed0,32.86837529199693,399287.271408,0.0,cp_bound,solver_report_between_checkpoints
k38_waiting_600s_seed0,33.39735629200004,399287.271408,42534.889684,cp_bound,solver_report_between_checkpoints
k38_waiting_600s_seed0,34.01682504199562,399287.271408,53496.66473,cp_bound,solver_report_between_checkpoints
k38_waiting_600s_seed0,34.29017516699969,399287.271408,53532.315388,cp_incumbent,solver_report_between_checkpoints
k38_waiting_600s_seed0,34.71935366699472,399287.271408,53532.46576,cp_bound,solver_report_between_checkpoints
k38_waiting_600s_seed0,100.91459620800015,399287.271408,53674.96832,cp_bound,solver_report_between_checkpoints
k38_waiting_600s_seed0,112.30835245799972,399287.271408,53905.216819,cp_bound,solver_report_between_checkpoints
k38_waiting_600s_seed0,112.83587862499553,399287.271408,54219.590777,cp_bound,solver_report_between_checkpoints
k38_waiting_600s_seed0,126.315726832996,399287.271408,54269.568809,cp_bound,solver_report_between_checkpoints
k38_waiting_600s_seed0,127.11364587499702,399287.271408,54273.720252,cp_bound,solver_report_between_checkpoints
k38_waiting_600s_seed0,127.94184262499766,399287.271408,54353.827224,cp_bound,solver_report_between_checkpoints
k38_waiting_600s_seed0,129.06190274999972,399287.271408,54407.891884,cp_bound,solver_report_between_checkpoints
k38_waiting_600s_seed0,129.6396747079998,399287.271408,54408.68444,cp_bound,solver_report_between_checkpoints
k38_waiting_600s_seed0,130.70244958299736,399287.271408,54409.302211,cp_bound,solver_report_between_checkpoints
k38_waiting_600s_seed0,132.71572083299543,399287.271408,54409.394286,cp_bound,solver_report_between_checkpoints
k38_waiting_600s_seed0,133.27855574999558,399287.271408,54409.490498,cp_bound,solver_report_between_checkpoints
k38_waiting_600s_seed0,134.8301349579997,399287.271408,54409.878014,cp_bound,solver_report_between_checkpoints
k38_waiting_600s_seed0,136.64232441700005,399287.271408,54409.925358,cp_bound,solver_report_between_checkpoints
k38_waiting_600s_seed0,137.74591241699818,399287.271408,54410.005733,cp_bound,solver_report_between_checkpoints
k38_waiting_600s_seed0,138.37104637499579,399287.271408,54410.011291,cp_bound,solver_report_between_checkpoints
k38_waiting_600s_seed0,139.24730179199832,399287.271408,54444.301581,cp_bound,solver_report_between_checkpoints
k38_waiting_600s_seed0,139.95889762500155,399287.271408,54444.301964,cp_bound,solver_report_between_checkpoints
k38_waiting_600s_seed0,140.7843833329971,399287.271408,54649.561953,cp_bound,solver_report_between_checkpoints
k38_waiting_600s_seed0,198.49413383299543,399287.271408,54683.338251,cp_bound,solver_report_between_checkpoints
k38_waiting_600s_seed0,214.27206066699728,399287.271408,54684.070209,cp_bound,solver_report_between_checkpoints
k38_waiting_600s_seed0,214.981474082997,399287.271408,54684.157404,cp_bound,solver_report_between_checkpoints
k38_waiting_600s_seed0,264.05213945799915,399287.271408,54684.665473,cp_bound,solver_report_between_checkpoints
k38_waiting_600s_seed0,267.9544330419958,399287.271408,54778.415076,cp_bound,solver_report_between_checkpoints
k38_waiting_600s_seed0,281.386592416995,399287.271408,54973.698454,cp_bound,solver_report_between_checkpoints
k38_waiting_600s_seed0,282.0003520419996,399287.271408,55055.62195,cp_bound,solver_report_between_checkpoints
k38_waiting_600s_seed0,282.8614367919945,399287.271408,55573.750835,cp_bound,solver_report_between_checkpoints
k38_waiting_600s_seed0,283.8497200829952,399287.271408,56537.84061,cp_bound,solver_report_between_checkpoints
k38_waiting_600s_seed0,297.5024751249948,399287.271408,56849.259651,cp_bound,solver_report_between_checkpoints
k38_waiting_600s_seed0,298.1304592919987,399287.271408,56912.980521,cp_bound,solver_report_between_checkpoints
k38_waiting_600s_seed0,299.01843520799594,399287.271408,57129.598788,cp_bound,solver_report_between_checkpoints
k38_waiting_600s_seed0,299.8269262499962,399287.271408,57316.775151,cp_bound,solver_report_between_checkpoints
k38_waiting_600s_seed0,300.8425029169957,399287.271408,57615.13263,cp_bound,solver_report_between_checkpoints
k38_waiting_600s_seed0,301.74629495800036,399287.271408,58545.851677,cp_bound,solver_report_between_checkpoints
k38_waiting_600s_seed0,302.6424382499972,399287.271408,58994.969994,cp_bound,solver_report_between_checkpoints
k38_waiting_600s_seed0,303.6073490829949,399287.271408,59289.305422,cp_bound,solver_report_between_checkpoints
k38_waiting_600s_seed0,304.53967120799643,399287.271408,59623.895278,cp_bound,solver_report_between_checkpoints
k38_waiting_600s_seed0,305.6254658329999,399287.271408,61143.602088,cp_bound,solver_report_between_checkpoints
k38_waiting_600s_seed0,316.85827016699477,399287.271408,63389.971825,cp_bound,solver_report_between_checkpoints
k38_waiting_600s_seed0,317.499531417001,399287.271408,63937.797619,cp_bound,solver_report_between_checkpoints
k38_waiting_600s_seed0,331.33104079199984,399287.271408,64028.003142,cp_bound,solver_report_between_checkpoints
k38_waiting_600s_seed0,332.00225458299974,399287.271408,64208.706571,cp_bound,solver_report_between_checkpoints
k38_waiting_600s_seed0,345.60803970800043,399287.271408,64286.069835,cp_bound,solver_report_between_checkpoints
k38_waiting_600s_seed0,346.31051849999494,399287.271408,64503.479851,cp_bound,solver_report_between_checkpoints
k38_waiting_600s_seed0,360.1252466250007,399287.271408,64608.15663,cp_bound,solver_report_between_checkpoints
k38_waiting_600s_seed0,360.83649375000095,399287.271408,66361.126381,cp_bound,solver_report_between_checkpoints
k38_waiting_600s_seed0,362.74971533299686,399287.271408,67025.459516,cp_bound,solver_report_between_checkpoints
k38_waiting_600s_seed0,363.4796283329997,399287.271408,67117.483409,cp_bound,solver_report_between_checkpoints
k38_waiting_600s_seed0,364.6297191249978,399287.271408,67268.224569,cp_bound,solver_report_between_checkpoints
k38_waiting_600s_seed0,365.8200977079978,399287.271408,67687.395054,cp_bound,solver_report_between_checkpoints
k38_waiting_600s_seed0,371.5736069580016,399287.271408,71023.298378,cp_bound,solver_report_between_checkpoints
k38_waiting_600s_seed0,372.246276124999,399287.271408,71212.720312,cp_bound,solver_report_between_checkpoints
k38_waiting_600s_seed0,386.34538891699776,399287.271408,71212.72068,cp_bound,solver_report_between_checkpoints
k38_waiting_600s_seed0,387.0651061669996,399287.271408,71347.582452,cp_bound,solver_report_between_checkpoints
k38_waiting_600s_seed0,400.7603784169987,399287.271408,71622.797941,cp_bound,solver_report_between_checkpoints
k38_waiting_600s_seed0,401.57982895799796,399287.271408,75901.714214,cp_bound,solver_report_between_checkpoints
k38_waiting_600s_seed0,402.18172012500145,399287.271408,75901.714282,cp_bound,solver_report_between_checkpoints
k38_waiting_600s_seed0,403.1691295829951,399287.271408,76199.636107,cp_bound,solver_report_between_checkpoints
k38_waiting_600s_seed0,416.9532298749982,399287.271408,76487.860642,cp_bound,solver_report_between_checkpoints
k38_waiting_600s_seed0,417.7245561249947,399287.271408,76713.057964,cp_bound,solver_report_between_checkpoints
k38_waiting_600s_seed0,418.4230483329957,399287.271408,76735.968311,cp_bound,solver_report_between_checkpoints
k38_waiting_600s_seed0,419.19499899999937,399287.271408,76844.968543,cp_bound,solver_report_between_checkpoints
k38_waiting_600s_seed0,420.3962783329989,399287.271408,76899.306967,cp_bound,solver_report_between_checkpoints
k38_waiting_600s_seed0,421.19044512500113,399287.271408,77105.630293,cp_bound,solver_report_between_checkpoints
k38_waiting_600s_seed0,422.80765495800006,399287.271408,77466.440684,cp_bound,solver_report_between_checkpoints
k38_waiting_600s_seed0,436.9602282499982,399287.271408,77726.97573,cp_bound,solver_report_between_checkpoints
k38_waiting_600s_seed0,437.74351954199665,399287.271408,77905.30724,cp_bound,solver_report_between_checkpoints
k38_waiting_600s_seed0,438.6230250419976,399287.271408,78297.161108,cp_bound,solver_report_between_checkpoints
k38_waiting_600s_seed0,439.4343156249961,399287.271408,78707.656282,cp_bound,solver_report_between_checkpoints
k38_waiting_600s_seed0,441.7993052919992,399287.271408,81897.587436,cp_bound,solver_report_between_checkpoints
k38_waiting_600s_seed0,442.5387986669957,399287.271408,82710.847427,cp_bound,solver_report_between_checkpoints
k38_waiting_600s_seed0,456.6300319169968,399287.271408,82948.027833,cp_bound,solver_report_between_checkpoints
k38_waiting_600s_seed0,457.3832462499995,399287.271408,83359.221773,cp_bound,solver_report_between_checkpoints
k38_waiting_600s_seed0,458.3331252499993,399287.271408,84012.385637,cp_bound,solver_report_between_checkpoints
k38_waiting_600s_seed0,459.5246456669993,399287.271408,84508.980782,cp_bound,solver_report_between_checkpoints
k38_waiting_600s_seed0,504.4304989999946,399287.271408,85288.866303,cp_bound,solver_report_between_checkpoints
k38_waiting_600s_seed0,505.7104787499993,399287.271408,86802.130984,cp_bound,solver_report_between_checkpoints
k38_waiting_600s_seed0,506.24435866699787,399287.271408,87334.473141,cp_bound,solver_report_between_checkpoints
k38_waiting_600s_seed0,506.9100114169996,399287.271408,87658.756134,cp_bound,solver_report_between_checkpoints
k38_waiting_600s_seed0,508.4610953329975,399287.271408,87695.093016,cp_bound,solver_report_between_checkpoints
k38_waiting_600s_seed0,509.8412261249978,399287.271408,87863.50706,cp_bound,solver_report_between_checkpoints
k38_waiting_600s_seed0,510.66395233300136,399287.271408,87864.370968,cp_bound,solver_report_between_checkpoints
k38_waiting_600s_seed0,512.3358863329995,399287.271408,88163.652761,cp_bound,solver_report_between_checkpoints
k38_waiting_600s_seed0,514.9697477500013,399287.271408,88163.757405,cp_bound,solver_report_between_checkpoints
k38_waiting_600s_seed0,516.0164786249952,399287.271408,88163.776854,cp_bound,solver_report_between_checkpoints
k38_waiting_600s_seed0,533.3178565829949,399287.271408,88163.96047,cp_bound,solver_report_between_checkpoints
k38_waiting_600s_seed0,534.6132192079967,399287.271408,88164.411507,cp_bound,solver_report_between_checkpoints
k38_waiting_600s_seed0,536.7583400000003,399287.271408,88164.448379,cp_bound,solver_report_between_checkpoints
k38_waiting_600s_seed0,538.1762804169994,399287.271408,88502.381706,cp_bound,solver_report_between_checkpoints
k38_waiting_600s_seed0,540.201342583001,399287.271408,88705.766025,cp_bound,solver_report_between_checkpoints
k38_waiting_600s_seed0,541.4860231669954,399287.271408,88707.988812,cp_bound,solver_report_between_checkpoints
k38_waiting_600s_seed0,547.5427051669976,399287.271408,88708.448123,cp_bound,solver_report_between_checkpoints
k38_waiting_600s_seed0,564.8429568749998,399287.271408,89069.83954,cp_bound,solver_report_between_checkpoints
k38_waiting_600s_seed0,566.5152950830015,399287.271408,89070.635781,cp_bound,solver_report_between_checkpoints
k38_waiting_600s_seed0,567.0426962499987,399287.271408,89309.095339,cp_bound,solver_report_between_checkpoints
k38_waiting_600s_seed0,568.7630948750011,399287.271408,89317.187912,cp_bound,solver_report_between_checkpoints
k38_waiting_600s_seed0,571.4201910830016,399287.271408,89317.188571,cp_bound,solver_report_between_checkpoints
k38_waiting_600s_seed0,597.0721755829945,399287.271408,90630.229149,cp_bound,solver_report_between_checkpoints
k38_waiting_600s_seed0,600.5119731669984,399287.271408,90630.229149,final,solver_report_between_checkpoints
k39_anonymous_1800s_seed0,5.148825083997508,1262099.935264,0.0,network_build,solver_report_between_checkpoints
k39_anonymous_1800s_seed0,10.160305500001414,1262099.935264,0.0,network_build,solver_report_between_checkpoints
k39_anonymous_1800s_seed0,15.17795225000009,1262099.935264,0.0,model_build,solver_report_between_checkpoints
k39_anonymous_1800s_seed0,20.1893675839965,1262099.935264,0.0,model_build,solver_report_between_checkpoints
k39_anonymous_1800s_seed0,25.194563334000122,1262099.935264,0.0,branch_and_bound,solver_report_between_checkpoints
k39_anonymous_1800s_seed0,30.197898708996945,1262099.935264,0.0,branch_and_bound,solver_report_between_checkpoints
k39_anonymous_1800s_seed0,35.20163966700056,1262099.935264,0.0,branch_and_bound,solver_report_between_checkpoints
k39_anonymous_1800s_seed0,40.20682237499568,1262099.935264,0.0,branch_and_bound,solver_report_between_checkpoints
k39_anonymous_1800s_seed0,45.21204462499736,1262099.935264,0.0,branch_and_bound,solver_report_between_checkpoints
k39_anonymous_1800s_seed0,50.21296191700094,1262099.935264,0.0,branch_and_bound,solver_report_between_checkpoints
k39_anonymous_1800s_seed0,55.21821841700148,1262099.935264,0.0,branch_and_bound,solver_report_between_checkpoints
k39_anonymous_1800s_seed0,60.21953316700092,1262099.935264,0.0,branch_and_bound,solver_report_between_checkpoints
k39_anonymous_1800s_seed0,65.22490495899547,1262099.935264,0.0,branch_and_bound,solver_report_between_checkpoints
k39_anonymous_1800s_seed0,70.22630237499834,1262099.935264,0.0,branch_and_bound,solver_report_between_checkpoints
k39_anonymous_1800s_seed0,75.23160245899635,1262099.935264,0.0,branch_and_bound,solver_report_between_checkpoints
k39_anonymous_1800s_seed0,80.23462087499502,1262099.935264,0.0,branch_and_bound,solver_report_between_checkpoints
k39_anonymous_1800s_seed0,85.23953804199846,1262099.935264,0.0,branch_and_bound,solver_report_between_checkpoints
k39_anonymous_1800s_seed0,90.24200866699539,1262099.935264,0.0,branch_and_bound,solver_report_between_checkpoints
k39_anonymous_1800s_seed0,95.24724970899842,1262099.935264,0.0,branch_and_bound,solver_report_between_checkpoints
k39_anonymous_1800s_seed0,100.25259062500118,1262099.935264,0.0,branch_and_bound,solver_report_between_checkpoints
k39_anonymous_1800s_seed0,105.2578975419965,1262099.935264,0.0,branch_and_bound,solver_report_between_checkpoints
k39_anonymous_1800s_seed0,110.2627584169968,1262099.935264,0.0,branch_and_bound,solver_report_between_checkpoints
k39_anonymous_1800s_seed0,115.26806441699591,1262099.935264,0.0,branch_and_bound,solver_report_between_checkpoints
k39_anonymous_1800s_seed0,120.27293758399901,1262099.935264,0.0,branch_and_bound,solver_report_between_checkpoints
k39_anonymous_1800s_seed0,125.2782258340012,1262099.935264,0.0,branch_and_bound,solver_report_between_checkpoints
k39_anonymous_1800s_seed0,130.28355779199774,1262099.935264,0.0,branch_and_bound,solver_report_between_checkpoints
k39_anonymous_1800s_seed0,135.28442120899854,1262099.935264,0.0,branch_and_bound,solver_report_between_checkpoints
k39_anonymous_1800s_seed0,140.2897705419964,1262099.935264,0.0,branch_and_bound,solver_report_between_checkpoints
k39_anonymous_1800s_seed0,145.29460437499802,1262099.935264,0.0,branch_and_bound,solver_report_between_checkpoints
k39_anonymous_1800s_seed0,150.29988612500165,1262099.935264,0.0,branch_and_bound,solver_report_between_checkpoints
k39_anonymous_1800s_seed0,155.31025149999914,1262099.935264,0.0,branch_and_bound,solver_report_between_checkpoints
k39_anonymous_1800s_seed0,160.31421229199623,1262099.935264,0.0,branch_and_bound,solver_report_between_checkpoints
k39_anonymous_1800s_seed0,165.32446679200075,1262099.935264,0.0,branch_and_bound,solver_report_between_checkpoints
k39_anonymous_1800s_seed0,170.33408666699688,1262099.935264,0.0,branch_and_bound,solver_report_between_checkpoints
k39_anonymous_1800s_seed0,175.34177833399735,1262099.935264,0.0,branch_and_bound,solver_report_between_checkpoints
k39_anonymous_1800s_seed0,180.34759149999445,1262099.935264,0.0,branch_and_bound,solver_report_between_checkpoints
k39_anonymous_1800s_seed0,185.35583591699833,1262099.935264,0.0,branch_and_bound,solver_report_between_checkpoints
k39_anonymous_1800s_seed0,190.35912412499601,1262099.935264,0.0,branch_and_bound,solver_report_between_checkpoints
k39_anonymous_1800s_seed0,195.36689345899504,1262099.935264,0.0,branch_and_bound,solver_report_between_checkpoints
k39_anonymous_1800s_seed0,200.36911404199782,1262099.935264,0.0,branch_and_bound,solver_report_between_checkpoints
k39_anonymous_1800s_seed0,205.37944316699577,1262099.935264,0.0,branch_and_bound,solver_report_between_checkpoints
k39_anonymous_1800s_seed0,210.3874554590002,1262099.935264,0.0,branch_and_bound,solver_report_between_checkpoints
k39_anonymous_1800s_seed0,215.39741195899842,1262099.935264,0.0,branch_and_bound,solver_report_between_checkpoints
k39_anonymous_1800s_seed0,220.40570304200082,1262099.935264,0.0,branch_and_bound,solver_report_between_checkpoints
k39_anonymous_1800s_seed0,225.4126127089985,1262099.935264,0.0,branch_and_bound,solver_report_between_checkpoints
k39_anonymous_1800s_seed0,230.4223267089983,1262099.935264,0.0,branch_and_bound,solver_report_between_checkpoints
k39_anonymous_1800s_seed0,235.42899849999958,1262099.935264,0.0,branch_and_bound,solver_report_between_checkpoints
k39_anonymous_1800s_seed0,240.43759112499538,1262099.935264,0.0,branch_and_bound,solver_report_between_checkpoints
k39_anonymous_1800s_seed0,245.44791329199506,1262099.935264,0.0,branch_and_bound,solver_report_between_checkpoints
k39_anonymous_1800s_seed0,250.4581095839967,1262099.935264,0.0,branch_and_bound,solver_report_between_checkpoints
k39_anonymous_1800s_seed0,255.4639502919963,1262099.935264,0.0,branch_and_bound,solver_report_between_checkpoints
k39_anonymous_1800s_seed0,260.4710890419956,1262099.935264,0.0,branch_and_bound,solver_report_between_checkpoints
k39_anonymous_1800s_seed0,265.47955037499923,1262099.935264,0.0,branch_and_bound,solver_report_between_checkpoints
k39_anonymous_1800s_seed0,270.4800152089956,1262099.935264,0.0,branch_and_bound,solver_report_between_checkpoints
k39_anonymous_1800s_seed0,275.49031795899646,1262099.935264,0.0,branch_and_bound,solver_report_between_checkpoints
k39_anonymous_1800s_seed0,280.50060583400045,1262099.935264,0.0,branch_and_bound,solver_report_between_checkpoints
k39_anonymous_1800s_seed0,285.50138645900006,1262099.935264,0.0,branch_and_bound,solver_report_between_checkpoints
k39_anonymous_1800s_seed0,290.5039800000013,1262099.935264,0.0,branch_and_bound,solver_report_between_checkpoints
k39_anonymous_1800s_seed0,295.51414895899507,1262099.935264,0.0,branch_and_bound,solver_report_between_checkpoints
k39_anonymous_1800s_seed0,300.51498824999726,1262099.935264,0.0,branch_and_bound,solver_report_between_checkpoints
k39_anonymous_1800s_seed0,305.52516945899697,1262099.935264,0.0,branch_and_bound,solver_report_between_checkpoints
k39_anonymous_1800s_seed0,310.5353434999997,1262099.935264,0.0,branch_and_bound,solver_report_between_checkpoints
k39_anonymous_1800s_seed0,315.5358094589974,1262099.935264,0.0,branch_and_bound,solver_report_between_checkpoints
k39_anonymous_1800s_seed0,320.54597233399545,1262099.935264,0.0,branch_and_bound,solver_report_between_checkpoints
k39_anonymous_1800s_seed0,325.5558868750013,1262099.935264,0.0,branch_and_bound,solver_report_between_checkpoints
k39_anonymous_1800s_seed0,330.55681670899503,1262099.935264,0.0,branch_and_bound,solver_report_between_checkpoints
k39_anonymous_1800s_seed0,335.5583944589962,1262099.935264,0.0,branch_and_bound,solver_report_between_checkpoints
k39_anonymous_1800s_seed0,340.5586892919964,1262099.935264,0.0,branch_and_bound,solver_report_between_checkpoints
k39_anonymous_1800s_seed0,345.5592938339978,1262099.935264,0.0,branch_and_bound,solver_report_between_checkpoints
k39_anonymous_1800s_seed0,350.5645193339951,1262099.935264,0.0,branch_and_bound,solver_report_between_checkpoints
k39_anonymous_1800s_seed0,355.5650653749981,1262099.935264,0.0,branch_and_bound,solver_report_between_checkpoints
k39_anonymous_1800s_seed0,360.5657418749979,1262099.935264,0.0,branch_and_bound,solver_report_between_checkpoints
k39_anonymous_1800s_seed0,365.5667737920012,1262099.935264,0.0,branch_and_bound,solver_report_between_checkpoints
k39_anonymous_1800s_seed0,370.56756699999823,1262099.935264,0.0,branch_and_bound,solver_report_between_checkpoints
k39_anonymous_1800s_seed0,375.568387542,1262099.935264,0.0,branch_and_bound,solver_report_between_checkpoints
k39_anonymous_1800s_seed0,380.56992804200127,1262099.935264,0.0,branch_and_bound,solver_report_between_checkpoints
k39_anonymous_1800s_seed0,385.57143712499965,1262099.935264,0.0,branch_and_bound,solver_report_between_checkpoints
k39_anonymous_1800s_seed0,390.5726991669944,1262099.935264,0.0,branch_and_bound,solver_report_between_checkpoints
k39_anonymous_1800s_seed0,395.5735337090009,1262099.935264,0.0,branch_and_bound,solver_report_between_checkpoints
k39_anonymous_1800s_seed0,400.5837012089978,1262099.935264,0.0,branch_and_bound,solver_report_between_checkpoints
k39_anonymous_1800s_seed0,405.58487924999645,1262099.935264,0.0,branch_and_bound,solver_report_between_checkpoints
k39_anonymous_1800s_seed0,410.5950778749975,1262099.935264,0.0,branch_and_bound,solver_report_between_checkpoints
k39_anonymous_1800s_seed0,415.6052609170001,1262099.935264,0.0,branch_and_bound,solver_report_between_checkpoints
k39_anonymous_1800s_seed0,420.60642529199686,1262099.935264,0.0,branch_and_bound,solver_report_between_checkpoints
k39_anonymous_1800s_seed0,425.6071620840012,1262099.935264,0.0,branch_and_bound,solver_report_between_checkpoints
k39_anonymous_1800s_seed0,430.61734154199803,1262099.935264,0.0,branch_and_bound,solver_report_between_checkpoints
k39_anonymous_1800s_seed0,435.6177699589971,1262099.935264,0.0,branch_and_bound,solver_report_between_checkpoints
k39_anonymous_1800s_seed0,440.627918416998,1262099.935264,0.0,branch_and_bound,solver_report_between_checkpoints
k39_anonymous_1800s_seed0,445.63306283400016,1262099.935264,0.0,branch_and_bound,solver_report_between_checkpoints
k39_anonymous_1800s_seed0,450.6340052919986,1262099.935264,0.0,branch_and_bound,solver_report_between_checkpoints
k39_anonymous_1800s_seed0,455.6350048749955,1262099.935264,0.0,branch_and_bound,solver_report_between_checkpoints
k39_anonymous_1800s_seed0,460.6365888340006,1262099.935264,0.0,branch_and_bound,solver_report_between_checkpoints
k39_anonymous_1800s_seed0,465.6373290420015,1262099.935264,0.0,branch_and_bound,solver_report_between_checkpoints
k39_anonymous_1800s_seed0,470.63867108400154,1262099.935264,0.0,branch_and_bound,solver_report_between_checkpoints
k39_anonymous_1800s_seed0,475.64002962499944,1262099.935264,0.0,branch_and_bound,solver_report_between_checkpoints
k39_anonymous_1800s_seed0,480.64142616699974,1262099.935264,0.0,branch_and_bound,solver_report_between_checkpoints
k39_anonymous_1800s_seed0,485.64285391700105,1262099.935264,0.0,branch_and_bound,solver_report_between_checkpoints
k39_anonymous_1800s_seed0,490.64680062499974,1262099.935264,0.0,branch_and_bound,solver_report_between_checkpoints
k39_anonymous_1800s_seed0,495.65669999999955,1262099.935264,0.0,branch_and_bound,solver_report_between_checkpoints
k39_anonymous_1800s_seed0,500.66686274999665,1262099.935264,0.0,branch_and_bound,solver_report_between_checkpoints
k39_anonymous_1800s_seed0,505.66814129200066,1262099.935264,0.0,branch_and_bound,solver_report_between_checkpoints
k39_anonymous_1800s_seed0,510.67830400000094,1262099.935264,0.0,branch_and_bound,solver_report_between_checkpoints
k39_anonymous_1800s_seed0,515.678751458996,1262099.935264,0.0,branch_and_bound,solver_report_between_checkpoints
k39_anonymous_1800s_seed0,520.6796171249953,1262099.935264,0.0,branch_and_bound,solver_report_between_checkpoints
k39_anonymous_1800s_seed0,525.6809088340015,1262099.935264,0.0,branch_and_bound,solver_report_between_checkpoints
k39_anonymous_1800s_seed0,530.6861379589973,1262099.935264,0.0,branch_and_bound,solver_report_between_checkpoints
k39_anonymous_1800s_seed0,535.6910213750016,1262099.935264,0.0,branch_and_bound,solver_report_between_checkpoints
k39_anonymous_1800s_seed0,540.6953050419979,1262099.935264,0.0,branch_and_bound,solver_report_between_checkpoints
k39_anonymous_1800s_seed0,545.7004620000007,1262099.935264,0.0,branch_and_bound,solver_report_between_checkpoints
k39_anonymous_1800s_seed0,550.702159249995,1262099.935264,0.0,branch_and_bound,solver_report_between_checkpoints
k39_anonymous_1800s_seed0,555.7071649999998,1262099.935264,0.0,branch_and_bound,solver_report_between_checkpoints
k39_anonymous_1800s_seed0,560.7073582500016,1262099.935264,0.0,branch_and_bound,solver_report_between_checkpoints
k39_anonymous_1800s_seed0,565.7125194589971,1262099.935264,0.0,branch_and_bound,solver_report_between_checkpoints
k39_anonymous_1800s_seed0,570.7134126249948,1262099.935264,0.0,branch_and_bound,solver_report_between_checkpoints
k39_anonymous_1800s_seed0,575.7137582089999,1262099.935264,0.0,branch_and_bound,solver_report_between_checkpoints
k39_anonymous_1800s_seed0,580.7145208340007,1262099.935264,0.0,branch_and_bound,solver_report_between_checkpoints
k39_anonymous_1800s_seed0,585.7160901669995,1262099.935264,0.0,branch_and_bound,solver_report_between_checkpoints
k39_anonymous_1800s_seed0,590.7207208749969,1262099.935264,0.0,branch_and_bound,solver_report_between_checkpoints
k39_anonymous_1800s_seed0,595.7248417500014,1262099.935264,0.0,branch_and_bound,solver_report_between_checkpoints
k39_anonymous_1800s_seed0,600.7259403339995,1262099.935264,0.0,branch_and_bound,solver_report_between_checkpoints
k39_anonymous_1800s_seed0,605.7310903339967,1262099.935264,0.0,branch_and_bound,solver_report_between_checkpoints
k39_anonymous_1800s_seed0,610.7362454589966,1262099.935264,0.0,branch_and_bound,solver_report_between_checkpoints
k39_anonymous_1800s_seed0,615.7414023339952,1262099.935264,0.0,branch_and_bound,solver_report_between_checkpoints
k39_anonymous_1800s_seed0,620.7460254999969,1262099.935264,0.0,branch_and_bound,solver_report_between_checkpoints
k39_anonymous_1800s_seed0,625.7498217920001,1262099.935264,0.0,branch_and_bound,solver_report_between_checkpoints
k39_anonymous_1800s_seed0,630.7523425420004,1262099.935264,0.0,branch_and_bound,solver_report_between_checkpoints
k39_anonymous_1800s_seed0,635.7575096250002,1262099.935264,0.0,branch_and_bound,solver_report_between_checkpoints
k39_anonymous_1800s_seed0,640.7577244999993,1262099.935264,0.0,branch_and_bound,solver_report_between_checkpoints
k39_anonymous_1800s_seed0,645.7608026249945,1262099.935264,0.0,branch_and_bound,solver_report_between_checkpoints
k39_anonymous_1800s_seed0,650.7659854999947,1262099.935264,0.0,branch_and_bound,solver_report_between_checkpoints
k39_anonymous_1800s_seed0,655.7711690419965,1262099.935264,0.0,branch_and_bound,solver_report_between_checkpoints
k39_anonymous_1800s_seed0,660.7763368749947,1262099.935264,0.0,branch_and_bound,solver_report_between_checkpoints
k39_anonymous_1800s_seed0,665.7766403749993,1262099.935264,0.0,branch_and_bound,solver_report_between_checkpoints
k39_anonymous_1800s_seed0,670.7776622919991,1262099.935264,0.0,branch_and_bound,solver_report_between_checkpoints
k39_anonymous_1800s_seed0,675.779084541995,1262099.935264,0.0,branch_and_bound,solver_report_between_checkpoints
k39_anonymous_1800s_seed0,680.7842541249993,1262099.935264,0.0,branch_and_bound,solver_report_between_checkpoints
k39_anonymous_1800s_seed0,685.7886083339981,1262099.935264,0.0,branch_and_bound,solver_report_between_checkpoints
k39_anonymous_1800s_seed0,690.7937438750014,1262099.935264,0.0,branch_and_bound,solver_report_between_checkpoints
k39_anonymous_1800s_seed0,695.7988904589947,1262099.935264,0.0,branch_and_bound,solver_report_between_checkpoints
k39_anonymous_1800s_seed0,700.7990591249982,1262099.935264,0.0,branch_and_bound,solver_report_between_checkpoints
k39_anonymous_1800s_seed0,705.8001397920016,1262099.935264,0.0,branch_and_bound,solver_report_between_checkpoints
k39_anonymous_1800s_seed0,710.8030352089991,1262099.935264,0.0,branch_and_bound,solver_report_between_checkpoints
k39_anonymous_1800s_seed0,715.8037821670005,1262099.935264,0.0,branch_and_bound,solver_report_between_checkpoints
k39_anonymous_1800s_seed0,720.8079032089954,1262099.935264,0.0,branch_and_bound,solver_report_between_checkpoints
k39_anonymous_1800s_seed0,725.8130631249951,1262099.935264,0.0,branch_and_bound,solver_report_between_checkpoints
k39_anonymous_1800s_seed0,730.8143241669968,1262099.935264,407312.5964154247,branch_and_bound,solver_report_between_checkpoints
k39_anonymous_1800s_seed0,735.8194097499945,1262099.935264,407312.5964154247,branch_and_bound,solver_report_between_checkpoints
k39_anonymous_1800s_seed0,740.8245554999958,1262099.935264,407312.5964154247,branch_and_bound,solver_report_between_checkpoints
k39_anonymous_1800s_seed0,745.8265496249951,1262099.935264,407312.5964154247,branch_and_bound,solver_report_between_checkpoints
k39_anonymous_1800s_seed0,750.8316989999948,1262099.935264,407312.5964154247,branch_and_bound,solver_report_between_checkpoints
k39_anonymous_1800s_seed0,755.8340322500007,1262099.935264,407312.5964154247,branch_and_bound,solver_report_between_checkpoints
k39_anonymous_1800s_seed0,760.8349415839984,1262099.935264,407312.5964154247,branch_and_bound,solver_report_between_checkpoints
k39_anonymous_1800s_seed0,765.8352143340016,1262099.935264,407312.5964154247,branch_and_bound,solver_report_between_checkpoints
k39_anonymous_1800s_seed0,770.8398735839946,1262099.935264,407312.5964154247,branch_and_bound,solver_report_between_checkpoints
k39_anonymous_1800s_seed0,775.8405508340002,1262099.935264,407312.5964154247,branch_and_bound,solver_report_between_checkpoints
k39_anonymous_1800s_seed0,780.8438903339993,1262099.935264,407312.5964154247,branch_and_bound,solver_report_between_checkpoints
k39_anonymous_1800s_seed0,785.8450128749973,1262099.935264,407312.5964154247,branch_and_bound,solver_report_between_checkpoints
k39_anonymous_1800s_seed0,790.8501912919965,1262099.935264,407312.5964154247,branch_and_bound,solver_report_between_checkpoints
k39_anonymous_1800s_seed0,795.8507774169993,1262099.935264,407312.5964154247,branch_and_bound,solver_report_between_checkpoints
k39_anonymous_1800s_seed0,800.8517072499963,1262099.935264,407312.5964154247,branch_and_bound,solver_report_between_checkpoints
k39_anonymous_1800s_seed0,805.8521620419997,1262099.935264,407312.5964154247,branch_and_bound,solver_report_between_checkpoints
k39_anonymous_1800s_seed0,810.857311791995,1262099.935264,407312.5964154247,branch_and_bound,solver_report_between_checkpoints
k39_anonymous_1800s_seed0,815.858685291998,1262099.935264,407312.5964154247,branch_and_bound,solver_report_between_checkpoints
k39_anonymous_1800s_seed0,820.8609767919988,1262099.935264,407312.5964154247,branch_and_bound,solver_report_between_checkpoints
k39_anonymous_1800s_seed0,825.8641678339991,1262099.935264,407312.5964154247,branch_and_bound,solver_report_between_checkpoints
k39_anonymous_1800s_seed0,830.8672850000003,1262099.935264,407312.5964154247,branch_and_bound,solver_report_between_checkpoints
k39_anonymous_1800s_seed0,835.8724406670008,1262099.935264,407312.5964154247,branch_and_bound,solver_report_between_checkpoints
k39_anonymous_1800s_seed0,840.8759547919981,1262099.935264,407312.5964154247,branch_and_bound,solver_report_between_checkpoints
k39_anonymous_1800s_seed0,845.8811312920006,1262099.935264,407312.5964154247,branch_and_bound,solver_report_between_checkpoints
k39_anonymous_1800s_seed0,850.88401075,1262099.935264,407312.5964154247,branch_and_bound,solver_report_between_checkpoints
k39_anonymous_1800s_seed0,855.8889575419962,1262099.935264,407312.5964154247,branch_and_bound,solver_report_between_checkpoints
k39_anonymous_1800s_seed0,860.8942187499997,1262099.935264,407312.5964154247,branch_and_bound,solver_report_between_checkpoints
k39_anonymous_1800s_seed0,865.8975465839976,1262099.935264,407312.5964154247,branch_and_bound,solver_report_between_checkpoints
k39_anonymous_1800s_seed0,870.902706916997,1262099.935264,407312.5964154247,branch_and_bound,solver_report_between_checkpoints
k39_anonymous_1800s_seed0,875.9036488749989,1262099.935264,407312.5964154247,branch_and_bound,solver_report_between_checkpoints
k39_anonymous_1800s_seed0,880.9080461669946,1262099.935264,407312.5964154247,branch_and_bound,solver_report_between_checkpoints
k39_anonymous_1800s_seed0,885.9085689589992,1262099.935264,407312.5964154247,branch_and_bound,solver_report_between_checkpoints
k39_anonymous_1800s_seed0,890.9116163340004,1262099.935264,407312.5964154247,branch_and_bound,solver_report_between_checkpoints
k39_anonymous_1800s_seed0,895.9167845420016,1262099.935264,407312.5964154247,branch_and_bound,solver_report_between_checkpoints
k39_anonymous_1800s_seed0,900.920308666995,1262099.935264,407312.5964154247,branch_and_bound,solver_report_between_checkpoints
k39_anonymous_1800s_seed0,905.9215672919963,1262099.935264,407312.5964154247,branch_and_bound,solver_report_between_checkpoints
k39_anonymous_1800s_seed0,910.9219943339995,1262099.935264,407312.5964154247,branch_and_bound,solver_report_between_checkpoints
k39_anonymous_1800s_seed0,915.9227658749951,1262099.935264,407312.5964154247,branch_and_bound,solver_report_between_checkpoints
k39_anonymous_1800s_seed0,920.927946208998,1262099.935264,407312.5964154247,branch_and_bound,solver_report_between_checkpoints
k39_anonymous_1800s_seed0,925.9296886669981,1262099.935264,407312.5964154247,branch_and_bound,solver_report_between_checkpoints
k39_anonymous_1800s_seed0,930.9309165419982,1262099.935264,407312.5964154247,branch_and_bound,solver_report_between_checkpoints
k39_anonymous_1800s_seed0,935.9321976669962,1262099.935264,407312.5964154247,branch_and_bound,solver_report_between_checkpoints
k39_anonymous_1800s_seed0,940.9331717089954,1262099.935264,407312.5964154247,branch_and_bound,solver_report_between_checkpoints
k39_anonymous_1800s_seed0,945.9337679169985,1262099.935264,407312.5964154247,branch_and_bound,solver_report_between_checkpoints
k39_anonymous_1800s_seed0,950.9389344999945,1262099.935264,407312.5964154247,branch_and_bound,solver_report_between_checkpoints
k39_anonymous_1800s_seed0,955.9441016249984,1262099.935264,407312.5964154247,branch_and_bound,solver_report_between_checkpoints
k39_anonymous_1800s_seed0,960.9492643749982,1262099.935264,407312.5964154247,branch_and_bound,solver_report_between_checkpoints
k39_anonymous_1800s_seed0,965.9496644589963,1262099.935264,407312.5964154247,branch_and_bound,solver_report_between_checkpoints
k39_anonymous_1800s_seed0,970.9548487499997,1262099.935264,407312.5964154247,branch_and_bound,solver_report_between_checkpoints
k39_anonymous_1800s_seed0,975.956243458997,1262099.935264,407312.5964154247,branch_and_bound,solver_report_between_checkpoints
k39_anonymous_1800s_seed0,980.958094499998,1262099.935264,407312.5964154247,branch_and_bound,solver_report_between_checkpoints
k39_anonymous_1800s_seed0,985.9623422500008,1262099.935264,407312.5964154247,branch_and_bound,solver_report_between_checkpoints
k39_anonymous_1800s_seed0,990.965729042,1262099.935264,407312.5964154247,branch_and_bound,solver_report_between_checkpoints
k39_anonymous_1800s_seed0,995.9709165839959,1262099.935264,407312.5964154247,branch_and_bound,solver_report_between_checkpoints
k39_anonymous_1800s_seed0,1000.9746587499976,1262099.935264,407312.5964154247,branch_and_bound,solver_report_between_checkpoints
k39_anonymous_1800s_seed0,1005.9758404589957,1262099.935264,407312.5964154247,branch_and_bound,solver_report_between_checkpoints
k39_anonymous_1800s_seed0,1010.9763329589987,1262099.935264,407312.5964154247,branch_and_bound,solver_report_between_checkpoints
k39_anonymous_1800s_seed0,1015.9814963339959,1262099.935264,407312.5964154247,branch_and_bound,solver_report_between_checkpoints
k39_anonymous_1800s_seed0,1020.9866657089951,1262099.935264,407312.5964154247,branch_and_bound,solver_report_between_checkpoints
k39_anonymous_1800s_seed0,1025.9898171249952,1262099.935264,407312.5964154247,branch_and_bound,solver_report_between_checkpoints
k39_anonymous_1800s_seed0,1030.994486083997,1262099.935264,407312.5964154247,branch_and_bound,solver_report_between_checkpoints
k39_anonymous_1800s_seed0,1035.999563874997,1262099.935264,407312.5964154247,branch_and_bound,solver_report_between_checkpoints
k39_anonymous_1800s_seed0,1041.0047153339983,1262099.935264,407312.5964154247,branch_and_bound,solver_report_between_checkpoints
k39_anonymous_1800s_seed0,1046.0091492919964,1262099.935264,407312.5964154247,branch_and_bound,solver_report_between_checkpoints
k39_anonymous_1800s_seed0,1051.0143006669969,1262099.935264,407312.5964154247,branch_and_bound,solver_report_between_checkpoints
k39_anonymous_1800s_seed0,1056.0150947500006,1262099.935264,407312.5964154247,branch_and_bound,solver_report_between_checkpoints
k39_anonymous_1800s_seed0,1061.015338917001,1262099.935264,407312.5964154247,branch_and_bound,solver_report_between_checkpoints
k39_anonymous_1800s_seed0,1066.020118417,1262099.935264,407312.5964154247,branch_and_bound,solver_report_between_checkpoints
k39_anonymous_1800s_seed0,1071.025257166999,1262099.935264,407312.5964154247,branch_and_bound,solver_report_between_checkpoints
k39_anonymous_1800s_seed0,1076.030404792,1262099.935264,407312.5964154247,branch_and_bound,solver_report_between_checkpoints
k39_anonymous_1800s_seed0,1081.030874917,1262099.935264,407312.5964154247,branch_and_bound,solver_report_between_checkpoints
k39_anonymous_1800s_seed0,1086.036022166998,1262099.935264,407312.5964154247,branch_and_bound,solver_report_between_checkpoints
k39_anonymous_1800s_seed0,1091.041175792001,1262099.935264,407312.5964154247,branch_and_bound,solver_report_between_checkpoints
k39_anonymous_1800s_seed0,1096.0463342919975,1262099.935264,407312.5964154247,branch_and_bound,solver_report_between_checkpoints
k39_anonymous_1800s_seed0,1101.0468562919996,1262099.935264,407312.5964154247,branch_and_bound,solver_report_between_checkpoints
k39_anonymous_1800s_seed0,1106.0515245839997,1262099.935264,407312.5964154247,branch_and_bound,solver_report_between_checkpoints
k39_anonymous_1800s_seed0,1111.0522746669958,1262099.935264,407312.5964154247,branch_and_bound,solver_report_between_checkpoints
k39_anonymous_1800s_seed0,1116.0554575839997,1262099.935264,407312.5964154247,branch_and_bound,solver_report_between_checkpoints
k39_anonymous_1800s_seed0,1121.060380541996,1262099.935264,407312.5964154247,branch_and_bound,solver_report_between_checkpoints
k39_anonymous_1800s_seed0,1126.0618905839947,1262099.935264,407312.5964154247,branch_and_bound,solver_report_between_checkpoints
k39_anonymous_1800s_seed0,1131.0670580840015,1262099.935264,407312.5964154247,branch_and_bound,solver_report_between_checkpoints
k39_anonymous_1800s_seed0,1136.0712687499981,1262099.935264,407312.5964154247,branch_and_bound,solver_report_between_checkpoints
k39_anonymous_1800s_seed0,1141.0740557919999,1262099.935264,407312.5964154247,branch_and_bound,solver_report_between_checkpoints
k39_anonymous_1800s_seed0,1146.076377749996,1262099.935264,407312.5964154247,branch_and_bound,solver_report_between_checkpoints
k39_anonymous_1800s_seed0,1151.0771434169947,1262099.935264,407312.5964154247,branch_and_bound,solver_report_between_checkpoints
k39_anonymous_1800s_seed0,1156.0814270839983,1262099.935264,407312.5964154247,branch_and_bound,solver_report_between_checkpoints
k39_anonymous_1800s_seed0,1161.0865189999968,1262099.935264,407312.5964154247,branch_and_bound,solver_report_between_checkpoints
k39_anonymous_1800s_seed0,1166.0911759999944,1262099.935264,407312.5964154247,branch_and_bound,solver_report_between_checkpoints
k39_anonymous_1800s_seed0,1171.0955060839988,1262099.935264,407312.5964154247,branch_and_bound,solver_report_between_checkpoints
k39_anonymous_1800s_seed0,1176.0975530840005,1262099.935264,407312.5964154247,branch_and_bound,solver_report_between_checkpoints
k39_anonymous_1800s_seed0,1181.1027017499946,1262099.935264,407312.5964154247,branch_and_bound,solver_report_between_checkpoints
k39_anonymous_1800s_seed0,1186.1042779589989,1262099.935264,407312.5964154247,branch_and_bound,solver_report_between_checkpoints
k39_anonymous_1800s_seed0,1191.1048373339945,1262099.935264,407312.5964154247,branch_and_bound,solver_report_between_checkpoints
k39_anonymous_1800s_seed0,1196.1050996669946,1262099.935264,407312.5964154247,branch_and_bound,solver_report_between_checkpoints
k39_anonymous_1800s_seed0,1201.106447166996,1262099.935264,407312.5964154247,branch_and_bound,solver_report_between_checkpoints
k39_anonymous_1800s_seed0,1206.1090865419974,1262099.935264,407312.5964154247,branch_and_bound,solver_report_between_checkpoints
k39_anonymous_1800s_seed0,1211.1103218339995,1262099.935264,407312.5964154247,branch_and_bound,solver_report_between_checkpoints
k39_anonymous_1800s_seed0,1216.111001917001,1262099.935264,407312.5964154247,branch_and_bound,solver_report_between_checkpoints
k39_anonymous_1800s_seed0,1221.1117275840006,1262099.935264,407312.5964154247,branch_and_bound,solver_report_between_checkpoints
k39_anonymous_1800s_seed0,1226.1165680839986,1262099.935264,407312.5964154247,branch_and_bound,solver_report_between_checkpoints
k39_anonymous_1800s_seed0,1231.1178910419985,1262099.935264,407312.5964154247,branch_and_bound,solver_report_between_checkpoints
k39_anonymous_1800s_seed0,1236.1190327090007,1262099.935264,407312.5964154247,branch_and_bound,solver_report_between_checkpoints
k39_anonymous_1800s_seed0,1241.122609209,1262099.935264,407312.5964154247,branch_and_bound,solver_report_between_checkpoints
k39_anonymous_1800s_seed0,1246.1235693339986,1262099.935264,407312.5964154247,branch_and_bound,solver_report_between_checkpoints
k39_anonymous_1800s_seed0,1251.1284114590017,1262099.935264,407312.5964154247,branch_and_bound,solver_report_between_checkpoints
k39_anonymous_1800s_seed0,1256.1288265420008,1262099.935264,407312.5964154247,branch_and_bound,solver_report_between_checkpoints
k39_anonymous_1800s_seed0,1261.133004999996,1262099.935264,407312.5964154247,branch_and_bound,solver_report_between_checkpoints
k39_anonymous_1800s_seed0,1266.1341925000015,1262099.935264,407312.5964154247,branch_and_bound,solver_report_between_checkpoints
k39_anonymous_1800s_seed0,1271.1401935839967,1262099.935264,407312.5964154247,branch_and_bound,solver_report_between_checkpoints
k39_anonymous_1800s_seed0,1276.1443391249995,1262099.935264,407312.5964154247,branch_and_bound,solver_report_between_checkpoints
k39_anonymous_1800s_seed0,1281.1503035839996,1262099.935264,407312.5964154247,branch_and_bound,solver_report_between_checkpoints
k39_anonymous_1800s_seed0,1286.1555254589985,1262099.935264,407312.5964154247,branch_and_bound,solver_report_between_checkpoints
k39_anonymous_1800s_seed0,1291.1572755000016,1262099.935264,407312.5964154247,branch_and_bound,solver_report_between_checkpoints
k39_anonymous_1800s_seed0,1296.1596465839975,1262099.935264,407312.5964154247,branch_and_bound,solver_report_between_checkpoints
k39_anonymous_1800s_seed0,1301.160866291997,1262099.935264,407312.5964154247,branch_and_bound,solver_report_between_checkpoints
k39_anonymous_1800s_seed0,1306.166019958997,1262099.935264,407312.5964154247,branch_and_bound,solver_report_between_checkpoints
k39_anonymous_1800s_seed0,1311.1707899589965,1262099.935264,407312.5964154247,branch_and_bound,solver_report_between_checkpoints
k39_anonymous_1800s_seed0,1316.1759524169975,1262099.935264,407312.5964154247,branch_and_bound,solver_report_between_checkpoints
k39_anonymous_1800s_seed0,1321.1811198750001,1262099.935264,407312.5964154247,branch_and_bound,solver_report_between_checkpoints
k39_anonymous_1800s_seed0,1326.183492917,1262099.935264,407312.5964154247,branch_and_bound,solver_report_between_checkpoints
k39_anonymous_1800s_seed0,1331.1849079589956,1262099.935264,407312.5964154247,branch_and_bound,solver_report_between_checkpoints
k39_anonymous_1800s_seed0,1336.1900610839948,1262099.935264,407312.5964154247,branch_and_bound,solver_report_between_checkpoints
k39_anonymous_1800s_seed0,1341.1907837089966,1262099.935264,407312.5964154247,branch_and_bound,solver_report_between_checkpoints
k39_anonymous_1800s_seed0,1346.1915147920008,1262099.935264,407312.5964154247,branch_and_bound,solver_report_between_checkpoints
k39_anonymous_1800s_seed0,1351.1947081670005,1262099.935264,407312.5964154247,branch_and_bound,solver_report_between_checkpoints
k39_anonymous_1800s_seed0,1356.1998906669978,1262099.935264,407312.5964154247,branch_and_bound,solver_report_between_checkpoints
k39_anonymous_1800s_seed0,1361.2043094999972,1262099.935264,407312.5964154247,branch_and_bound,solver_report_between_checkpoints
k39_anonymous_1800s_seed0,1366.205712916999,1262099.935264,407312.5964154247,branch_and_bound,solver_report_between_checkpoints
k39_anonymous_1800s_seed0,1371.2098656249946,1262099.935264,407312.5964154247,branch_and_bound,solver_report_between_checkpoints
k39_anonymous_1800s_seed0,1376.210341166996,1262099.935264,407312.5964154247,branch_and_bound,solver_report_between_checkpoints
k39_anonymous_1800s_seed0,1381.2134517090017,1262099.935264,407312.5964154247,branch_and_bound,solver_report_between_checkpoints
k39_anonymous_1800s_seed0,1386.218084084001,1262099.935264,407312.5964154247,branch_and_bound,solver_report_between_checkpoints
k39_anonymous_1800s_seed0,1391.2208935839953,1262099.935264,407312.5964154247,branch_and_bound,solver_report_between_checkpoints
k39_anonymous_1800s_seed0,1396.2212870840012,1262099.935264,407312.5964154247,branch_and_bound,solver_report_between_checkpoints
k39_anonymous_1800s_seed0,1401.2233264589959,1262099.935264,407312.5964154247,branch_and_bound,solver_report_between_checkpoints
k39_anonymous_1800s_seed0,1406.2284863339955,1262099.935264,407312.5964154247,branch_and_bound,solver_report_between_checkpoints
k39_anonymous_1800s_seed0,1411.232401041998,1262099.935264,407312.5964154247,branch_and_bound,solver_report_between_checkpoints
k39_anonymous_1800s_seed0,1416.2369871670016,1262099.935264,407312.5964154247,branch_and_bound,solver_report_between_checkpoints
k39_anonymous_1800s_seed0,1421.2421627919975,1262099.935264,407312.5964154247,branch_and_bound,solver_report_between_checkpoints
k39_anonymous_1800s_seed0,1426.2452167919982,1262099.935264,407312.5964154247,branch_and_bound,solver_report_between_checkpoints
k39_anonymous_1800s_seed0,1431.2504607090013,1262099.935264,407312.5964154247,branch_and_bound,solver_report_between_checkpoints
k39_anonymous_1800s_seed0,1436.2508903339985,1262099.935264,407312.5964154247,branch_and_bound,solver_report_between_checkpoints
k39_anonymous_1800s_seed0,1441.2521633340002,1262099.935264,407312.5964154247,branch_and_bound,solver_report_between_checkpoints
k39_anonymous_1800s_seed0,1446.2524119590016,1262099.935264,407312.5964154247,branch_and_bound,solver_report_between_checkpoints
k39_anonymous_1800s_seed0,1451.2549437089983,1262099.935264,407312.5964154247,branch_and_bound,solver_report_between_checkpoints
k39_anonymous_1800s_seed0,1456.2601148749964,1262099.935264,407312.5964154247,branch_and_bound,solver_report_between_checkpoints
k39_anonymous_1800s_seed0,1461.2652675419959,1262099.935264,407312.5964154247,branch_and_bound,solver_report_between_checkpoints
k39_anonymous_1800s_seed0,1466.2686004999996,1262099.935264,407312.5964154247,branch_and_bound,solver_report_between_checkpoints
k39_anonymous_1800s_seed0,1471.2737645000016,1262099.935264,407312.5964154247,branch_and_bound,solver_report_between_checkpoints
k39_anonymous_1800s_seed0,1476.2740577500008,1262099.935264,407312.5964154247,branch_and_bound,solver_report_between_checkpoints
k39_anonymous_1800s_seed0,1481.2792258339978,1262099.935264,407312.5964154247,branch_and_bound,solver_report_between_checkpoints
k39_anonymous_1800s_seed0,1486.2799815420003,1262099.935264,407312.5964154247,branch_and_bound,solver_report_between_checkpoints
k39_anonymous_1800s_seed0,1491.2811670419978,1262099.935264,407312.5964154247,branch_and_bound,solver_report_between_checkpoints
k39_anonymous_1800s_seed0,1496.2863293339979,1262099.935264,407312.5964154247,branch_and_bound,solver_report_between_checkpoints
k39_anonymous_1800s_seed0,1501.2914941249983,1262099.935264,407312.5964154247,branch_and_bound,solver_report_between_checkpoints
k39_anonymous_1800s_seed0,1506.2957856249996,1262099.935264,407312.5964154247,branch_and_bound,solver_report_between_checkpoints
k39_anonymous_1800s_seed0,1511.3006782500015,1262099.935264,407312.5964154247,branch_and_bound,solver_report_between_checkpoints
k39_anonymous_1800s_seed0,1516.3058268339955,1262099.935264,407312.5964154247,branch_and_bound,solver_report_between_checkpoints
k39_anonymous_1800s_seed0,1521.3109633749991,1262099.935264,407312.5964154247,branch_and_bound,solver_report_between_checkpoints
k39_anonymous_1800s_seed0,1526.316136083995,1262099.935264,407312.5964154247,branch_and_bound,solver_report_between_checkpoints
k39_anonymous_1800s_seed0,1531.3212975419956,1262099.935264,407312.5964154247,branch_and_bound,solver_report_between_checkpoints
k39_anonymous_1800s_seed0,1536.3260580839997,1262099.935264,407312.5964154247,branch_and_bound,solver_report_between_checkpoints
k39_anonymous_1800s_seed0,1541.330964791996,1262099.935264,407312.5964154247,branch_and_bound,solver_report_between_checkpoints
k39_anonymous_1800s_seed0,1546.3322042919972,1262099.935264,407312.5964154247,branch_and_bound,solver_report_between_checkpoints
k39_anonymous_1800s_seed0,1551.3325536669945,1262099.935264,407312.5964154247,branch_and_bound,solver_report_between_checkpoints
k39_anonymous_1800s_seed0,1556.3341416249968,1262099.935264,407312.5964154247,branch_and_bound,solver_report_between_checkpoints
k39_anonymous_1800s_seed0,1561.3351326249976,1262099.935264,407312.5964154247,branch_and_bound,solver_report_between_checkpoints
k39_anonymous_1800s_seed0,1566.3397229170005,1262099.935264,407312.5964154247,branch_and_bound,solver_report_between_checkpoints
k39_anonymous_1800s_seed0,1571.3417899589986,1262099.935264,407312.5964154247,branch_and_bound,solver_report_between_checkpoints
k39_anonymous_1800s_seed0,1576.3429219999962,1262099.935264,407312.5964154247,branch_and_bound,solver_report_between_checkpoints
k39_anonymous_1800s_seed0,1581.3442218339987,1262099.935264,407312.5964154247,branch_and_bound,solver_report_between_checkpoints
k39_anonymous_1800s_seed0,1586.3473975839952,1262099.935264,407312.5964154247,branch_and_bound,solver_report_between_checkpoints
k39_anonymous_1800s_seed0,1591.350901124999,1262099.935264,407312.5964154247,branch_and_bound,solver_report_between_checkpoints
k39_anonymous_1800s_seed0,1596.3545943749996,1262099.935264,407312.5964154247,branch_and_bound,solver_report_between_checkpoints
k39_anonymous_1800s_seed0,1601.3559784999961,1262099.935264,407312.5964154247,branch_and_bound,solver_report_between_checkpoints
k39_anonymous_1800s_seed0,1606.3611476250007,1262099.935264,407312.5964154247,branch_and_bound,solver_report_between_checkpoints
k39_anonymous_1800s_seed0,1611.3632984590004,1262099.935264,407312.5964154247,branch_and_bound,solver_report_between_checkpoints
k39_anonymous_1800s_seed0,1616.3660904589997,1262099.935264,407312.5964154247,branch_and_bound,solver_report_between_checkpoints
k39_anonymous_1800s_seed0,1621.3712491249971,1262099.935264,407312.5964154247,branch_and_bound,solver_report_between_checkpoints
k39_anonymous_1800s_seed0,1626.376408666998,1262099.935264,407312.5964154247,branch_and_bound,solver_report_between_checkpoints
k39_anonymous_1800s_seed0,1631.377122209,1262099.935264,407312.5964154247,branch_and_bound,solver_report_between_checkpoints
k39_anonymous_1800s_seed0,1636.3798357089981,1262099.935264,407312.5964154247,branch_and_bound,solver_report_between_checkpoints
k39_anonymous_1800s_seed0,1641.383940916996,1262099.935264,407312.5964154247,branch_and_bound,solver_report_between_checkpoints
k39_anonymous_1800s_seed0,1646.3889101669993,1262099.935264,407312.5964154247,branch_and_bound,solver_report_between_checkpoints
k39_anonymous_1800s_seed0,1651.3920493339974,1262099.935264,407312.5964154247,branch_and_bound,solver_report_between_checkpoints
k39_anonymous_1800s_seed0,1656.3935488749994,1262099.935264,407312.5964154247,branch_and_bound,solver_report_between_checkpoints
k39_anonymous_1800s_seed0,1661.3975589999973,1262099.935264,407312.5964154247,branch_and_bound,solver_report_between_checkpoints
k39_anonymous_1800s_seed0,1666.397844209001,1262099.935264,407312.5964154247,branch_and_bound,solver_report_between_checkpoints
k39_anonymous_1800s_seed0,1671.3982063340009,1262099.935264,407312.5964154247,branch_and_bound,solver_report_between_checkpoints
k39_anonymous_1800s_seed0,1676.3994210839955,1262099.935264,407312.5964154247,branch_and_bound,solver_report_between_checkpoints
k39_anonymous_1800s_seed0,1681.4000469589955,1262099.935264,407312.5964154247,branch_and_bound,solver_report_between_checkpoints
k39_anonymous_1800s_seed0,1686.404244749996,1262099.935264,407312.5964154247,branch_and_bound,solver_report_between_checkpoints
k39_anonymous_1800s_seed0,1691.4094049589985,1262099.935264,407312.5964154247,branch_and_bound,solver_report_between_checkpoints
k39_anonymous_1800s_seed0,1696.4143865840015,1262099.935264,407312.5964154247,branch_and_bound,solver_report_between_checkpoints
k39_anonymous_1800s_seed0,1701.4190457090008,1262099.935264,407312.5964154247,branch_and_bound,solver_report_between_checkpoints
k39_anonymous_1800s_seed0,1706.419968958995,1262099.935264,407312.5964154247,branch_and_bound,solver_report_between_checkpoints
k39_anonymous_1800s_seed0,1711.4211166249952,1262099.935264,407312.5964154247,branch_and_bound,solver_report_between_checkpoints
k39_anonymous_1800s_seed0,1716.4226425839952,1262099.935264,407312.5964154247,branch_and_bound,solver_report_between_checkpoints
k39_anonymous_1800s_seed0,1721.422887834,1262099.935264,407312.5964154247,branch_and_bound,solver_report_between_checkpoints
k39_anonymous_1800s_seed0,1726.4276212499972,1262099.935264,407312.5964154247,branch_and_bound,solver_report_between_checkpoints
k39_anonymous_1800s_seed0,1731.4323785839952,1262099.935264,407312.5964154247,branch_and_bound,solver_report_between_checkpoints
k39_anonymous_1800s_seed0,1736.4375261249952,1262099.935264,407312.5964154247,branch_and_bound,solver_report_between_checkpoints
k39_anonymous_1800s_seed0,1741.4386719999966,1262099.935264,407312.5964154247,branch_and_bound,solver_report_between_checkpoints
k39_anonymous_1800s_seed0,1746.4388469589976,1262099.935264,407312.5964154247,branch_and_bound,solver_report_between_checkpoints
k39_anonymous_1800s_seed0,1751.4396958750003,1262099.935264,407312.5964154247,branch_and_bound,solver_report_between_checkpoints
k39_anonymous_1800s_seed0,1756.4409129999985,1262099.935264,407312.5964154247,branch_and_bound,solver_report_between_checkpoints
k39_anonymous_1800s_seed0,1761.441253500001,1262099.935264,407312.5964154247,branch_and_bound,solver_report_between_checkpoints
k39_anonymous_1800s_seed0,1766.441793334001,1262099.935264,407312.5964154247,branch_and_bound,solver_report_between_checkpoints
k39_anonymous_1800s_seed0,1771.4427426249968,1262099.935264,407312.5964154247,branch_and_bound,solver_report_between_checkpoints
k39_anonymous_1800s_seed0,1774.3430951670016,1262099.935264,433230.96576125314,solve_complete,solver_report_between_checkpoints
k39_waiting_1800s_seed0,27.34138137500122,1007532.083464,0.0,cp_bound,solver_report_between_checkpoints
k39_waiting_1800s_seed0,39.308441291002964,1007532.083464,0.0,cp_bound,solver_report_between_checkpoints
k39_waiting_1800s_seed0,40.24295174999861,1007532.083464,0.0,cp_incumbent,solver_report_between_checkpoints
k39_waiting_1800s_seed0,42.3875062080042,1007260.083464,0.0,cp_incumbent,solver_report_between_checkpoints
k39_waiting_1800s_seed0,45.184332625001844,1007203.303,0.0,cp_incumbent,solver_report_between_checkpoints
k39_waiting_1800s_seed0,47.339564957997936,1005681.848456,0.0,cp_incumbent,solver_report_between_checkpoints
k39_waiting_1800s_seed0,51.252204000003985,1005680.027264,0.0,cp_incumbent,solver_report_between_checkpoints
k39_waiting_1800s_seed0,54.28744883299805,1005408.027264,0.0,cp_incumbent,solver_report_between_checkpoints
k39_waiting_1800s_seed0,58.578333458004636,1005404.385568,0.0,cp_incumbent,solver_report_between_checkpoints
k39_waiting_1800s_seed0,59.82538566600124,1005329.683816,0.0,cp_incumbent,solver_report_between_checkpoints
k39_waiting_1800s_seed0,61.36972187500214,1005125.856904,0.0,cp_incumbent,solver_report_between_checkpoints
k39_waiting_1800s_seed0,61.85041700000147,1004401.154344,0.0,cp_incumbent,solver_report_between_checkpoints
k39_waiting_1800s_seed0,62.0636027080036,1004102.984552,0.0,cp_incumbent,solver_report_between_checkpoints
k39_waiting_1800s_seed0,63.055117583004176,1004102.984032,0.0,cp_incumbent,solver_report_between_checkpoints
k39_waiting_1800s_seed0,63.99252625000372,1004059.361756,0.0,cp_incumbent,solver_report_between_checkpoints
k39_waiting_1800s_seed0,64.01352566599962,1004059.361236,0.0,cp_incumbent,solver_report_between_checkpoints
k39_waiting_1800s_seed0,65.4570854160047,1002353.837972,0.0,cp_incumbent,solver_report_between_checkpoints
k39_waiting_1800s_seed0,65.7872852080036,1002297.837972,0.0,cp_incumbent,solver_report_between_checkpoints
k39_waiting_1800s_seed0,66.18462466599885,1002241.186684,0.0,cp_incumbent,solver_report_between_checkpoints
k39_waiting_1800s_seed0,67.23180283300462,1002076.124366,0.0,cp_incumbent,solver_report_between_checkpoints
k39_waiting_1800s_seed0,68.51455812500353,1002076.124334,0.0,cp_incumbent,solver_report_between_checkpoints
k39_waiting_1800s_seed0,68.81562400000257,1002076.124334,0.0,cp_incumbent,solver_report_between_checkpoints
k39_waiting_1800s_seed0,68.89321054099855,1002024.512684,0.0,cp_incumbent,solver_report_between_checkpoints
k39_waiting_1800s_seed0,68.91374354100117,1002024.512644,0.0,cp_incumbent,solver_report_between_checkpoints
k39_waiting_1800s_seed0,69.09217370799888,1002024.512604,0.0,cp_incumbent,solver_report_between_checkpoints
k39_waiting_1800s_seed0,69.80046412500087,1001882.561432,0.0,cp_incumbent,solver_report_between_checkpoints
k39_waiting_1800s_seed0,69.96083233300305,1001882.561408,0.0,cp_incumbent,solver_report_between_checkpoints
k39_waiting_1800s_seed0,70.5239226249978,1001882.561408,0.0,cp_incumbent,solver_report_between_checkpoints
k39_waiting_1800s_seed0,70.97282991599786,1001839.875436,0.0,cp_incumbent,solver_report_between_checkpoints
k39_waiting_1800s_seed0,70.9887725830049,1001839.875436,0.0,cp_incumbent,solver_report_between_checkpoints
k39_waiting_1800s_seed0,71.16387279100309,1001827.772876,0.0,cp_incumbent,solver_report_between_checkpoints
k39_waiting_1800s_seed0,71.77883566600212,1001555.772876,0.0,cp_incumbent,solver_report_between_checkpoints
k39_waiting_1800s_seed0,72.139738165999,1001555.772876,0.0,cp_incumbent,solver_report_between_checkpoints
k39_waiting_1800s_seed0,74.05355537500145,1001555.772852,0.0,cp_incumbent,solver_report_between_checkpoints
k39_waiting_1800s_seed0,76.28372529100307,1001485.317081,0.0,cp_incumbent,solver_report_between_checkpoints
k39_waiting_1800s_seed0,76.49005174999911,1001485.317081,0.0,cp_incumbent,solver_report_between_checkpoints
k39_waiting_1800s_seed0,82.21837275000144,1001338.617641,0.0,cp_incumbent,solver_report_between_checkpoints
k39_waiting_1800s_seed0,82.55671175000316,1001299.394512,0.0,cp_incumbent,solver_report_between_checkpoints
k39_waiting_1800s_seed0,84.43346620800003,1001284.395576,0.0,cp_incumbent,solver_report_between_checkpoints
k39_waiting_1800s_seed0,84.76185916599934,999758.6366,0.0,cp_incumbent,solver_report_between_checkpoints
k39_waiting_1800s_seed0,84.77983983299782,999743.637664,0.0,cp_incumbent,solver_report_between_checkpoints
k39_waiting_1800s_seed0,85.65482016600436,999385.619168,0.0,cp_incumbent,solver_report_between_checkpoints
k39_waiting_1800s_seed0,86.36668966599973,998720.970296,0.0,cp_incumbent,solver_report_between_checkpoints
k39_waiting_1800s_seed0,90.55479841600027,998720.970296,508.773969,cp_bound,solver_report_between_checkpoints
k39_waiting_1800s_seed0,90.74102645800303,998666.444128,508.773969,cp_incumbent,solver_report_between_checkpoints
k39_waiting_1800s_seed0,91.09368608300429,998666.444128,34614.794366,cp_bound,solver_report_between_checkpoints
k39_waiting_1800s_seed0,92.88629808300175,997897.201832,34614.794366,cp_incumbent,solver_report_between_checkpoints
k39_waiting_1800s_seed0,106.62056979100453,997897.201832,47860.283915,cp_bound,solver_report_between_checkpoints
k39_waiting_1800s_seed0,107.22325604100479,997897.201832,50192.792782,cp_bound,solver_report_between_checkpoints
k39_waiting_1800s_seed0,107.9007040409997,997897.201832,50337.630952,cp_bound,solver_report_between_checkpoints
k39_waiting_1800s_seed0,109.55770816600125,997897.201832,50475.678203,cp_bound,solver_report_between_checkpoints
k39_waiting_1800s_seed0,110.91055725000479,997897.201832,50497.819717,cp_bound,solver_report_between_checkpoints
k39_waiting_1800s_seed0,112.55784033300006,997888.93772,50500.517813,cp_incumbent,solver_report_between_checkpoints
k39_waiting_1800s_seed0,113.25573170799908,997888.93772,50501.660671,cp_bound,solver_report_between_checkpoints
k39_waiting_1800s_seed0,116.07964295800048,997888.93772,50501.851022,cp_bound,solver_report_between_checkpoints
k39_waiting_1800s_seed0,120.8464382500024,997888.93772,50502.166234,cp_bound,solver_report_between_checkpoints
k39_waiting_1800s_seed0,123.90779087500414,997888.93772,50503.612925,cp_bound,solver_report_between_checkpoints
k39_waiting_1800s_seed0,127.8641708330033,996607.940016,50503.612925,cp_incumbent,solver_report_between_checkpoints
k39_waiting_1800s_seed0,129.6925708330018,996225.693984,50503.612925,cp_incumbent,solver_report_between_checkpoints
k39_waiting_1800s_seed0,134.33740920800483,996225.693968,50503.612925,cp_incumbent,solver_report_between_checkpoints
k39_waiting_1800s_seed0,138.0185190830016,996215.779832,50503.612925,cp_incumbent,solver_report_between_checkpoints
k39_waiting_1800s_seed0,138.3828061250024,996192.195912,50503.612925,cp_incumbent,solver_report_between_checkpoints
k39_waiting_1800s_seed0,140.64282454099884,996185.82656,50503.612925,cp_incumbent,solver_report_between_checkpoints
k39_waiting_1800s_seed0,141.85051616599958,995970.477848,50503.612925,cp_incumbent,solver_report_between_checkpoints
k39_waiting_1800s_seed0,145.31267291599943,995531.799712,50503.612925,cp_incumbent,solver_report_between_checkpoints
k39_waiting_1800s_seed0,148.47555958299927,995504.942568,50503.612925,cp_incumbent,solver_report_between_checkpoints
k39_waiting_1800s_seed0,155.40049945800274,993711.488024,50503.612925,cp_incumbent,solver_report_between_checkpoints
k39_waiting_1800s_seed0,162.78871775000152,993686.27096,50503.612925,cp_incumbent,solver_report_between_checkpoints
k39_waiting_1800s_seed0,167.7917193750036,993686.27096,50503.612925,cp_incumbent,solver_report_between_checkpoints
k39_waiting_1800s_seed0,174.55034079100005,993414.270952,50503.612925,cp_incumbent,solver_report_between_checkpoints
k39_waiting_1800s_seed0,182.3476333330036,993414.270952,50503.612925,cp_incumbent,solver_report_between_checkpoints
k39_waiting_1800s_seed0,270.9459022500014,993368.027,50503.612925,cp_incumbent,solver_report_between_checkpoints
k39_waiting_1800s_seed0,323.80215245800355,993280.814648,50503.612925,cp_incumbent,solver_report_between_checkpoints
k39_waiting_1800s_seed0,329.9358252079983,993239.305832,50503.612925,cp_incumbent,solver_report_between_checkpoints
k39_waiting_1800s_seed0,339.11331591600174,993221.433784,50503.612925,cp_incumbent,solver_report_between_checkpoints
k39_waiting_1800s_seed0,341.15583779100416,992990.9426,50503.612925,cp_incumbent,solver_report_between_checkpoints
k39_waiting_1800s_seed0,357.40297891600494,992990.9426,50504.3853,cp_bound,solver_report_between_checkpoints
k39_waiting_1800s_seed0,361.6102700410047,992990.9426,50508.832753,cp_bound,solver_report_between_checkpoints
k39_waiting_1800s_seed0,373.21232595800393,992990.9426,50540.465237,cp_bound,solver_report_between_checkpoints
k39_waiting_1800s_seed0,373.7908077079992,992990.9426,51178.823016,cp_bound,solver_report_between_checkpoints
k39_waiting_1800s_seed0,375.000738833005,992990.9426,51237.498944,cp_bound,solver_report_between_checkpoints
k39_waiting_1800s_seed0,377.04073004100064,992990.9426,51238.077602,cp_bound,solver_report_between_checkpoints
k39_waiting_1800s_seed0,381.6768338750044,992990.9426,51570.232895,cp_bound,solver_report_between_checkpoints
k39_waiting_1800s_seed0,382.31911258299806,992990.9426,52067.087382,cp_bound,solver_report_between_checkpoints
k39_waiting_1800s_seed0,383.25195237500157,992990.9426,52487.991511,cp_bound,solver_report_between_checkpoints
k39_waiting_1800s_seed0,400.0011133750013,992990.9426,52656.253901,cp_bound,solver_report_between_checkpoints
k39_waiting_1800s_seed0,400.70619850000367,992990.9426,53116.576886,cp_bound,solver_report_between_checkpoints
k39_waiting_1800s_seed0,401.90419829099847,992990.9426,54267.551764,cp_bound,solver_report_between_checkpoints
k39_waiting_1800s_seed0,402.871145582998,992990.9426,54747.527322,cp_bound,solver_report_between_checkpoints
k39_waiting_1800s_seed0,403.7159312500007,992990.9426,54852.033195,cp_bound,solver_report_between_checkpoints
k39_waiting_1800s_seed0,404.63331366600323,992990.9426,55559.370938,cp_bound,solver_report_between_checkpoints
k39_waiting_1800s_seed0,405.52138554100384,992990.9426,56100.974337,cp_bound,solver_report_between_checkpoints
k39_waiting_1800s_seed0,406.3559857080036,992990.9426,56287.342528,cp_bound,solver_report_between_checkpoints
k39_waiting_1800s_seed0,407.18055966599786,992990.9426,56544.674406,cp_bound,solver_report_between_checkpoints
k39_waiting_1800s_seed0,408.2737911660006,992990.9426,56767.340386,cp_bound,solver_report_between_checkpoints
k39_waiting_1800s_seed0,409.1361997080021,992990.9426,56875.729293,cp_bound,solver_report_between_checkpoints
k39_waiting_1800s_seed0,410.05973095800437,992990.9426,56936.935781,cp_bound,solver_report_between_checkpoints
k39_waiting_1800s_seed0,411.07066787499934,992990.9426,57014.179583,cp_bound,solver_report_between_checkpoints
k39_waiting_1800s_seed0,412.31599216600443,992990.9426,57735.604075,cp_bound,solver_report_between_checkpoints
k39_waiting_1800s_seed0,413.44718520800234,992990.9426,58363.638841,cp_bound,solver_report_between_checkpoints
k39_waiting_1800s_seed0,414.57892412500223,992990.9426,59313.990622,cp_bound,solver_report_between_checkpoints
k39_waiting_1800s_seed0,424.8295263750042,991733.507344,59313.990622,cp_incumbent,solver_report_between_checkpoints
k39_waiting_1800s_seed0,426.5211252500012,991505.537992,59313.990622,cp_incumbent,solver_report_between_checkpoints
k39_waiting_1800s_seed0,431.51105950000056,991412.3118,59313.990622,cp_incumbent,solver_report_between_checkpoints
k39_waiting_1800s_seed0,431.69836962500267,991325.896696,59313.990622,cp_incumbent,solver_report_between_checkpoints
k39_waiting_1800s_seed0,431.9016184580032,991325.896696,59575.587408,cp_bound,solver_report_between_checkpoints
k39_waiting_1800s_seed0,432.15184941600455,991292.123912,59941.67188,cp_incumbent,solver_report_between_checkpoints
k39_waiting_1800s_seed0,432.5420598749988,990075.226368,59942.787645,cp_incumbent,solver_report_between_checkpoints
k39_waiting_1800s_seed0,432.94556400000147,990075.226368,60335.796508,cp_bound,solver_report_between_checkpoints
k39_waiting_1800s_seed0,433.006119083002,990073.101432,60335.796512,cp_incumbent,solver_report_between_checkpoints
k39_waiting_1800s_seed0,433.74864404099935,989712.165122,60335.796512,cp_incumbent,solver_report_between_checkpoints
k39_waiting_1800s_seed0,433.9057621250031,989712.165122,60494.872342,cp_bound,solver_report_between_checkpoints
k39_waiting_1800s_seed0,434.41778599999816,989712.165122,60789.5411,cp_bound,solver_report_between_checkpoints
k39_waiting_1800s_seed0,434.66057100000035,989559.050728,60789.5411,cp_incumbent,solver_report_between_checkpoints
k39_waiting_1800s_seed0,435.2314138330039,989559.050728,61665.667026,cp_bound,solver_report_between_checkpoints
k39_waiting_1800s_seed0,436.1820782080031,989114.963296,62757.876351,cp_incumbent,solver_report_between_checkpoints
k39_waiting_1800s_seed0,436.3268302910001,989114.963296,62789.74991,cp_bound,solver_report_between_checkpoints
k39_waiting_1800s_seed0,436.4995046660042,989111.155364,62789.74991,cp_incumbent,solver_report_between_checkpoints
k39_waiting_1800s_seed0,436.51937258300313,985331.805144,62789.74991,cp_incumbent,solver_report_between_checkpoints
k39_waiting_1800s_seed0,436.5343426660038,984883.90978,62789.74991,cp_incumbent,solver_report_between_checkpoints
k39_waiting_1800s_seed0,437.15656920800393,983036.81556,62789.74991,cp_incumbent,solver_report_between_checkpoints
k39_waiting_1800s_seed0,437.2000857910025,983036.81556,64101.264424,cp_bound,solver_report_between_checkpoints
k39_waiting_1800s_seed0,437.25951870800054,982951.567848,64101.264424,cp_incumbent,solver_report_between_checkpoints
k39_waiting_1800s_seed0,437.38205408299837,982228.162044,64101.264424,cp_incumbent,solver_report_between_checkpoints
k39_waiting_1800s_seed0,438.00996183299867,965681.202978,64101.264424,cp_incumbent,solver_report_between_checkpoints
k39_waiting_1800s_seed0,438.82513729100174,965681.202978,64734.669423,cp_bound,solver_report_between_checkpoints
k39_waiting_1800s_seed0,439.525963125001,965681.202978,65342.884759,cp_bound,solver_report_between_checkpoints
k39_waiting_1800s_seed0,446.57921599999827,965681.202978,65342.884759,cp_incumbent,solver_report_between_checkpoints
k39_waiting_1800s_seed0,447.0387906660035,965674.863578,65342.884759,cp_incumbent,solver_report_between_checkpoints
k39_waiting_1800s_seed0,447.6004982500017,965612.330224,65342.884759,cp_incumbent,solver_report_between_checkpoints
k39_waiting_1800s_seed0,447.6255524160006,965194.281792,65342.884759,cp_incumbent,solver_report_between_checkpoints
k39_waiting_1800s_seed0,447.8069335410037,965161.31854,65342.884759,cp_incumbent,solver_report_between_checkpoints
k39_waiting_1800s_seed0,450.8842793750009,965154.249548,65342.884759,cp_incumbent,solver_report_between_checkpoints
k39_waiting_1800s_seed0,451.8284372499984,960759.736164,65342.884759,cp_incumbent,solver_report_between_checkpoints
k39_waiting_1800s_seed0,452.34006179100106,960741.252916,65342.884759,cp_incumbent,solver_report_between_checkpoints
k39_waiting_1800s_seed0,452.63242729099875,958122.253512,65342.884759,cp_incumbent,solver_report_between_checkpoints
k39_waiting_1800s_seed0,453.0086832500019,957954.50076,65342.884759,cp_incumbent,solver_report_between_checkpoints
k39_waiting_1800s_seed0,453.42803950000234,953726.675437,65342.884759,cp_incumbent,solver_report_between_checkpoints
k39_waiting_1800s_seed0,453.6440190830035,953703.717938,65342.884759,cp_incumbent,solver_report_between_checkpoints
k39_waiting_1800s_seed0,454.0146811250015,953265.859834,65342.884759,cp_incumbent,solver_report_between_checkpoints
k39_waiting_1800s_seed0,454.3175466660032,953257.85733,65342.884759,cp_incumbent,solver_report_between_checkpoints
k39_waiting_1800s_seed0,454.3236706250027,953257.85733,65906.020329,cp_bound,solver_report_between_checkpoints
k39_waiting_1800s_seed0,454.52357070799917,953250.788338,65906.020329,cp_incumbent,solver_report_between_checkpoints
k39_waiting_1800s_seed0,455.06409179099865,953250.788338,66180.82002,cp_bound,solver_report_between_checkpoints
k39_waiting_1800s_seed0,456.12092262499937,953250.788338,67235.921015,cp_bound,solver_report_between_checkpoints
k39_waiting_1800s_seed0,456.9631520000039,950886.52249,68727.63478,cp_incumbent,solver_report_between_checkpoints
k39_waiting_1800s_seed0,457.28077833299903,950886.52249,69179.089491,cp_bound,solver_report_between_checkpoints
k39_waiting_1800s_seed0,458.40358779099915,950886.52249,69689.805992,cp_bound,solver_report_between_checkpoints
k39_waiting_1800s_seed0,459.477009166003,950886.52249,70181.044156,cp_bound,solver_report_between_checkpoints
k39_waiting_1800s_seed0,460.175208916,950486.901354,70499.770682,cp_incumbent,solver_report_between_checkpoints
k39_waiting_1800s_seed0,460.3013548329982,950376.755868,70499.770682,cp_incumbent,solver_report_between_checkpoints
k39_waiting_1800s_seed0,460.3862734159993,949777.436038,70499.770682,cp_incumbent,solver_report_between_checkpoints
k39_waiting_1800s_seed0,460.53186579100293,949777.436038,70544.343782,cp_bound,solver_report_between_checkpoints
k39_waiting_1800s_seed0,460.8187850000031,949758.95279,70544.343782,cp_incumbent,solver_report_between_checkpoints
k39_waiting_1800s_seed0,461.67861612499837,949758.95279,70736.102176,cp_bound,solver_report_between_checkpoints
k39_waiting_1800s_seed0,461.76700662499934,949675.685663,70736.102176,cp_incumbent,solver_report_between_checkpoints
k39_waiting_1800s_seed0,463.92836700000043,949603.834943,70922.994866,cp_incumbent,solver_report_between_checkpoints
k39_waiting_1800s_seed0,464.0991267080026,949573.036372,70922.994866,cp_incumbent,solver_report_between_checkpoints
k39_waiting_1800s_seed0,464.4616580830043,949559.204828,70922.994866,cp_incumbent,solver_report_between_checkpoints
k39_waiting_1800s_seed0,464.5442545000042,949547.377836,70922.994866,cp_incumbent,solver_report_between_checkpoints
k39_waiting_1800s_seed0,464.5593573330043,949533.546292,70922.994866,cp_incumbent,solver_report_between_checkpoints
k39_waiting_1800s_seed0,464.9202637080016,949490.67074,70922.994866,cp_incumbent,solver_report_between_checkpoints
k39_waiting_1800s_seed0,465.8752647910005,947044.963735,70922.994866,cp_incumbent,solver_report_between_checkpoints
k39_waiting_1800s_seed0,466.4960355830044,946277.638369,70922.994866,cp_incumbent,solver_report_between_checkpoints
k39_waiting_1800s_seed0,466.98470700000325,946276.842567,70922.994866,cp_incumbent,solver_report_between_checkpoints
k39_waiting_1800s_seed0,467.4674216659987,946276.842567,71098.790757,cp_bound,solver_report_between_checkpoints
k39_waiting_1800s_seed0,467.6370738330006,946192.468681,71281.230047,cp_incumbent,solver_report_between_checkpoints
k39_waiting_1800s_seed0,467.97090704100265,946167.55386,71874.96265,cp_incumbent,solver_report_between_checkpoints
k39_waiting_1800s_seed0,468.0039156249986,944006.462952,71874.96265,cp_incumbent,solver_report_between_checkpoints
k39_waiting_1800s_seed0,468.025813666005,944006.462952,72106.160106,cp_bound,solver_report_between_checkpoints
k39_waiting_1800s_seed0,468.15155595800024,944005.762812,72265.223425,cp_incumbent,solver_report_between_checkpoints
k39_waiting_1800s_seed0,468.1897328749983,943988.896844,72265.223425,cp_incumbent,solver_report_between_checkpoints
k39_waiting_1800s_seed0,468.78434116599965,943988.896844,73456.619127,cp_bound,solver_report_between_checkpoints
k39_waiting_1800s_seed0,469.50382495800295,943988.896844,74135.051085,cp_bound,solver_report_between_checkpoints
k39_waiting_1800s_seed0,470.152846666002,943707.567401,74184.999352,cp_incumbent,solver_report_between_checkpoints
k39_waiting_1800s_seed0,470.2363315830007,943512.381425,74184.999352,cp_incumbent,solver_report_between_checkpoints
k39_waiting_1800s_seed0,470.56049975000496,943512.381425,74185.014564,cp_bound,solver_report_between_checkpoints
k39_waiting_1800s_seed0,470.59680612500233,942414.104927,74185.014564,cp_incumbent,solver_report_between_checkpoints
k39_waiting_1800s_seed0,470.7466312079996,941925.883391,74185.014564,cp_incumbent,solver_report_between_checkpoints
k39_waiting_1800s_seed0,470.79007866600296,941459.904064,74463.109653,cp_incumbent,solver_report_between_checkpoints
k39_waiting_1800s_seed0,470.80456850000337,940971.682528,74463.109653,cp_incumbent,solver_report_between_checkpoints
k39_waiting_1800s_seed0,471.93398462500045,940837.257104,74480.344722,cp_incumbent,solver_report_between_checkpoints
k39_waiting_1800s_seed0,472.31247141600034,940356.606263,74480.344722,cp_incumbent,solver_report_between_checkpoints
k39_waiting_1800s_seed0,475.54691837500286,940167.46089,74480.344722,cp_incumbent,solver_report_between_checkpoints
k39_waiting_1800s_seed0,475.9373039580023,940167.46089,74480.352088,cp_bound,solver_report_between_checkpoints
k39_waiting_1800s_seed0,476.104808707998,939385.148226,74480.352088,cp_incumbent,solver_report_between_checkpoints
k39_waiting_1800s_seed0,480.02549949999957,939299.679483,74662.278806,cp_incumbent,solver_report_between_checkpoints
k39_waiting_1800s_seed0,480.4003034580019,939237.900336,74662.278806,cp_incumbent,solver_report_between_checkpoints
k39_waiting_1800s_seed0,487.3639933750019,938976.752736,74662.278806,cp_incumbent,solver_report_between_checkpoints
k39_waiting_1800s_seed0,490.28289866600244,938976.752736,74677.990502,cp_bound,solver_report_between_checkpoints
k39_waiting_1800s_seed0,491.13172362500336,938976.752736,74722.712501,cp_bound,solver_report_between_checkpoints
k39_waiting_1800s_seed0,491.4171430409988,938753.365315,74723.468977,cp_incumbent,solver_report_between_checkpoints
k39_waiting_1800s_seed0,493.29716833300336,938730.407816,74723.468977,cp_incumbent,solver_report_between_checkpoints
k39_waiting_1800s_seed0,494.24877645800007,938730.407816,74725.213975,cp_bound,solver_report_between_checkpoints
k39_waiting_1800s_seed0,494.76629129100183,938730.407816,74789.004805,cp_bound,solver_report_between_checkpoints
k39_waiting_1800s_seed0,495.29471212500357,938730.407816,74800.434133,cp_bound,solver_report_between_checkpoints
k39_waiting_1800s_seed0,498.5485676660028,938730.407816,74803.370655,cp_bound,solver_report_between_checkpoints
k39_waiting_1800s_seed0,503.5095206660044,935894.638768,74805.341542,cp_incumbent,solver_report_between_checkpoints
k39_waiting_1800s_seed0,504.0331942080011,935716.900664,74805.341542,cp_incumbent,solver_report_between_checkpoints
k39_waiting_1800s_seed0,505.2190909580022,935585.123788,74805.341542,cp_incumbent,solver_report_between_checkpoints
k39_waiting_1800s_seed0,505.3329794579986,935585.123788,74805.347695,cp_bound,solver_report_between_checkpoints
k39_waiting_1800s_seed0,506.4522805410015,935585.123788,74869.162229,cp_bound,solver_report_between_checkpoints
k39_waiting_1800s_seed0,508.09054850000393,935520.649203,74872.837373,cp_incumbent,solver_report_between_checkpoints
k39_waiting_1800s_seed0,508.3965129999997,934687.319652,74872.837373,cp_incumbent,solver_report_between_checkpoints
k39_waiting_1800s_seed0,508.410559750002,934622.845067,74872.837373,cp_incumbent,solver_report_between_checkpoints
k39_waiting_1800s_seed0,509.75474520800344,934613.447219,74872.837373,cp_incumbent,solver_report_between_checkpoints
k39_waiting_1800s_seed0,511.08272916600254,934568.314747,74872.837373,cp_incumbent,solver_report_between_checkpoints
k39_waiting_1800s_seed0,511.2344739580003,934566.413203,74872.837373,cp_incumbent,solver_report_between_checkpoints
k39_waiting_1800s_seed0,512.6692657500025,932575.271009,74872.837373,cp_incumbent,solver_report_between_checkpoints
k39_waiting_1800s_seed0,516.5388395000045,932523.502112,74872.837373,cp_incumbent,solver_report_between_checkpoints
k39_waiting_1800s_seed0,517.4866904580049,932387.804837,74872.837373,cp_incumbent,solver_report_between_checkpoints
k39_waiting_1800s_seed0,519.1236457909981,932095.025873,74872.837373,cp_incumbent,solver_report_between_checkpoints
k39_waiting_1800s_seed0,520.3853437910002,932086.464125,74872.837373,cp_incumbent,solver_report_between_checkpoints
k39_waiting_1800s_seed0,533.209150708004,932018.282306,74872.837373,cp_incumbent,solver_report_between_checkpoints
k39_waiting_1800s_seed0,534.4549024160006,932012.975041,74872.837373,cp_incumbent,solver_report_between_checkpoints
k39_waiting_1800s_seed0,536.941525000002,931290.378313,74872.837373,cp_incumbent,solver_report_between_checkpoints
k39_waiting_1800s_seed0,539.7046860410046,931058.945185,74872.837373,cp_incumbent,solver_report_between_checkpoints
k39_waiting_1800s_seed0,542.0811941249995,929444.750585,74872.837373,cp_incumbent,solver_report_between_checkpoints
k39_waiting_1800s_seed0,543.198243208004,929434.647169,74872.837373,cp_incumbent,solver_report_between_checkpoints
k39_waiting_1800s_seed0,543.5056274579983,929375.089209,74872.837373,cp_incumbent,solver_report_between_checkpoints
k39_waiting_1800s_seed0,544.4781210830042,928628.522721,74872.837373,cp_incumbent,solver_report_between_checkpoints
k39_waiting_1800s_seed0,545.0442751250011,928361.613633,74872.837373,cp_incumbent,solver_report_between_checkpoints
k39_waiting_1800s_seed0,545.5352677080009,928099.372382,74872.837373,cp_incumbent,solver_report_between_checkpoints
k39_waiting_1800s_seed0,547.5938355830003,927670.852246,74872.837373,cp_incumbent,solver_report_between_checkpoints
k39_waiting_1800s_seed0,548.3485829159981,927645.846262,74872.837373,cp_incumbent,solver_report_between_checkpoints
k39_waiting_1800s_seed0,549.8063567499994,927592.910918,74872.837373,cp_incumbent,solver_report_between_checkpoints
k39_waiting_1800s_seed0,550.2866461660014,927531.577886,74872.837373,cp_incumbent,solver_report_between_checkpoints
k39_waiting_1800s_seed0,550.3009600830046,927478.642542,74872.837373,cp_incumbent,solver_report_between_checkpoints
k39_waiting_1800s_seed0,551.5914537499993,927387.299262,74872.837373,cp_incumbent,solver_report_between_checkpoints
k39_waiting_1800s_seed0,551.9627712910005,927372.300318,74872.837373,cp_incumbent,solver_report_between_checkpoints
k39_waiting_1800s_seed0,552.1452426250034,927350.400414,74872.837373,cp_incumbent,solver_report_between_checkpoints
k39_waiting_1800s_seed0,555.8176019579987,927326.993347,74872.837373,cp_incumbent,solver_report_between_checkpoints
k39_waiting_1800s_seed0,556.7776778330008,927292.065866,74872.837373,cp_incumbent,solver_report_between_checkpoints
k39_waiting_1800s_seed0,558.1148019579996,927288.459922,74872.837373,cp_incumbent,solver_report_between_checkpoints
k39_waiting_1800s_seed0,562.262897958004,925389.09585,74872.837373,cp_incumbent,solver_report_between_checkpoints
k39_waiting_1800s_seed0,562.4074563329996,924902.750368,74872.837373,cp_incumbent,solver_report_between_checkpoints
k39_waiting_1800s_seed0,562.714778833004,924801.771472,74872.837373,cp_incumbent,solver_report_between_checkpoints
k39_waiting_1800s_seed0,563.0219982080016,924800.83796,74872.837373,cp_incumbent,solver_report_between_checkpoints
k39_waiting_1800s_seed0,563.2026006660017,923526.683696,74872.837373,cp_incumbent,solver_report_between_checkpoints
k39_waiting_1800s_seed0,563.2572603750014,923516.53444,74872.837373,cp_incumbent,solver_report_between_checkpoints
k39_waiting_1800s_seed0,563.6293765829978,923516.53444,74872.837373,cp_incumbent,solver_report_between_checkpoints
k39_waiting_1800s_seed0,564.3523088750007,923488.539848,74872.837373,cp_incumbent,solver_report_between_checkpoints
k39_waiting_1800s_seed0,566.0417877500004,923461.712664,74872.837373,cp_incumbent,solver_report_between_checkpoints
k39_waiting_1800s_seed0,566.6375310410003,923461.712664,74872.837373,cp_incumbent,solver_report_between_checkpoints
k39_waiting_1800s_seed0,566.9918360829979,923461.712648,74872.837373,cp_incumbent,solver_report_between_checkpoints
k39_waiting_1800s_seed0,567.2826944160042,923459.939456,74872.837373,cp_incumbent,solver_report_between_checkpoints
k39_waiting_1800s_seed0,575.8312491250035,923459.939456,74872.837373,cp_incumbent,solver_report_between_checkpoints
k39_waiting_1800s_seed0,576.9516997500032,923459.93944,74872.837373,cp_incumbent,solver_report_between_checkpoints
k39_waiting_1800s_seed0,581.6364513750013,923259.982864,74872.837373,cp_incumbent,solver_report_between_checkpoints
k39_waiting_1800s_seed0,584.3908695830032,923192.012432,74872.837373,cp_incumbent,solver_report_between_checkpoints
k39_waiting_1800s_seed0,584.9327934579997,923180.685832,74872.837373,cp_incumbent,solver_report_between_checkpoints
k39_waiting_1800s_seed0,585.2484813330011,922651.031903,74872.837373,cp_incumbent,solver_report_between_checkpoints
k39_waiting_1800s_seed0,585.6071781249993,922650.234647,74872.837373,cp_incumbent,solver_report_between_checkpoints
k39_waiting_1800s_seed0,586.9073107910008,922535.844079,74872.837373,cp_incumbent,solver_report_between_checkpoints
k39_waiting_1800s_seed0,586.9303782080024,922458.316566,74872.837373,cp_incumbent,solver_report_between_checkpoints
k39_waiting_1800s_seed0,587.6250900829982,922457.383062,74872.837373,cp_incumbent,solver_report_between_checkpoints
k39_waiting_1800s_seed0,589.2784345410037,922444.35747,74872.837373,cp_incumbent,solver_report_between_checkpoints
k39_waiting_1800s_seed0,590.8101835830021,922441.556966,74872.837373,cp_incumbent,solver_report_between_checkpoints
k39_waiting_1800s_seed0,591.7812645000013,922441.556966,74872.837373,cp_incumbent,solver_report_between_checkpoints
k39_waiting_1800s_seed0,592.1195667080028,922440.623454,74872.837373,cp_incumbent,solver_report_between_checkpoints
k39_waiting_1800s_seed0,592.7465631660016,922439.689942,74872.837373,cp_incumbent,solver_report_between_checkpoints
k39_waiting_1800s_seed0,594.0594225410023,922438.072662,74872.837373,cp_incumbent,solver_report_between_checkpoints
k39_waiting_1800s_seed0,594.8993463330044,922438.072662,74872.837373,cp_incumbent,solver_report_between_checkpoints
k39_waiting_1800s_seed0,595.2281134160003,922415.958886,74872.837373,cp_incumbent,solver_report_between_checkpoints
k39_waiting_1800s_seed0,595.5610626249982,922415.958886,74872.837373,cp_incumbent,solver_report_between_checkpoints
k39_waiting_1800s_seed0,595.8836151249998,920592.353082,74872.837373,cp_incumbent,solver_report_between_checkpoints
k39_waiting_1800s_seed0,597.4074739580028,920284.171458,74872.837373,cp_incumbent,solver_report_between_checkpoints
k39_waiting_1800s_seed0,598.1345028750002,920283.207978,74872.837373,cp_incumbent,solver_report_between_checkpoints
k39_waiting_1800s_seed0,600.7111883329999,920259.428717,74872.837373,cp_incumbent,solver_report_between_checkpoints
k39_waiting_1800s_seed0,601.0187157910041,920236.354529,74872.837373,cp_incumbent,solver_report_between_checkpoints
k39_waiting_1800s_seed0,601.4455655409984,920236.354529,74872.837373,cp_incumbent,solver_report_between_checkpoints
k39_waiting_1800s_seed0,601.8606519579989,920234.737241,74872.837373,cp_incumbent,solver_report_between_checkpoints
k39_waiting_1800s_seed0,602.0611458330022,920132.440079,74872.837373,cp_incumbent,solver_report_between_checkpoints
k39_waiting_1800s_seed0,602.2245456660021,920130.822799,74872.837373,cp_incumbent,solver_report_between_checkpoints
k39_waiting_1800s_seed0,602.4502502079995,920130.822799,74872.837373,cp_incumbent,solver_report_between_checkpoints
k39_waiting_1800s_seed0,602.8378451250028,919530.308927,74872.837373,cp_incumbent,solver_report_between_checkpoints
k39_waiting_1800s_seed0,604.1640079580029,919482.627223,74872.837373,cp_incumbent,solver_report_between_checkpoints
k39_waiting_1800s_seed0,609.3688151250026,919482.627223,75644.66662,cp_bound,solver_report_between_checkpoints
k39_waiting_1800s_seed0,610.4928271250028,919482.627223,76994.734368,cp_bound,solver_report_between_checkpoints
k39_waiting_1800s_seed0,612.3435641250035,919457.622479,76994.734368,cp_incumbent,solver_report_between_checkpoints
k39_waiting_1800s_seed0,613.1570025000037,919457.622479,76994.734368,cp_incumbent,solver_report_between_checkpoints
k39_waiting_1800s_seed0,618.9681927080019,919025.003688,76994.734368,cp_incumbent,solver_report_between_checkpoints
k39_waiting_1800s_seed0,625.6728413329984,919025.003688,76994.778155,cp_bound,solver_report_between_checkpoints
k39_waiting_1800s_seed0,626.6388955830043,919025.003688,78649.242767,cp_bound,solver_report_between_checkpoints
k39_waiting_1800s_seed0,629.4058919160016,918963.226424,78649.242767,cp_incumbent,solver_report_between_checkpoints
k39_waiting_1800s_seed0,633.9937042910024,918963.226424,78988.414351,cp_bound,solver_report_between_checkpoints
k39_waiting_1800s_seed0,642.4773761660035,918963.226424,79504.230129,cp_bound,solver_report_between_checkpoints
k39_waiting_1800s_seed0,645.3371348750006,918963.226424,80314.043817,cp_bound,solver_report_between_checkpoints
k39_waiting_1800s_seed0,653.0971035410039,918958.391355,80314.043817,cp_incumbent,solver_report_between_checkpoints
k39_waiting_1800s_seed0,653.9123492910003,918924.545872,80314.043817,cp_incumbent,solver_report_between_checkpoints
k39_waiting_1800s_seed0,657.8713989160024,918788.749506,80314.043817,cp_incumbent,solver_report_between_checkpoints
k39_waiting_1800s_seed0,659.1022664160046,918788.749506,80497.67596,cp_bound,solver_report_between_checkpoints
k39_waiting_1800s_seed0,666.5094229160022,918651.443608,81177.976118,cp_incumbent,solver_report_between_checkpoints
k39_waiting_1800s_seed0,670.8144870410033,918651.443608,81673.467112,cp_bound,solver_report_between_checkpoints
k39_waiting_1800s_seed0,681.8452856660006,918593.05304,81985.005617,cp_incumbent,solver_report_between_checkpoints
k39_waiting_1800s_seed0,684.8932065830013,918593.05304,82173.730654,cp_bound,solver_report_between_checkpoints
k39_waiting_1800s_seed0,685.0293081249984,918537.281736,82173.730654,cp_incumbent,solver_report_between_checkpoints
k39_waiting_1800s_seed0,685.5260352500045,918481.281736,82673.525929,cp_incumbent,solver_report_between_checkpoints
k39_waiting_1800s_seed0,687.2134105000005,914750.972168,82673.525929,cp_incumbent,solver_report_between_checkpoints
k39_waiting_1800s_seed0,696.6555271250036,914750.972168,82867.872473,cp_bound,solver_report_between_checkpoints
k39_waiting_1800s_seed0,697.0538922080013,914750.972168,82983.547492,cp_incumbent,solver_report_between_checkpoints
k39_waiting_1800s_seed0,699.1343501660012,912644.905152,82983.547492,cp_incumbent,solver_report_between_checkpoints
k39_waiting_1800s_seed0,712.2169387910035,912644.905152,83070.984397,cp_bound,solver_report_between_checkpoints
k39_waiting_1800s_seed0,722.350411833002,912643.08396,83108.415522,cp_incumbent,solver_report_between_checkpoints
k39_waiting_1800s_seed0,723.0420159159985,912641.262768,83108.415522,cp_incumbent,solver_report_between_checkpoints
k39_waiting_1800s_seed0,725.4364889580029,912331.899064,83108.415522,cp_incumbent,solver_report_between_checkpoints
k39_waiting_1800s_seed0,725.8345899999986,912242.359376,83108.415522,cp_incumbent,solver_report_between_checkpoints
k39_waiting_1800s_seed0,728.3308426250005,912242.359376,83136.339497,cp_bound,solver_report_between_checkpoints
k39_waiting_1800s_seed0,728.4220021250003,912215.502232,83136.339497,cp_incumbent,solver_report_between_checkpoints
k39_waiting_1800s_seed0,728.947148750005,912215.502232,84147.426399,cp_bound,solver_report_between_checkpoints
k39_waiting_1800s_seed0,730.7508545829987,911448.449456,84147.426399,cp_incumbent,solver_report_between_checkpoints
k39_waiting_1800s_seed0,731.1919298749999,911365.388392,84147.426399,cp_incumbent,solver_report_between_checkpoints
k39_waiting_1800s_seed0,741.8796927080039,911361.426136,84147.426399,cp_incumbent,solver_report_between_checkpoints
k39_waiting_1800s_seed0,742.523959875005,910920.072433,84147.426399,cp_incumbent,solver_report_between_checkpoints
k39_waiting_1800s_seed0,744.8742682500015,910920.072433,84148.568715,cp_bound,solver_report_between_checkpoints
k39_waiting_1800s_seed0,746.3410869580039,909195.337217,84243.161675,cp_incumbent,solver_report_between_checkpoints
k39_waiting_1800s_seed0,749.7508139580023,909132.286688,84243.161675,cp_incumbent,solver_report_between_checkpoints
k39_waiting_1800s_seed0,749.926588291004,909123.396256,84243.161675,cp_incumbent,solver_report_between_checkpoints
k39_waiting_1800s_seed0,761.0530437909983,909123.396256,84248.376068,cp_bound,solver_report_between_checkpoints
k39_waiting_1800s_seed0,763.3028627079984,908864.18324,84282.979968,cp_incumbent,solver_report_between_checkpoints
k39_waiting_1800s_seed0,767.2849935830018,908862.362048,84282.979968,cp_incumbent,solver_report_between_checkpoints
k39_waiting_1800s_seed0,768.533658332999,908860.540864,84282.979968,cp_incumbent,solver_report_between_checkpoints
k39_waiting_1800s_seed0,770.6994677500043,908857.944248,84282.979968,cp_incumbent,solver_report_between_checkpoints
k39_waiting_1800s_seed0,772.0823544160012,908854.603384,84282.979968,cp_incumbent,solver_report_between_checkpoints
k39_waiting_1800s_seed0,777.2270568329986,908854.603384,84298.282353,cp_bound,solver_report_between_checkpoints
k39_waiting_1800s_seed0,778.1651006660031,908854.603384,84387.336796,cp_bound,solver_report_between_checkpoints
k39_waiting_1800s_seed0,785.8539522499996,908854.603384,84503.655573,cp_incumbent,solver_report_between_checkpoints
k39_waiting_1800s_seed0,788.556918250004,908795.197472,84503.655573,cp_incumbent,solver_report_between_checkpoints
k39_waiting_1800s_seed0,791.7939807910006,908795.197472,84503.655573,cp_incumbent,solver_report_between_checkpoints
k39_waiting_1800s_seed0,791.9633282080031,908431.998362,84503.655573,cp_incumbent,solver_report_between_checkpoints
k39_waiting_1800s_seed0,792.2838977080028,908428.657498,84503.655573,cp_incumbent,solver_report_between_checkpoints
k39_waiting_1800s_seed0,792.9248100410041,908412.949826,84503.655573,cp_incumbent,solver_report_between_checkpoints
k39_waiting_1800s_seed0,794.3454819160033,908412.949826,84506.158647,cp_bound,solver_report_between_checkpoints
k39_waiting_1800s_seed0,808.7762324580035,908376.771912,84560.943214,cp_incumbent,solver_report_between_checkpoints
k39_waiting_1800s_seed0,810.4995582909978,908376.771912,84566.408531,cp_bound,solver_report_between_checkpoints
k39_waiting_1800s_seed0,815.0230808749984,907898.166176,84662.813831,cp_incumbent,solver_report_between_checkpoints
k39_waiting_1800s_seed0,826.8234268329979,907898.166176,84667.667577,cp_bound,solver_report_between_checkpoints
k39_waiting_1800s_seed0,829.5224385830006,907548.974968,84749.829555,cp_incumbent,solver_report_between_checkpoints
k39_waiting_1800s_seed0,843.7837397080002,907548.974968,85749.779462,cp_bound,solver_report_between_checkpoints
k39_waiting_1800s_seed0,859.7663876660008,907548.974968,85869.765633,cp_bound,solver_report_between_checkpoints
k39_waiting_1800s_seed0,860.3541567080028,907548.974968,86940.323204,cp_bound,solver_report_between_checkpoints
k39_waiting_1800s_seed0,862.0143870000029,907548.974968,86990.40063,cp_bound,solver_report_between_checkpoints
k39_waiting_1800s_seed0,877.2154110000047,907548.974968,88238.349318,cp_bound,solver_report_between_checkpoints
k39_waiting_1800s_seed0,878.9442055410036,907548.974968,88749.701629,cp_bound,solver_report_between_checkpoints
k39_waiting_1800s_seed0,885.8476140409985,907548.974968,88990.317784,cp_bound,solver_report_between_checkpoints
k39_waiting_1800s_seed0,893.2555016660044,907548.974968,91839.884422,cp_bound,solver_report_between_checkpoints
k39_waiting_1800s_seed0,893.9918260830018,907548.974968,93673.006509,cp_bound,solver_report_between_checkpoints
k39_waiting_1800s_seed0,894.6611850000045,907548.974968,94697.996184,cp_bound,solver_report_between_checkpoints
k39_waiting_1800s_seed0,910.4351397080027,907548.974968,95109.446659,cp_bound,solver_report_between_checkpoints
k39_waiting_1800s_seed0,911.151270416005,907548.974968,95148.235697,cp_bound,solver_report_between_checkpoints
k39_waiting_1800s_seed0,912.2292268750025,907548.974968,95640.205662,cp_bound,solver_report_between_checkpoints
k39_waiting_1800s_seed0,912.7445171250001,907548.974968,95859.820004,cp_bound,solver_report_between_checkpoints
k39_waiting_1800s_seed0,916.9988632910026,907548.974968,96017.687078,cp_bound,solver_report_between_checkpoints
k39_waiting_1800s_seed0,917.5037705409995,907548.974968,96800.553662,cp_bound,solver_report_between_checkpoints
k39_waiting_1800s_seed0,919.0214536249987,907548.974968,99992.205006,cp_bound,solver_report_between_checkpoints
k39_waiting_1800s_seed0,922.541238333004,907548.974968,100251.240946,cp_bound,solver_report_between_checkpoints
k39_waiting_1800s_seed0,923.3853866249992,907548.974968,100606.990983,cp_bound,solver_report_between_checkpoints
k39_waiting_1800s_seed0,925.0824995000003,907548.974968,100862.89602,cp_bound,solver_report_between_checkpoints
k39_waiting_1800s_seed0,941.414471832999,907548.974968,100984.717951,cp_bound,solver_report_between_checkpoints
k39_waiting_1800s_seed0,946.1994511250014,907548.974968,101551.591198,cp_bound,solver_report_between_checkpoints
k39_waiting_1800s_seed0,946.731511500002,907548.974968,102563.630975,cp_bound,solver_report_between_checkpoints
k39_waiting_1800s_seed0,947.3664023329984,907548.974968,103748.700696,cp_bound,solver_report_between_checkpoints
k39_waiting_1800s_seed0,949.7290187500039,907548.974968,103992.295203,cp_bound,solver_report_between_checkpoints
k39_waiting_1800s_seed0,953.3546395410012,907548.974968,104041.660688,cp_bound,solver_report_between_checkpoints
k39_waiting_1800s_seed0,1017.6481804159994,907548.974968,104286.710556,cp_bound,solver_report_between_checkpoints
k39_waiting_1800s_seed0,1034.4167151250003,907548.974968,104380.35194,cp_bound,solver_report_between_checkpoints
k39_waiting_1800s_seed0,1053.8042866660035,907548.974968,104530.967309,cp_bound,solver_report_between_checkpoints
k39_waiting_1800s_seed0,1072.6822832079997,907548.974968,104597.709147,cp_bound,solver_report_between_checkpoints
k39_waiting_1800s_seed0,1093.3864884159993,907548.974968,105222.12868,cp_bound,solver_report_between_checkpoints
k39_waiting_1800s_seed0,1110.2408599160044,907548.974968,108156.527521,cp_bound,solver_report_between_checkpoints
k39_waiting_1800s_seed0,1126.9903851249983,907548.974968,109186.645177,cp_bound,solver_report_between_checkpoints
k39_waiting_1800s_seed0,1127.648293457998,907548.974968,109558.307345,cp_bound,solver_report_between_checkpoints
k39_waiting_1800s_seed0,1144.1257032499998,907548.974968,109567.391686,cp_bound,solver_report_between_checkpoints
k39_waiting_1800s_seed0,1144.888163208001,907548.974968,109586.317069,cp_bound,solver_report_between_checkpoints
k39_waiting_1800s_seed0,1145.9246105830025,907548.974968,112893.17046,cp_bound,solver_report_between_checkpoints
k39_waiting_1800s_seed0,1146.5771771660002,907548.974968,112893.542957,cp_bound,solver_report_between_checkpoints
k39_waiting_1800s_seed0,1148.0879361250045,907548.974968,113033.132403,cp_bound,solver_report_between_checkpoints
k39_waiting_1800s_seed0,1148.811132750001,907548.974968,113055.488776,cp_bound,solver_report_between_checkpoints
k39_waiting_1800s_seed0,1149.4926554160047,907548.974968,113313.010644,cp_bound,solver_report_between_checkpoints
k39_waiting_1800s_seed0,1150.2864002909992,907548.974968,113333.118097,cp_bound,solver_report_between_checkpoints
k39_waiting_1800s_seed0,1152.1611995409985,907548.974968,113343.595635,cp_bound,solver_report_between_checkpoints
k39_waiting_1800s_seed0,1160.6242889999994,906099.268344,113344.001798,cp_incumbent,solver_report_between_checkpoints
k39_waiting_1800s_seed0,1177.942212957998,906091.831976,113344.001798,cp_incumbent,solver_report_between_checkpoints
k39_waiting_1800s_seed0,1190.4634561659987,906089.356976,113344.001798,cp_incumbent,solver_report_between_checkpoints
k39_waiting_1800s_seed0,1198.3268815000047,905617.104896,113344.001798,cp_incumbent,solver_report_between_checkpoints
k39_waiting_1800s_seed0,1203.7066815409999,905617.104896,113352.580571,cp_bound,solver_report_between_checkpoints
k39_waiting_1800s_seed0,1203.9196772080031,905590.247752,113361.191538,cp_incumbent,solver_report_between_checkpoints
k39_waiting_1800s_seed0,1204.4669332080011,905590.247752,113403.62966,cp_bound,solver_report_between_checkpoints
k39_waiting_1800s_seed0,1205.7056679160014,905590.247752,113417.530831,cp_bound,solver_report_between_checkpoints
k39_waiting_1800s_seed0,1206.589857040999,905590.247752,113427.936463,cp_bound,solver_report_between_checkpoints
k39_waiting_1800s_seed0,1207.1517308750044,905590.247752,113496.458799,cp_bound,solver_report_between_checkpoints
k39_waiting_1800s_seed0,1209.720276125001,905590.247752,113518.582103,cp_bound,solver_report_between_checkpoints
k39_waiting_1800s_seed0,1210.2544436250028,905590.247752,113542.239253,cp_bound,solver_report_between_checkpoints
k39_waiting_1800s_seed0,1212.0773401250044,905590.247752,113542.279263,cp_bound,solver_report_between_checkpoints
k39_waiting_1800s_seed0,1229.1221314580034,905590.247752,113766.102787,cp_bound,solver_report_between_checkpoints
k39_waiting_1800s_seed0,1229.8987102500032,905590.247752,114377.398206,cp_bound,solver_report_between_checkpoints
k39_waiting_1800s_seed0,1231.2920255830031,905590.247752,114572.135598,cp_bound,solver_report_between_checkpoints
k39_waiting_1800s_seed0,1232.6406442080042,905590.247752,114577.059274,cp_bound,solver_report_between_checkpoints
k39_waiting_1800s_seed0,1233.1973909160006,905590.247752,114661.398753,cp_bound,solver_report_between_checkpoints
k39_waiting_1800s_seed0,1234.3586537910014,905590.247752,114678.337807,cp_bound,solver_report_between_checkpoints
k39_waiting_1800s_seed0,1235.6043181659988,905590.247752,114696.415271,cp_bound,solver_report_between_checkpoints
k39_waiting_1800s_seed0,1236.8979486660028,904168.319768,114705.867193,cp_incumbent,solver_report_between_checkpoints
k39_waiting_1800s_seed0,1238.1242936249982,903799.034056,114705.867193,cp_incumbent,solver_report_between_checkpoints
k39_waiting_1800s_seed0,1238.1629633330012,903799.034056,114705.879955,cp_bound,solver_report_between_checkpoints
k39_waiting_1800s_seed0,1238.4199789999984,901898.046639,114887.162815,cp_incumbent,solver_report_between_checkpoints
k39_waiting_1800s_seed0,1238.591633707998,900546.445386,114887.169794,cp_incumbent,solver_report_between_checkpoints
k39_waiting_1800s_seed0,1239.2897437080028,900532.643794,114887.169794,cp_incumbent,solver_report_between_checkpoints
k39_waiting_1800s_seed0,1239.5427838329997,900525.312938,114887.169794,cp_incumbent,solver_report_between_checkpoints
k39_waiting_1800s_seed0,1240.1805037500017,900525.312938,114887.169794,cp_incumbent,solver_report_between_checkpoints
k39_waiting_1800s_seed0,1240.835368166001,900524.373345,114887.169794,cp_incumbent,solver_report_between_checkpoints
k39_waiting_1800s_seed0,1240.9028996659981,900512.845576,114887.169794,cp_incumbent,solver_report_between_checkpoints
k39_waiting_1800s_seed0,1240.9205595000021,900511.905983,114887.169794,cp_incumbent,solver_report_between_checkpoints
k39_waiting_1800s_seed0,1241.816530707998,900383.479959,114887.169794,cp_incumbent,solver_report_between_checkpoints
k39_waiting_1800s_seed0,1241.8922307910034,900378.846455,114887.169794,cp_incumbent,solver_report_between_checkpoints
k39_waiting_1800s_seed0,1242.8901115000044,900367.842407,114887.169794,cp_incumbent,solver_report_between_checkpoints
k39_waiting_1800s_seed0,1243.2372958330016,900365.972943,114887.169794,cp_incumbent,solver_report_between_checkpoints
k39_waiting_1800s_seed0,1243.4309487909995,898584.912183,114887.169794,cp_incumbent,solver_report_between_checkpoints
k39_waiting_1800s_seed0,1248.0792104580032,898578.247231,114887.169794,cp_incumbent,solver_report_between_checkpoints
k39_waiting_1800s_seed0,1248.2934988330016,898577.761471,114887.169794,cp_incumbent,solver_report_between_checkpoints
k39_waiting_1800s_seed0,1248.3083468330005,898571.096519,114887.169794,cp_incumbent,solver_report_between_checkpoints
k39_waiting_1800s_seed0,1248.6344466250011,898559.001902,114887.169794,cp_incumbent,solver_report_between_checkpoints
k39_waiting_1800s_seed0,1248.8002644580047,898557.669905,114887.169794,cp_incumbent,solver_report_between_checkpoints
k39_waiting_1800s_seed0,1249.6787948749989,896796.831849,114887.169794,cp_incumbent,solver_report_between_checkpoints
k39_waiting_1800s_seed0,1251.9068900830025,896794.964825,114887.169794,cp_incumbent,solver_report_between_checkpoints
k39_waiting_1800s_seed0,1254.0181765000016,896764.562905,114887.169794,cp_incumbent,solver_report_between_checkpoints
k39_waiting_1800s_seed0,1258.364341708002,893213.813929,114887.169794,cp_incumbent,solver_report_between_checkpoints
k39_waiting_1800s_seed0,1259.2199685410014,893185.634553,114887.169794,cp_incumbent,solver_report_between_checkpoints
k39_waiting_1800s_seed0,1260.324698125005,893160.028781,114887.169794,cp_incumbent,solver_report_between_checkpoints
k39_waiting_1800s_seed0,1260.7022582909995,893158.278461,114887.169794,cp_incumbent,solver_report_between_checkpoints
k39_waiting_1800s_seed0,1261.2763536249986,893145.809126,114887.169794,cp_incumbent,solver_report_between_checkpoints
k39_waiting_1800s_seed0,1264.6386605830048,893144.875622,114887.169794,cp_incumbent,solver_report_between_checkpoints
k39_waiting_1800s_seed0,1264.706227583003,893144.875607,114887.169794,cp_incumbent,solver_report_between_checkpoints
k39_waiting_1800s_seed0,1265.2478830830005,893143.942103,114887.169794,cp_incumbent,solver_report_between_checkpoints
k39_waiting_1800s_seed0,1265.5732049580038,893129.289263,114887.169794,cp_incumbent,solver_report_between_checkpoints
k39_waiting_1800s_seed0,1265.5895555829993,893128.355759,114887.169794,cp_incumbent,solver_report_between_checkpoints
k39_waiting_1800s_seed0,1265.8178646660017,893112.769423,114887.169794,cp_incumbent,solver_report_between_checkpoints
k39_waiting_1800s_seed0,1266.8170507079994,893112.769423,114887.169794,cp_incumbent,solver_report_between_checkpoints
k39_waiting_1800s_seed0,1267.5802810410023,892938.721839,114887.169794,cp_incumbent,solver_report_between_checkpoints
k39_waiting_1800s_seed0,1269.0062577499993,892198.194568,114887.169794,cp_incumbent,solver_report_between_checkpoints
k39_waiting_1800s_seed0,1270.9053585000001,892195.704944,114887.169794,cp_incumbent,solver_report_between_checkpoints
k39_waiting_1800s_seed0,1271.665008875003,892097.8642,114887.169794,cp_incumbent,solver_report_between_checkpoints
k39_waiting_1800s_seed0,1272.8277100830019,892074.1126,114887.169794,cp_incumbent,solver_report_between_checkpoints
k39_waiting_1800s_seed0,1273.943021375002,891626.15108,114887.169794,cp_incumbent,solver_report_between_checkpoints
k39_waiting_1800s_seed0,1277.5586927080003,891626.15108,114887.169794,cp_incumbent,solver_report_between_checkpoints
k39_waiting_1800s_seed0,1285.1156040409987,891626.151064,114887.169794,cp_incumbent,solver_report_between_checkpoints
k39_waiting_1800s_seed0,1290.3182198330032,891461.187456,114887.169794,cp_incumbent,solver_report_between_checkpoints
k39_waiting_1800s_seed0,1299.3940680829983,891412.555905,114887.169794,cp_incumbent,solver_report_between_checkpoints
k39_waiting_1800s_seed0,1300.8955626250026,891373.201913,114887.169794,cp_incumbent,solver_report_between_checkpoints
k39_waiting_1800s_seed0,1301.4002789580045,891304.870224,114887.169794,cp_incumbent,solver_report_between_checkpoints
k39_waiting_1800s_seed0,1304.9788038750048,891300.24052,114887.169794,cp_incumbent,solver_report_between_checkpoints
k39_waiting_1800s_seed0,1306.3951888750016,890766.29208,114887.169794,cp_incumbent,solver_report_between_checkpoints
k39_waiting_1800s_seed0,1310.2668474160018,890610.767112,114887.169794,cp_incumbent,solver_report_between_checkpoints
k39_waiting_1800s_seed0,1314.6754812500003,890610.767112,115107.178,cp_bound,solver_report_between_checkpoints
k39_waiting_1800s_seed0,1317.3919125829998,890506.739656,116342.739188,cp_incumbent,solver_report_between_checkpoints
k39_waiting_1800s_seed0,1317.769225916003,890506.739656,116342.739188,cp_incumbent,solver_report_between_checkpoints
k39_waiting_1800s_seed0,1322.4740418750007,890497.803624,116342.739188,cp_incumbent,solver_report_between_checkpoints
k39_waiting_1800s_seed0,1329.0189541250002,889607.144744,116342.739188,cp_incumbent,solver_report_between_checkpoints
k39_waiting_1800s_seed0,1330.770283040998,887687.0388,116342.739188,cp_incumbent,solver_report_between_checkpoints
k39_waiting_1800s_seed0,1332.0911824580035,887687.0388,116707.604427,cp_bound,solver_report_between_checkpoints
k39_waiting_1800s_seed0,1333.7015359159996,887631.0388,117054.015733,cp_incumbent,solver_report_between_checkpoints
k39_waiting_1800s_seed0,1335.055888791001,887631.0388,119195.655841,cp_bound,solver_report_between_checkpoints
k39_waiting_1800s_seed0,1340.1444412499986,887460.44432,119195.655841,cp_incumbent,solver_report_between_checkpoints
k39_waiting_1800s_seed0,1342.1327758330008,887318.442932,119195.655841,cp_incumbent,solver_report_between_checkpoints
k39_waiting_1800s_seed0,1342.4899540000042,887136.263231,119195.655841,cp_incumbent,solver_report_between_checkpoints
k39_waiting_1800s_seed0,1343.2834442500025,887042.65729,119195.655841,cp_incumbent,solver_report_between_checkpoints
k39_waiting_1800s_seed0,1343.5526542080042,886851.283853,119195.655841,cp_incumbent,solver_report_between_checkpoints
k39_waiting_1800s_seed0,1344.5548465829997,886667.486013,119195.655841,cp_incumbent,solver_report_between_checkpoints
k39_waiting_1800s_seed0,1346.0754819580034,886468.925657,119195.655841,cp_incumbent,solver_report_between_checkpoints
k39_waiting_1800s_seed0,1348.8854975830036,886468.925657,120111.305431,cp_bound,solver_report_between_checkpoints
k39_waiting_1800s_seed0,1348.9232052080042,885861.850335,120111.305431,cp_incumbent,solver_report_between_checkpoints
k39_waiting_1800s_seed0,1349.3761015830023,885856.898576,120111.305431,cp_incumbent,solver_report_between_checkpoints
k39_waiting_1800s_seed0,1351.010148375004,885849.427445,120111.305431,cp_incumbent,solver_report_between_checkpoints
k39_waiting_1800s_seed0,1352.8920544580033,885849.427445,120589.128329,cp_bound,solver_report_between_checkpoints
k39_waiting_1800s_seed0,1356.863652,885688.282344,120589.128329,cp_incumbent,solver_report_between_checkpoints
k39_waiting_1800s_seed0,1358.1797852500022,885677.755313,120589.128329,cp_incumbent,solver_report_between_checkpoints
k39_waiting_1800s_seed0,1363.3887673330028,885664.422705,120589.128329,cp_incumbent,solver_report_between_checkpoints
k39_waiting_1800s_seed0,1365.4502982080012,885664.422705,121822.795101,cp_bound,solver_report_between_checkpoints
k39_waiting_1800s_seed0,1366.756899083004,885638.483201,121822.795101,cp_incumbent,solver_report_between_checkpoints
k39_waiting_1800s_seed0,1373.6376239160018,885535.26172,121822.795101,cp_incumbent,solver_report_between_checkpoints
k39_waiting_1800s_seed0,1381.9960535409991,885535.26172,122269.63009,cp_bound,solver_report_between_checkpoints
k39_waiting_1800s_seed0,1393.1690747500033,885535.26172,124523.161401,cp_bound,solver_report_between_checkpoints
k39_waiting_1800s_seed0,1394.704923833,885535.26172,124649.734955,cp_bound,solver_report_between_checkpoints
k39_waiting_1800s_seed0,1394.948960499998,885533.186112,124649.734955,cp_incumbent,solver_report_between_checkpoints
k39_waiting_1800s_seed0,1398.9356055000026,885533.186112,124923.005343,cp_bound,solver_report_between_checkpoints
k39_waiting_1800s_seed0,1412.8100065410035,885533.186112,125147.381576,cp_bound,solver_report_between_checkpoints
k39_waiting_1800s_seed0,1415.231176250003,885533.186112,126345.439035,cp_bound,solver_report_between_checkpoints
k39_waiting_1800s_seed0,1431.5278711249994,885533.186112,126346.481667,cp_bound,solver_report_between_checkpoints
k39_waiting_1800s_seed0,1432.8596120830043,885533.186112,128441.036386,cp_bound,solver_report_between_checkpoints
k39_waiting_1800s_seed0,1433.416307958003,885533.186112,130133.063795,cp_bound,solver_report_between_checkpoints
k39_waiting_1800s_seed0,1434.9044782499986,885533.186112,130506.585198,cp_bound,solver_report_between_checkpoints
k39_waiting_1800s_seed0,1435.5973549580012,885533.186112,130519.98507,cp_bound,solver_report_between_checkpoints
k39_waiting_1800s_seed0,1436.3443275410027,885533.186112,130622.043361,cp_bound,solver_report_between_checkpoints
k39_waiting_1800s_seed0,1438.776031458001,885533.186112,130626.16521,cp_bound,solver_report_between_checkpoints
k39_waiting_1800s_seed0,1439.9678652500006,885533.186112,130875.075777,cp_bound,solver_report_between_checkpoints
k39_waiting_1800s_seed0,1445.726132625001,885369.766928,130875.075777,cp_incumbent,solver_report_between_checkpoints
k39_waiting_1800s_seed0,1453.6792890409997,885215.926184,130875.075777,cp_incumbent,solver_report_between_checkpoints
k39_waiting_1800s_seed0,1457.6776956250033,885215.926184,130875.762595,cp_bound,solver_report_between_checkpoints
k39_waiting_1800s_seed0,1458.2799233750047,885215.926184,130925.810998,cp_bound,solver_report_between_checkpoints
k39_waiting_1800s_seed0,1458.9301253750018,885215.926184,131012.720619,cp_bound,solver_report_between_checkpoints
k39_waiting_1800s_seed0,1460.0804451660006,885215.926184,131060.350696,cp_bound,solver_report_between_checkpoints
k39_waiting_1800s_seed0,1460.6654263329983,885215.926184,131079.205945,cp_bound,solver_report_between_checkpoints
k39_waiting_1800s_seed0,1461.8424847499991,885215.926184,131163.004864,cp_bound,solver_report_between_checkpoints
k39_waiting_1800s_seed0,1462.647482583001,885215.926184,131321.180148,cp_bound,solver_report_between_checkpoints
k39_waiting_1800s_seed0,1464.4238042910001,885214.758792,131321.849328,cp_incumbent,solver_report_between_checkpoints
k39_waiting_1800s_seed0,1464.4530102499994,885214.758792,131361.063875,cp_bound,solver_report_between_checkpoints
k39_waiting_1800s_seed0,1464.977462791001,885214.758792,131443.894745,cp_bound,solver_report_between_checkpoints
k39_waiting_1800s_seed0,1467.6466322080014,885214.758792,131446.342761,cp_bound,solver_report_between_checkpoints
k39_waiting_1800s_seed0,1468.9462705000042,885213.79532,131446.342761,cp_incumbent,solver_report_between_checkpoints
k39_waiting_1800s_seed0,1469.0057602079978,885213.79532,131529.588635,cp_bound,solver_report_between_checkpoints
k39_waiting_1800s_seed0,1474.111945208002,884664.291752,131529.588635,cp_incumbent,solver_report_between_checkpoints
k39_waiting_1800s_seed0,1479.2618280410024,884464.039672,131529.588635,cp_incumbent,solver_report_between_checkpoints
k39_waiting_1800s_seed0,1479.7627460000003,884378.460899,131529.588635,cp_incumbent,solver_report_between_checkpoints
k39_waiting_1800s_seed0,1479.8923255000045,884307.152284,131529.588635,cp_incumbent,solver_report_between_checkpoints
k39_waiting_1800s_seed0,1484.1804482080042,884294.926745,131529.588635,cp_incumbent,solver_report_between_checkpoints
k39_waiting_1800s_seed0,1484.6229148330021,884013.41288,131529.588635,cp_incumbent,solver_report_between_checkpoints
k39_waiting_1800s_seed0,1485.6878067500002,884013.41288,131535.514884,cp_bound,solver_report_between_checkpoints
k39_waiting_1800s_seed0,1487.0344372079999,884013.41288,131560.265669,cp_bound,solver_report_between_checkpoints
k39_waiting_1800s_seed0,1490.2587433750014,883803.909984,131580.50062,cp_incumbent,solver_report_between_checkpoints
k39_waiting_1800s_seed0,1512.8887820829987,883565.45136,131580.50062,cp_incumbent,solver_report_between_checkpoints
k39_waiting_1800s_seed0,1520.5071769999995,883548.697632,131580.50062,cp_incumbent,solver_report_between_checkpoints
k39_waiting_1800s_seed0,1523.8149156250001,883546.732992,131580.50062,cp_incumbent,solver_report_between_checkpoints
k39_waiting_1800s_seed0,1592.0390244580049,883546.732992,131617.131463,cp_bound,solver_report_between_checkpoints
k39_waiting_1800s_seed0,1608.6988679999995,883546.732992,131681.237323,cp_bound,solver_report_between_checkpoints
k39_waiting_1800s_seed0,1626.4525012080048,883546.732992,131709.361053,cp_bound,solver_report_between_checkpoints
k39_waiting_1800s_seed0,1632.626360250004,883114.601568,131716.360713,cp_incumbent,solver_report_between_checkpoints
k39_waiting_1800s_seed0,1633.3791549579983,882525.693864,131716.360713,cp_incumbent,solver_report_between_checkpoints
k39_waiting_1800s_seed0,1635.144018375002,880120.320728,131716.360713,cp_incumbent,solver_report_between_checkpoints
k39_waiting_1800s_seed0,1644.0051245830036,880120.320728,131719.796031,cp_bound,solver_report_between_checkpoints
k39_waiting_1800s_seed0,1655.1934871659978,878781.801056,131719.796031,cp_incumbent,solver_report_between_checkpoints
k39_waiting_1800s_seed0,1655.3944597500013,878590.58396,131719.796031,cp_incumbent,solver_report_between_checkpoints
k39_waiting_1800s_seed0,1658.8866517909992,878541.58396,131719.796031,cp_incumbent,solver_report_between_checkpoints
k39_waiting_1800s_seed0,1660.4764072500038,878541.58396,131719.866861,cp_bound,solver_report_between_checkpoints
k39_waiting_1800s_seed0,1661.5130428330012,878518.959842,131719.866861,cp_incumbent,solver_report_between_checkpoints
k39_waiting_1800s_seed0,1661.6131930830015,878518.959842,131721.566625,cp_bound,solver_report_between_checkpoints
k39_waiting_1800s_seed0,1663.2353985000009,878518.959842,131731.269036,cp_bound,solver_report_between_checkpoints
k39_waiting_1800s_seed0,1664.1791856249984,878518.959842,131731.26967,cp_bound,solver_report_between_checkpoints
k39_waiting_1800s_seed0,1667.0150340410037,878518.959842,131737.583599,cp_bound,solver_report_between_checkpoints
k39_waiting_1800s_seed0,1668.0227715830042,878518.959842,131737.748519,cp_bound,solver_report_between_checkpoints
k39_waiting_1800s_seed0,1673.4667857910026,878515.317458,131737.830415,cp_incumbent,solver_report_between_checkpoints
k39_waiting_1800s_seed0,1675.8791395830049,878513.496274,131737.830415,cp_incumbent,solver_report_between_checkpoints
k39_waiting_1800s_seed0,1676.1726927499985,878513.496274,131738.08718,cp_bound,solver_report_between_checkpoints
k39_waiting_1800s_seed0,1677.3543367500024,878513.496274,131738.08718,cp_incumbent,solver_report_between_checkpoints
k39_waiting_1800s_seed0,1678.2670720410024,878469.75737,131738.08718,cp_incumbent,solver_report_between_checkpoints
k39_waiting_1800s_seed0,1678.5997012080043,878459.653954,131738.08718,cp_incumbent,solver_report_between_checkpoints
k39_waiting_1800s_seed0,1678.8133699579994,875910.829375,131738.08718,cp_incumbent,solver_report_between_checkpoints
k39_waiting_1800s_seed0,1679.1442656250001,875646.756707,131738.08718,cp_incumbent,solver_report_between_checkpoints
k39_waiting_1800s_seed0,1680.1774976250017,875593.939883,131738.08718,cp_incumbent,solver_report_between_checkpoints
k39_waiting_1800s_seed0,1681.200364041004,875491.390392,131738.08718,cp_incumbent,solver_report_between_checkpoints
k39_waiting_1800s_seed0,1681.7538297499996,875276.554776,131738.08718,cp_incumbent,solver_report_between_checkpoints
k39_waiting_1800s_seed0,1681.879188208004,875253.42576,131738.08718,cp_incumbent,solver_report_between_checkpoints
k39_waiting_1800s_seed0,1683.5153686659978,875091.971216,131738.08718,cp_incumbent,solver_report_between_checkpoints
k39_waiting_1800s_seed0,1688.6334159160033,874832.002507,131738.08718,cp_incumbent,solver_report_between_checkpoints
k39_waiting_1800s_seed0,1688.8272037499992,874794.86412,131738.08718,cp_incumbent,solver_report_between_checkpoints
k39_waiting_1800s_seed0,1698.1074404579995,874794.86412,131738.094926,cp_bound,solver_report_between_checkpoints
k39_waiting_1800s_seed0,1702.1229686660008,874794.86412,131738.520253,cp_bound,solver_report_between_checkpoints
k39_waiting_1800s_seed0,1702.9947892080017,874794.86412,131738.591041,cp_bound,solver_report_between_checkpoints
k39_waiting_1800s_seed0,1704.5015628750043,874794.86412,131762.742808,cp_bound,solver_report_between_checkpoints
k39_waiting_1800s_seed0,1713.8753237499986,874774.682302,131762.77609,cp_incumbent,solver_report_between_checkpoints
k39_waiting_1800s_seed0,1720.3244272910015,874766.529315,131762.77609,cp_incumbent,solver_report_between_checkpoints
k39_waiting_1800s_seed0,1720.865934458001,874759.058184,131762.77609,cp_incumbent,solver_report_between_checkpoints
k39_waiting_1800s_seed0,1741.6057010410004,874744.543776,131762.77609,cp_incumbent,solver_report_between_checkpoints
k39_waiting_1800s_seed0,1754.6768559160046,874741.35736,131762.77609,cp_incumbent,solver_report_between_checkpoints
k39_waiting_1800s_seed0,1758.969062958,874741.35736,131762.77609,cp_incumbent,solver_report_between_checkpoints
k39_waiting_1800s_seed0,1771.2129652080039,874736.72608,131762.77609,cp_incumbent,solver_report_between_checkpoints
k39_waiting_1800s_seed0,1772.5812858749996,874728.908376,131762.77609,cp_incumbent,solver_report_between_checkpoints
k39_waiting_1800s_seed0,1772.8842308750027,874716.84032,131762.77609,cp_incumbent,solver_report_between_checkpoints
k39_waiting_1800s_seed0,1777.8428582909983,874716.84032,131762.77609,cp_incumbent,solver_report_between_checkpoints
k39_waiting_1800s_seed0,1792.9763944160004,874705.10968,131762.77609,cp_incumbent,solver_report_between_checkpoints
k39_waiting_1800s_seed0,1800.3630164580027,874705.10968,131762.77609,final,solver_report_between_checkpoints
k39_waiting_600s_seed1,27.76873474999593,1007532.083464,0.0,cp_bound,solver_report_between_checkpoints
k39_waiting_600s_seed1,39.31535858300049,1007532.083464,0.0,cp_bound,solver_report_between_checkpoints
k39_waiting_600s_seed1,39.86398658299731,1007532.083464,0.0,cp_bound,solver_report_between_checkpoints
k39_waiting_600s_seed1,40.141683124995325,1007532.083464,50362.234036,cp_incumbent,solver_report_between_checkpoints
k39_waiting_600s_seed1,40.38654458300152,1007532.083464,50363.248915,cp_bound,solver_report_between_checkpoints
k39_waiting_600s_seed1,40.925065875002474,1007532.083464,50371.035282,cp_bound,solver_report_between_checkpoints
k39_waiting_600s_seed1,41.92418037499738,1007532.083464,50392.693162,cp_bound,solver_report_between_checkpoints
k39_waiting_600s_seed1,42.753057082998566,1007532.083464,50455.829596,cp_bound,solver_report_between_checkpoints
k39_waiting_600s_seed1,43.71834829200088,1007532.083464,50463.99937,cp_bound,solver_report_between_checkpoints
k39_waiting_600s_seed1,44.250603542001045,1007532.083464,50496.660082,cp_bound,solver_report_between_checkpoints
k39_waiting_600s_seed1,45.018260500000906,1007532.083464,50497.14856,cp_bound,solver_report_between_checkpoints
k39_waiting_600s_seed1,45.981534041995474,1007532.083464,50500.05092,cp_bound,solver_report_between_checkpoints
k39_waiting_600s_seed1,50.727782832997036,1007460.992848,50500.663913,cp_incumbent,solver_report_between_checkpoints
k39_waiting_600s_seed1,54.7541584999999,1007439.852504,50500.663913,cp_incumbent,solver_report_between_checkpoints
k39_waiting_600s_seed1,55.620204416998604,1007438.032,50500.663913,cp_incumbent,solver_report_between_checkpoints
k39_waiting_600s_seed1,56.432876541999576,1007438.031832,50500.663913,cp_incumbent,solver_report_between_checkpoints
k39_waiting_600s_seed1,57.664174749996164,1007434.389448,50500.663913,cp_incumbent,solver_report_between_checkpoints
k39_waiting_600s_seed1,61.27551408299769,1007434.388928,50500.663913,cp_incumbent,solver_report_between_checkpoints
k39_waiting_600s_seed1,72.20624966699688,1007427.29137,50500.663913,cp_incumbent,solver_report_between_checkpoints
k39_waiting_600s_seed1,73.00254183299694,1006941.69732,50500.663913,cp_incumbent,solver_report_between_checkpoints
k39_waiting_600s_seed1,115.74624979199871,1006941.69732,50501.97226,cp_bound,solver_report_between_checkpoints
k39_waiting_600s_seed1,116.43693899999926,1006941.69732,50812.091628,cp_bound,solver_report_between_checkpoints
k39_waiting_600s_seed1,120.472442667,1006669.69732,50813.00829,cp_incumbent,solver_report_between_checkpoints
k39_waiting_600s_seed1,120.74944983299793,1006669.69732,50915.429133,cp_bound,solver_report_between_checkpoints
k39_waiting_600s_seed1,123.46084987500217,1006669.69732,50974.844758,cp_bound,solver_report_between_checkpoints
k39_waiting_600s_seed1,124.77996866699687,1006669.69732,50976.301755,cp_bound,solver_report_between_checkpoints
k39_waiting_600s_seed1,126.78148845800024,1006669.69732,50980.028094,cp_bound,solver_report_between_checkpoints
k39_waiting_600s_seed1,128.51504216699686,1006669.69732,50980.75589,cp_bound,solver_report_between_checkpoints
k39_waiting_600s_seed1,129.62711016699905,1006669.69732,50981.079788,cp_bound,solver_report_between_checkpoints
k39_waiting_600s_seed1,131.1290188330022,1006669.69732,50981.113999,cp_bound,solver_report_between_checkpoints
k39_waiting_600s_seed1,142.04958858300233,1006375.227944,50981.113999,cp_incumbent,solver_report_between_checkpoints
k39_waiting_600s_seed1,146.16333045799547,1006375.227944,50981.114002,cp_bound,solver_report_between_checkpoints
k39_waiting_600s_seed1,147.6267429579966,1006375.227944,50981.117719,cp_bound,solver_report_between_checkpoints
k39_waiting_600s_seed1,152.71474674999627,1006375.227944,50981.176399,cp_bound,solver_report_between_checkpoints
k39_waiting_600s_seed1,153.54773212500004,1006375.133024,50981.216399,cp_incumbent,solver_report_between_checkpoints
k39_waiting_600s_seed1,156.66171137499623,1006349.565088,50981.216399,cp_incumbent,solver_report_between_checkpoints
k39_waiting_600s_seed1,159.78667383299762,1006349.565088,50981.22224,cp_bound,solver_report_between_checkpoints
k39_waiting_600s_seed1,160.75851370800228,1006349.565088,51792.688417,cp_bound,solver_report_between_checkpoints
k39_waiting_600s_seed1,161.45248908299982,1006349.565088,51813.591976,cp_bound,solver_report_between_checkpoints
k39_waiting_600s_seed1,162.2580208329964,1006349.565088,51813.64511,cp_bound,solver_report_between_checkpoints
k39_waiting_600s_seed1,163.70199808300094,1006349.565088,51813.858468,cp_bound,solver_report_between_checkpoints
k39_waiting_600s_seed1,165.1113201670014,1005037.015992,51815.070914,cp_incumbent,solver_report_between_checkpoints
k39_waiting_600s_seed1,165.5662884170015,1005037.015992,51815.070918,cp_bound,solver_report_between_checkpoints
k39_waiting_600s_seed1,165.83284054199612,1004806.524808,51815.070918,cp_incumbent,solver_report_between_checkpoints
k39_waiting_600s_seed1,166.55261641700054,1004806.524808,51816.684984,cp_bound,solver_report_between_checkpoints
k39_waiting_600s_seed1,168.68769049999537,1004806.524808,51816.892522,cp_bound,solver_report_between_checkpoints
k39_waiting_600s_seed1,169.34981229199911,1004806.524808,51816.989282,cp_bound,solver_report_between_checkpoints
k39_waiting_600s_seed1,173.01556345800054,1004806.524808,51816.989483,cp_bound,solver_report_between_checkpoints
k39_waiting_600s_seed1,173.482549458,1004780.261,51816.989483,cp_incumbent,solver_report_between_checkpoints
k39_waiting_600s_seed1,173.84345333300007,1004780.261,51873.683933,cp_bound,solver_report_between_checkpoints
k39_waiting_600s_seed1,179.72540304200083,1004766.429456,51873.683933,cp_incumbent,solver_report_between_checkpoints
k39_waiting_600s_seed1,181.9722847919984,1004752.597912,51873.683933,cp_incumbent,solver_report_between_checkpoints
k39_waiting_600s_seed1,182.69077608299995,1004747.702392,51873.683933,cp_incumbent,solver_report_between_checkpoints
k39_waiting_600s_seed1,185.08694258300238,1004746.188904,51873.683933,cp_incumbent,solver_report_between_checkpoints
k39_waiting_600s_seed1,186.0376349579965,1004732.35736,51873.683933,cp_incumbent,solver_report_between_checkpoints
k39_waiting_600s_seed1,186.81127354199998,1004727.46184,51873.683933,cp_incumbent,solver_report_between_checkpoints
k39_waiting_600s_seed1,189.1238497919985,1004727.46184,51874.077801,cp_bound,solver_report_between_checkpoints
k39_waiting_600s_seed1,190.34723958299583,1004727.46184,51874.255804,cp_bound,solver_report_between_checkpoints
k39_waiting_600s_seed1,195.07661133299553,1004727.46184,51874.269415,cp_bound,solver_report_between_checkpoints
k39_waiting_600s_seed1,204.56690220799646,1004717.358424,51874.269419,cp_incumbent,solver_report_between_checkpoints
k39_waiting_600s_seed1,206.61910237499978,1004173.358424,51874.269419,cp_incumbent,solver_report_between_checkpoints
k39_waiting_600s_seed1,213.96033741699648,1004173.358424,51874.291968,cp_bound,solver_report_between_checkpoints
k39_waiting_600s_seed1,218.55028324999876,1004133.5696,51874.320287,cp_incumbent,solver_report_between_checkpoints
k39_waiting_600s_seed1,222.55978279199917,1003257.933232,51874.320287,cp_incumbent,solver_report_between_checkpoints
k39_waiting_600s_seed1,225.27021987499757,1003257.933232,51874.65331,cp_bound,solver_report_between_checkpoints
k39_waiting_600s_seed1,228.36698170800082,1003257.933232,51876.318508,cp_bound,solver_report_between_checkpoints
k39_waiting_600s_seed1,229.86470012499922,1003257.933232,51876.332876,cp_bound,solver_report_between_checkpoints
k39_waiting_600s_seed1,230.58559462500125,1003257.933232,51876.334649,cp_bound,solver_report_between_checkpoints
k39_waiting_600s_seed1,231.43274749999546,1003257.933232,51876.414657,cp_bound,solver_report_between_checkpoints
k39_waiting_600s_seed1,232.68120587500016,1003257.933232,51876.512705,cp_bound,solver_report_between_checkpoints
k39_waiting_600s_seed1,235.05299904199637,1003257.933232,51876.652684,cp_bound,solver_report_between_checkpoints
k39_waiting_600s_seed1,250.35589241699927,1003257.933232,51876.659014,cp_bound,solver_report_between_checkpoints
k39_waiting_600s_seed1,251.557232207997,1003257.933232,51876.949896,cp_bound,solver_report_between_checkpoints
k39_waiting_600s_seed1,257.2210369999957,1003257.933232,51876.986583,cp_bound,solver_report_between_checkpoints
k39_waiting_600s_seed1,257.7829042919984,1003257.933232,51877.128299,cp_bound,solver_report_between_checkpoints
k39_waiting_600s_seed1,259.65184687500005,1001967.83584,51877.128299,cp_incumbent,solver_report_between_checkpoints
k39_waiting_600s_seed1,260.0475760420013,1001301.478673,51877.128299,cp_incumbent,solver_report_between_checkpoints
k39_waiting_600s_seed1,262.2192280829986,1001139.207302,51877.128299,cp_incumbent,solver_report_between_checkpoints
k39_waiting_600s_seed1,263.2797290000017,1001139.207302,51914.911628,cp_bound,solver_report_between_checkpoints
k39_waiting_600s_seed1,272.1794058329979,1001113.990222,51923.658055,cp_incumbent,solver_report_between_checkpoints
k39_waiting_600s_seed1,274.3544795830021,1000496.717496,51923.658055,cp_incumbent,solver_report_between_checkpoints
k39_waiting_600s_seed1,279.7235499169983,1000486.61408,51923.658055,cp_incumbent,solver_report_between_checkpoints
k39_waiting_600s_seed1,302.89880854199873,1000452.159845,51923.658055,cp_incumbent,solver_report_between_checkpoints
k39_waiting_600s_seed1,303.5240536249985,1000117.845419,51923.658055,cp_incumbent,solver_report_between_checkpoints
k39_waiting_600s_seed1,303.59351995799807,996827.766935,51923.658055,cp_incumbent,solver_report_between_checkpoints
k39_waiting_600s_seed1,303.77220708299865,996827.766903,51923.658055,cp_incumbent,solver_report_between_checkpoints
k39_waiting_600s_seed1,303.83839908299706,996639.456527,51923.658055,cp_incumbent,solver_report_between_checkpoints
k39_waiting_600s_seed1,303.8544727499975,996639.456495,51923.658055,cp_incumbent,solver_report_between_checkpoints
k39_waiting_600s_seed1,304.0924697500013,996544.868748,51923.658055,cp_incumbent,solver_report_between_checkpoints
k39_waiting_600s_seed1,304.3741038750013,996368.994163,51923.658055,cp_incumbent,solver_report_between_checkpoints
k39_waiting_600s_seed1,304.73376854199887,996368.994123,51923.658055,cp_incumbent,solver_report_between_checkpoints
k39_waiting_600s_seed1,304.8541807079964,996328.442931,51923.658055,cp_incumbent,solver_report_between_checkpoints
k39_waiting_600s_seed1,305.077780874999,996318.339123,51923.658055,cp_incumbent,solver_report_between_checkpoints
k39_waiting_600s_seed1,305.2753792919975,996318.339107,51923.658055,cp_incumbent,solver_report_between_checkpoints
k39_waiting_600s_seed1,305.73992791699857,996309.930256,51923.658055,cp_incumbent,solver_report_between_checkpoints
k39_waiting_600s_seed1,309.3246106250008,996298.31184,51923.658055,cp_incumbent,solver_report_between_checkpoints
k39_waiting_600s_seed1,309.9781968749958,996298.311824,51923.658055,cp_incumbent,solver_report_between_checkpoints
k39_waiting_600s_seed1,311.9940237920018,996026.311824,51923.658055,cp_incumbent,solver_report_between_checkpoints
k39_waiting_600s_seed1,315.0241230829997,996025.144432,51923.658055,cp_incumbent,solver_report_between_checkpoints
k39_waiting_600s_seed1,316.80984529200214,996013.993768,51923.658055,cp_incumbent,solver_report_between_checkpoints
k39_waiting_600s_seed1,319.3229659579956,996013.993768,51923.658055,cp_incumbent,solver_report_between_checkpoints
k39_waiting_600s_seed1,320.4628002919999,996013.993752,51923.658055,cp_incumbent,solver_report_between_checkpoints
k39_waiting_600s_seed1,324.06991549999657,990656.82444,51923.658055,cp_incumbent,solver_report_between_checkpoints
k39_waiting_600s_seed1,332.8606121670018,990655.657048,51923.658055,cp_incumbent,solver_report_between_checkpoints
k39_waiting_600s_seed1,337.6254911249998,987850.752376,51923.658055,cp_incumbent,solver_report_between_checkpoints
k39_waiting_600s_seed1,338.0467059579969,986939.696214,51923.658055,cp_incumbent,solver_report_between_checkpoints
k39_waiting_600s_seed1,340.5060031249959,986641.780855,51923.658055,cp_incumbent,solver_report_between_checkpoints
k39_waiting_600s_seed1,340.9514621249982,986627.035192,51923.658055,cp_incumbent,solver_report_between_checkpoints
k39_waiting_600s_seed1,341.2170113749962,985750.847847,51923.658055,cp_incumbent,solver_report_between_checkpoints
k39_waiting_600s_seed1,341.31737299999804,985474.744932,51923.658055,cp_incumbent,solver_report_between_checkpoints
k39_waiting_600s_seed1,341.5366201249999,984966.052563,51923.658055,cp_incumbent,solver_report_between_checkpoints
k39_waiting_600s_seed1,343.19069262500125,984937.539257,51923.658055,cp_incumbent,solver_report_between_checkpoints
k39_waiting_600s_seed1,343.68127524999727,984665.539257,51923.658055,cp_incumbent,solver_report_between_checkpoints
k39_waiting_600s_seed1,344.48564658300165,984665.539257,51923.658055,cp_incumbent,solver_report_between_checkpoints
k39_waiting_600s_seed1,345.2078430420006,984364.243185,51923.658055,cp_incumbent,solver_report_between_checkpoints
k39_waiting_600s_seed1,345.51472775,983763.462721,51923.658055,cp_incumbent,solver_report_between_checkpoints
k39_waiting_600s_seed1,345.71376733299985,983709.238875,51923.658055,cp_incumbent,solver_report_between_checkpoints
k39_waiting_600s_seed1,346.8179734169971,983708.071483,51923.658055,cp_incumbent,solver_report_between_checkpoints
k39_waiting_600s_seed1,346.96207649999997,983646.982708,51923.658055,cp_incumbent,solver_report_between_checkpoints
k39_waiting_600s_seed1,347.53737629199895,983594.15744,51923.658055,cp_incumbent,solver_report_between_checkpoints
k39_waiting_600s_seed1,350.011553999997,983570.10084,51923.658055,cp_incumbent,solver_report_between_checkpoints
k39_waiting_600s_seed1,351.1513136249996,983558.942272,51923.658055,cp_incumbent,solver_report_between_checkpoints
k39_waiting_600s_seed1,361.6670555000019,983558.942272,52199.544144,cp_bound,solver_report_between_checkpoints
k39_waiting_600s_seed1,362.2855747499998,983558.942272,52199.54925,cp_bound,solver_report_between_checkpoints
k39_waiting_600s_seed1,362.89245500000106,983556.719728,52368.538031,cp_incumbent,solver_report_between_checkpoints
k39_waiting_600s_seed1,363.04117883300205,983556.719728,52436.253239,cp_bound,solver_report_between_checkpoints
k39_waiting_600s_seed1,363.27188025000214,983554.497184,52436.253239,cp_incumbent,solver_report_between_checkpoints
k39_waiting_600s_seed1,363.5485542499955,983554.497184,52454.679822,cp_bound,solver_report_between_checkpoints
k39_waiting_600s_seed1,364.13578904199676,983554.497184,52460.57257,cp_bound,solver_report_between_checkpoints
k39_waiting_600s_seed1,364.5777117079997,983542.532664,52462.723385,cp_incumbent,solver_report_between_checkpoints
k39_waiting_600s_seed1,366.2602586669964,983542.532664,52482.372044,cp_bound,solver_report_between_checkpoints
k39_waiting_600s_seed1,378.49533104200236,983542.532664,52592.268212,cp_bound,solver_report_between_checkpoints
k39_waiting_600s_seed1,382.2684315419974,983542.532664,52615.20895,cp_bound,solver_report_between_checkpoints
k39_waiting_600s_seed1,382.7785165000023,983542.532664,52910.696763,cp_bound,solver_report_between_checkpoints
k39_waiting_600s_seed1,383.6014403750014,983542.532664,53027.570235,cp_bound,solver_report_between_checkpoints
k39_waiting_600s_seed1,384.02281258299627,983270.532664,53027.570235,cp_incumbent,solver_report_between_checkpoints
k39_waiting_600s_seed1,384.36085583300155,983270.532664,53029.776254,cp_bound,solver_report_between_checkpoints
k39_waiting_600s_seed1,385.38998249999713,983270.532664,53280.472087,cp_bound,solver_report_between_checkpoints
k39_waiting_600s_seed1,386.74246049999783,983244.424504,53280.472087,cp_incumbent,solver_report_between_checkpoints
k39_waiting_600s_seed1,394.3738874999981,983056.142768,53280.472087,cp_incumbent,solver_report_between_checkpoints
k39_waiting_600s_seed1,395.5079324170001,983054.975376,53280.472087,cp_incumbent,solver_report_between_checkpoints
k39_waiting_600s_seed1,396.793109708,983053.040792,53280.472087,cp_incumbent,solver_report_between_checkpoints
k39_waiting_600s_seed1,396.913518166999,983049.806072,53280.472087,cp_incumbent,solver_report_between_checkpoints
k39_waiting_600s_seed1,396.9350328329965,983047.871488,53280.472087,cp_incumbent,solver_report_between_checkpoints
k39_waiting_600s_seed1,401.37806683300005,983039.7788,53280.472087,cp_incumbent,solver_report_between_checkpoints
k39_waiting_600s_seed1,402.8887277920003,982993.534856,53280.472087,cp_incumbent,solver_report_between_checkpoints
k39_waiting_600s_seed1,403.11182041699794,982824.29256,53280.472087,cp_incumbent,solver_report_between_checkpoints
k39_waiting_600s_seed1,404.7145047919985,982387.57052,53280.472087,cp_incumbent,solver_report_between_checkpoints
k39_waiting_600s_seed1,410.6354370420013,982387.57052,53428.218465,cp_bound,solver_report_between_checkpoints
k39_waiting_600s_seed1,414.0422684579971,982387.57052,53526.308556,cp_bound,solver_report_between_checkpoints
k39_waiting_600s_seed1,414.33853120799904,982083.603264,53526.308556,cp_incumbent,solver_report_between_checkpoints
k39_waiting_600s_seed1,414.6379740830016,982083.603264,53574.290116,cp_bound,solver_report_between_checkpoints
k39_waiting_600s_seed1,417.23828404199594,982071.882576,53574.290116,cp_incumbent,solver_report_between_checkpoints
k39_waiting_600s_seed1,417.5361254579984,982061.77916,53574.290116,cp_incumbent,solver_report_between_checkpoints
k39_waiting_600s_seed1,418.5831107920021,982052.375384,53574.290116,cp_incumbent,solver_report_between_checkpoints
k39_waiting_600s_seed1,419.17396862500027,982052.375384,53574.290116,cp_incumbent,solver_report_between_checkpoints
k39_waiting_600s_seed1,419.49484670799575,982042.9716,53574.290116,cp_incumbent,solver_report_between_checkpoints
k39_waiting_600s_seed1,420.7257370419975,981951.67416,53574.290116,cp_incumbent,solver_report_between_checkpoints
k39_waiting_600s_seed1,426.026081416996,981913.838032,53574.290116,cp_incumbent,solver_report_between_checkpoints
k39_waiting_600s_seed1,427.0180634999997,981913.838032,53630.625866,cp_bound,solver_report_between_checkpoints
k39_waiting_600s_seed1,428.47456833299657,981912.438752,53660.184353,cp_incumbent,solver_report_between_checkpoints
k39_waiting_600s_seed1,429.17619712500164,981837.1954,53660.184353,cp_incumbent,solver_report_between_checkpoints
k39_waiting_600s_seed1,431.35679737499595,981824.877352,53660.184353,cp_incumbent,solver_report_between_checkpoints
k39_waiting_600s_seed1,432.4359621249969,981824.877352,53679.519807,cp_bound,solver_report_between_checkpoints
k39_waiting_600s_seed1,441.16596404199663,981824.877352,53748.846413,cp_incumbent,solver_report_between_checkpoints
k39_waiting_600s_seed1,445.6933177499959,981774.625552,53748.846413,cp_incumbent,solver_report_between_checkpoints
k39_waiting_600s_seed1,446.80757074999565,981764.522136,53748.846413,cp_incumbent,solver_report_between_checkpoints
k39_waiting_600s_seed1,449.2158933749961,981764.522136,53812.81976,cp_bound,solver_report_between_checkpoints
k39_waiting_600s_seed1,450.2051706669954,981764.522136,53954.204171,cp_bound,solver_report_between_checkpoints
k39_waiting_600s_seed1,451.4685245419969,981764.522136,54001.944949,cp_bound,solver_report_between_checkpoints
k39_waiting_600s_seed1,453.3066055419986,981764.522136,54062.641328,cp_bound,solver_report_between_checkpoints
k39_waiting_600s_seed1,454.0821006249971,981764.522136,54162.507875,cp_bound,solver_report_between_checkpoints
k39_waiting_600s_seed1,454.6193865419991,981764.522136,54427.579187,cp_bound,solver_report_between_checkpoints
k39_waiting_600s_seed1,455.40704595799616,981764.522136,54601.133456,cp_bound,solver_report_between_checkpoints
k39_waiting_600s_seed1,456.5993159169957,981764.522136,54858.735086,cp_bound,solver_report_between_checkpoints
k39_waiting_600s_seed1,457.1179483329979,981764.522136,55008.587207,cp_bound,solver_report_between_checkpoints
k39_waiting_600s_seed1,457.874366582997,981764.522136,55343.046418,cp_bound,solver_report_between_checkpoints
k39_waiting_600s_seed1,458.95331370799977,981764.522136,55509.921324,cp_bound,solver_report_between_checkpoints
k39_waiting_600s_seed1,460.26337537499785,981764.522136,55898.841629,cp_bound,solver_report_between_checkpoints
k39_waiting_600s_seed1,476.0958027500019,981764.522136,55898.841655,cp_bound,solver_report_between_checkpoints
k39_waiting_600s_seed1,476.9463514579984,981764.522136,56143.062863,cp_bound,solver_report_between_checkpoints
k39_waiting_600s_seed1,477.68087266699877,981764.522136,57384.353658,cp_bound,solver_report_between_checkpoints
k39_waiting_600s_seed1,478.6027682080021,981764.522136,58331.303498,cp_bound,solver_report_between_checkpoints
k39_waiting_600s_seed1,479.11123654199764,981764.522136,60450.04201,cp_bound,solver_report_between_checkpoints
k39_waiting_600s_seed1,479.8839485419958,981764.522136,61538.069032,cp_bound,solver_report_between_checkpoints
k39_waiting_600s_seed1,480.40253154200036,981753.638256,61936.630494,cp_incumbent,solver_report_between_checkpoints
k39_waiting_600s_seed1,480.9579355419992,981753.638256,62086.471922,cp_bound,solver_report_between_checkpoints
k39_waiting_600s_seed1,482.2927204169973,981753.638256,63732.454877,cp_bound,solver_report_between_checkpoints
k39_waiting_600s_seed1,483.0401110829989,981753.638256,64063.851245,cp_bound,solver_report_between_checkpoints
k39_waiting_600s_seed1,483.94091050000134,981753.638256,64716.868697,cp_bound,solver_report_between_checkpoints
k39_waiting_600s_seed1,484.60730708299525,981753.638256,66672.230193,cp_bound,solver_report_between_checkpoints
k39_waiting_600s_seed1,485.4677448750008,981753.638256,66811.759054,cp_bound,solver_report_between_checkpoints
k39_waiting_600s_seed1,488.7543559580008,981753.638256,67110.293278,cp_bound,solver_report_between_checkpoints
k39_waiting_600s_seed1,489.5547687500002,981753.638256,67132.289888,cp_bound,solver_report_between_checkpoints
k39_waiting_600s_seed1,496.4709018329959,981509.114496,67132.290183,cp_incumbent,solver_report_between_checkpoints
k39_waiting_600s_seed1,497.4617081249962,981496.796448,67132.290183,cp_incumbent,solver_report_between_checkpoints
k39_waiting_600s_seed1,497.74779158300225,981237.114496,67132.290183,cp_incumbent,solver_report_between_checkpoints
k39_waiting_600s_seed1,497.7649758749976,981224.796448,67132.290183,cp_incumbent,solver_report_between_checkpoints
k39_waiting_600s_seed1,499.10071779199643,981216.560064,67132.290183,cp_incumbent,solver_report_between_checkpoints
k39_waiting_600s_seed1,499.95024304199615,981216.560064,67132.290183,cp_incumbent,solver_report_between_checkpoints
k39_waiting_600s_seed1,499.9888509579978,981215.392672,67132.290183,cp_incumbent,solver_report_between_checkpoints
k39_waiting_600s_seed1,500.0038130419998,981215.392672,67132.290183,cp_incumbent,solver_report_between_checkpoints
k39_waiting_600s_seed1,500.3066630829999,980984.90148,67132.290183,cp_incumbent,solver_report_between_checkpoints
k39_waiting_600s_seed1,502.1263346670021,980489.57864,67132.290183,cp_incumbent,solver_report_between_checkpoints
k39_waiting_600s_seed1,507.29327116700006,980489.57864,67357.115758,cp_bound,solver_report_between_checkpoints
k39_waiting_600s_seed1,510.6959483749961,980489.572056,67357.115758,cp_incumbent,solver_report_between_checkpoints
k39_waiting_600s_seed1,514.9621710829961,980481.335672,67357.115758,cp_incumbent,solver_report_between_checkpoints
k39_waiting_600s_seed1,516.4784023329994,980480.28052,67357.115758,cp_incumbent,solver_report_between_checkpoints
k39_waiting_600s_seed1,516.5753677079992,980473.099296,67357.115758,cp_incumbent,solver_report_between_checkpoints
k39_waiting_600s_seed1,516.5914517499987,980472.044144,67357.115758,cp_incumbent,solver_report_between_checkpoints
k39_waiting_600s_seed1,522.3589257080021,980455.290416,67357.115758,cp_incumbent,solver_report_between_checkpoints
k39_waiting_600s_seed1,523.2505669579987,980455.290416,67357.115758,cp_incumbent,solver_report_between_checkpoints
k39_waiting_600s_seed1,524.3982495419987,980455.290416,67591.097484,cp_bound,solver_report_between_checkpoints
k39_waiting_600s_seed1,525.2353481249957,980455.290416,68377.670662,cp_bound,solver_report_between_checkpoints
k39_waiting_600s_seed1,526.0557547080025,980455.290416,70221.275091,cp_bound,solver_report_between_checkpoints
k39_waiting_600s_seed1,526.9500772920001,980455.290416,70977.717024,cp_bound,solver_report_between_checkpoints
k39_waiting_600s_seed1,530.5968256670021,980454.123024,70977.717024,cp_incumbent,solver_report_between_checkpoints
k39_waiting_600s_seed1,531.3895697499975,980454.123024,71617.166708,cp_bound,solver_report_between_checkpoints
k39_waiting_600s_seed1,535.6147384169963,980454.123024,71617.225943,cp_incumbent,solver_report_between_checkpoints
k39_waiting_600s_seed1,536.0159204169977,980452.955624,71617.225943,cp_incumbent,solver_report_between_checkpoints
k39_waiting_600s_seed1,537.0120027919984,980120.762904,71617.225943,cp_incumbent,solver_report_between_checkpoints
k39_waiting_600s_seed1,537.0323139999964,980119.595512,71617.225943,cp_incumbent,solver_report_between_checkpoints
k39_waiting_600s_seed1,537.2175510000015,980118.42812,71617.225943,cp_incumbent,solver_report_between_checkpoints
k39_waiting_600s_seed1,537.6270293749985,977408.879144,71617.225943,cp_incumbent,solver_report_between_checkpoints
k39_waiting_600s_seed1,537.8089381669997,977407.405312,71617.225943,cp_incumbent,solver_report_between_checkpoints
k39_waiting_600s_seed1,538.3899036250004,977135.405312,71617.225943,cp_incumbent,solver_report_between_checkpoints
k39_waiting_600s_seed1,542.649055707996,977125.301896,71617.225943,cp_incumbent,solver_report_between_checkpoints
k39_waiting_600s_seed1,544.4877884169982,977123.828064,71617.225943,cp_incumbent,solver_report_between_checkpoints
k39_waiting_600s_seed1,545.9824630000003,977052.666384,71617.225943,cp_incumbent,solver_report_between_checkpoints
k39_waiting_600s_seed1,547.1937976670015,977047.770864,71617.225943,cp_incumbent,solver_report_between_checkpoints
k39_waiting_600s_seed1,547.5159789999962,977047.770864,71626.946919,cp_bound,solver_report_between_checkpoints
k39_waiting_600s_seed1,548.3174475420019,977047.770864,72071.008996,cp_bound,solver_report_between_checkpoints
k39_waiting_600s_seed1,549.5105197500015,977047.770864,72730.98043,cp_bound,solver_report_between_checkpoints
k39_waiting_600s_seed1,550.2784519170018,976987.717176,72977.533216,cp_incumbent,solver_report_between_checkpoints
k39_waiting_600s_seed1,550.6800258329968,976987.717176,73137.115055,cp_bound,solver_report_between_checkpoints
k39_waiting_600s_seed1,552.0430736249982,976987.717176,73722.687722,cp_bound,solver_report_between_checkpoints
k39_waiting_600s_seed1,554.5737088749956,976715.717176,73722.687722,cp_incumbent,solver_report_between_checkpoints
k39_waiting_600s_seed1,568.2784408750013,976715.717176,73738.60513,cp_bound,solver_report_between_checkpoints
k39_waiting_600s_seed1,569.4395657080022,976715.717176,74294.377088,cp_bound,solver_report_between_checkpoints
k39_waiting_600s_seed1,571.1908569169973,976715.717176,74749.996907,cp_bound,solver_report_between_checkpoints
k39_waiting_600s_seed1,572.5429769580005,976715.717176,75256.866473,cp_bound,solver_report_between_checkpoints
k39_waiting_600s_seed1,573.1949979580022,976715.717176,75764.880812,cp_bound,solver_report_between_checkpoints
k39_waiting_600s_seed1,573.3683430419987,976670.319816,75764.880812,cp_incumbent,solver_report_between_checkpoints
k39_waiting_600s_seed1,574.2586421250016,976670.319816,76433.578778,cp_bound,solver_report_between_checkpoints
k39_waiting_600s_seed1,575.7482764579981,976670.319816,78139.758765,cp_bound,solver_report_between_checkpoints
k39_waiting_600s_seed1,579.2088532080015,976670.319816,79255.935847,cp_bound,solver_report_between_checkpoints
k39_waiting_600s_seed1,580.321629207996,976670.319816,79376.214549,cp_bound,solver_report_between_checkpoints
k39_waiting_600s_seed1,586.4769204999975,976398.319816,79376.214549,cp_incumbent,solver_report_between_checkpoints
k39_waiting_600s_seed1,588.4851350419995,976139.1068,79376.214549,cp_incumbent,solver_report_between_checkpoints
k39_waiting_600s_seed1,589.5689178749963,975867.1068,79376.214549,cp_incumbent,solver_report_between_checkpoints
k39_waiting_600s_seed1,592.2562226250011,975857.003384,79376.214549,cp_incumbent,solver_report_between_checkpoints
k39_waiting_600s_seed1,595.5942129579998,975751.7986,79376.214549,cp_incumbent,solver_report_between_checkpoints
k39_waiting_600s_seed1,595.9180125419953,975742.862576,79376.214549,cp_incumbent,solver_report_between_checkpoints
k39_waiting_600s_seed1,596.485935167002,975741.831456,79376.214549,cp_incumbent,solver_report_between_checkpoints
k39_waiting_600s_seed1,596.5219997919994,975741.831456,79421.751042,cp_bound,solver_report_between_checkpoints
k39_waiting_600s_seed1,597.5970732919959,975741.831456,79816.799862,cp_bound,solver_report_between_checkpoints
k39_waiting_600s_seed1,598.6734746669972,975741.831456,80951.07193,cp_bound,solver_report_between_checkpoints
k39_waiting_600s_seed1,599.8161337499987,975741.831456,81928.146276,cp_bound,solver_report_between_checkpoints
k39_waiting_600s_seed1,600.3249708329968,975741.831456,81928.146276,final,solver_report_between_checkpoints
k39_waiting_600s_seed2,27.777612625002803,1007532.083464,0.0,cp_bound,solver_report_between_checkpoints
k39_waiting_600s_seed2,39.459599708003225,1007532.083464,0.0,cp_bound,solver_report_between_checkpoints
k39_waiting_600s_seed2,40.36923941600253,1007532.083464,0.0,cp_incumbent,solver_report_between_checkpoints
k39_waiting_600s_seed2,43.79275608300668,1006999.67148,0.0,cp_incumbent,solver_report_between_checkpoints
k39_waiting_600s_seed2,44.0719117500048,1006943.020192,0.0,cp_incumbent,solver_report_between_checkpoints
k39_waiting_600s_seed2,49.03263379100099,1006253.666936,0.0,cp_incumbent,solver_report_between_checkpoints
k39_waiting_600s_seed2,54.106800000001385,1005676.931525,0.0,cp_incumbent,solver_report_between_checkpoints
k39_waiting_600s_seed2,56.5992184160059,1005634.904388,0.0,cp_incumbent,solver_report_between_checkpoints
k39_waiting_600s_seed2,60.74951250000595,1005570.15782,0.0,cp_incumbent,solver_report_between_checkpoints
k39_waiting_600s_seed2,61.54799291600648,1004845.45526,0.0,cp_incumbent,solver_report_between_checkpoints
k39_waiting_600s_seed2,62.6888565410045,1004843.634076,0.0,cp_incumbent,solver_report_between_checkpoints
k39_waiting_600s_seed2,62.90879125000356,1004545.464292,0.0,cp_incumbent,solver_report_between_checkpoints
k39_waiting_600s_seed2,63.51203054100188,1004389.396028,0.0,cp_incumbent,solver_report_between_checkpoints
k39_waiting_600s_seed2,63.85542233300657,1004238.793884,0.0,cp_incumbent,solver_report_between_checkpoints
k39_waiting_600s_seed2,64.37507566600107,1002574.372789,0.0,cp_incumbent,solver_report_between_checkpoints
k39_waiting_600s_seed2,66.01200850000168,1002491.982016,0.0,cp_incumbent,solver_report_between_checkpoints
k39_waiting_600s_seed2,70.57989175000694,1002343.4614,0.0,cp_incumbent,solver_report_between_checkpoints
k39_waiting_600s_seed2,77.50881545800075,1002324.142256,0.0,cp_incumbent,solver_report_between_checkpoints
k39_waiting_600s_seed2,78.51712891600619,1002324.142232,0.0,cp_incumbent,solver_report_between_checkpoints
k39_waiting_600s_seed2,121.93419637500483,1002324.142232,1599.13388,cp_bound,solver_report_between_checkpoints
k39_waiting_600s_seed2,142.78349970800627,1002324.142232,5969.606666,cp_bound,solver_report_between_checkpoints
k39_waiting_600s_seed2,163.4735394580057,1002324.142232,15760.733101,cp_bound,solver_report_between_checkpoints
k39_waiting_600s_seed2,172.52370987500035,1000530.687688,15760.733101,cp_incumbent,solver_report_between_checkpoints
k39_waiting_600s_seed2,175.39259508300165,999329.518768,15760.733101,cp_incumbent,solver_report_between_checkpoints
k39_waiting_600s_seed2,177.30230370800564,999319.415352,15760.733101,cp_incumbent,solver_report_between_checkpoints
k39_waiting_600s_seed2,178.04971191600634,999319.415352,28594.121152,cp_bound,solver_report_between_checkpoints
k39_waiting_600s_seed2,178.73660066600132,999319.415352,49392.742102,cp_bound,solver_report_between_checkpoints
k39_waiting_600s_seed2,179.238827125002,999319.415352,51005.002326,cp_bound,solver_report_between_checkpoints
k39_waiting_600s_seed2,181.22007020800083,999319.415352,51220.908142,cp_bound,solver_report_between_checkpoints
k39_waiting_600s_seed2,188.59813537500304,999319.415352,51245.921925,cp_bound,solver_report_between_checkpoints
k39_waiting_600s_seed2,190.8423493750015,999319.415352,51246.212283,cp_bound,solver_report_between_checkpoints
k39_waiting_600s_seed2,191.48643125000672,999319.415352,51246.449566,cp_bound,solver_report_between_checkpoints
k39_waiting_600s_seed2,206.5476765830026,999319.415352,51246.450743,cp_bound,solver_report_between_checkpoints
k39_waiting_600s_seed2,207.63025354100682,999319.415352,51246.477533,cp_bound,solver_report_between_checkpoints
k39_waiting_600s_seed2,211.56175754100695,999292.558208,51246.477533,cp_incumbent,solver_report_between_checkpoints
k39_waiting_600s_seed2,224.3788405830055,998739.622184,51246.477533,cp_incumbent,solver_report_between_checkpoints
k39_waiting_600s_seed2,245.28984841600322,998739.622184,51250.561774,cp_bound,solver_report_between_checkpoints
k39_waiting_600s_seed2,246.63446237500466,998739.622184,51276.449234,cp_bound,solver_report_between_checkpoints
k39_waiting_600s_seed2,247.87437491600576,998714.40512,51276.449234,cp_incumbent,solver_report_between_checkpoints
k39_waiting_600s_seed2,248.90410891600186,998714.40512,51276.453498,cp_bound,solver_report_between_checkpoints
k39_waiting_600s_seed2,250.3313057500054,998714.40512,51295.466589,cp_bound,solver_report_between_checkpoints
k39_waiting_600s_seed2,252.62101612500555,998668.161176,51295.466589,cp_incumbent,solver_report_between_checkpoints
k39_waiting_600s_seed2,259.7635661660024,998396.161176,51295.466589,cp_incumbent,solver_report_between_checkpoints
k39_waiting_600s_seed2,261.18468408300396,998396.161176,51295.466589,cp_incumbent,solver_report_between_checkpoints
k39_waiting_600s_seed2,266.0424824580041,998396.16116,51295.466589,cp_incumbent,solver_report_between_checkpoints
k39_waiting_600s_seed2,270.90195716600283,995460.14888,51295.466589,cp_incumbent,solver_report_between_checkpoints
k39_waiting_600s_seed2,270.9494945000042,995372.936528,51295.466589,cp_incumbent,solver_report_between_checkpoints
k39_waiting_600s_seed2,271.5807262080052,995372.003024,51295.466589,cp_incumbent,solver_report_between_checkpoints
k39_waiting_600s_seed2,271.7224847500038,992915.837784,51295.466589,cp_incumbent,solver_report_between_checkpoints
k39_waiting_600s_seed2,271.8219624580015,991733.820444,51295.466589,cp_incumbent,solver_report_between_checkpoints
k39_waiting_600s_seed2,272.6714118750024,991665.134404,51295.466589,cp_incumbent,solver_report_between_checkpoints
k39_waiting_600s_seed2,273.75755020800716,991548.980776,51295.466589,cp_incumbent,solver_report_between_checkpoints
k39_waiting_600s_seed2,274.7357422910063,991543.151744,51295.466589,cp_incumbent,solver_report_between_checkpoints
k39_waiting_600s_seed2,274.77086608300306,991543.151744,51295.524466,cp_bound,solver_report_between_checkpoints
k39_waiting_600s_seed2,276.8562798750063,991538.484224,51295.524466,cp_incumbent,solver_report_between_checkpoints
k39_waiting_600s_seed2,277.01898591600184,991538.484224,51295.526445,cp_bound,solver_report_between_checkpoints
k39_waiting_600s_seed2,277.22651441600465,991538.484224,51295.526445,cp_incumbent,solver_report_between_checkpoints
k39_waiting_600s_seed2,278.15316333300143,991538.484224,51295.530238,cp_bound,solver_report_between_checkpoints
k39_waiting_600s_seed2,278.73609016600676,991536.617208,51295.530238,cp_incumbent,solver_report_between_checkpoints
k39_waiting_600s_seed2,280.1025794580055,991536.617208,51295.534819,cp_bound,solver_report_between_checkpoints
k39_waiting_600s_seed2,280.831481250003,991264.634904,51295.685916,cp_incumbent,solver_report_between_checkpoints
k39_waiting_600s_seed2,281.1004477500028,991264.626064,51295.685916,cp_incumbent,solver_report_between_checkpoints
k39_waiting_600s_seed2,282.40268395800376,991264.626064,51295.685916,cp_incumbent,solver_report_between_checkpoints
k39_waiting_600s_seed2,282.63016670800425,991264.617224,51295.685916,cp_incumbent,solver_report_between_checkpoints
k39_waiting_600s_seed2,283.2827339580035,990946.879952,51295.685916,cp_incumbent,solver_report_between_checkpoints
k39_waiting_600s_seed2,284.54114516600384,990649.312016,51295.685916,cp_incumbent,solver_report_between_checkpoints
k39_waiting_600s_seed2,284.93854804100556,990633.847496,51295.685916,cp_incumbent,solver_report_between_checkpoints
k39_waiting_600s_seed2,285.2814797500032,990123.68188,51295.685916,cp_incumbent,solver_report_between_checkpoints
k39_waiting_600s_seed2,285.6026914160029,990123.68188,51295.685916,cp_incumbent,solver_report_between_checkpoints
k39_waiting_600s_seed2,285.6748614160024,990123.681864,51295.685916,cp_incumbent,solver_report_between_checkpoints
k39_waiting_600s_seed2,286.00596391600266,990123.681864,51295.685916,cp_incumbent,solver_report_between_checkpoints
k39_waiting_600s_seed2,286.4552789580048,990105.760744,51295.685916,cp_incumbent,solver_report_between_checkpoints
k39_waiting_600s_seed2,288.13326891600445,990105.760744,51295.685916,cp_incumbent,solver_report_between_checkpoints
k39_waiting_600s_seed2,288.68075416600186,990105.760728,51295.685916,cp_incumbent,solver_report_between_checkpoints
k39_waiting_600s_seed2,289.57638245800626,990105.760728,51295.685916,cp_incumbent,solver_report_between_checkpoints
k39_waiting_600s_seed2,289.93125983300706,990105.760712,51295.685916,cp_incumbent,solver_report_between_checkpoints
k39_waiting_600s_seed2,295.953125166001,990105.76068,51295.685916,cp_incumbent,solver_report_between_checkpoints
k39_waiting_600s_seed2,296.9500765410048,990105.76068,51295.685916,cp_incumbent,solver_report_between_checkpoints
k39_waiting_600s_seed2,298.7821443750072,988312.306128,51295.685916,cp_incumbent,solver_report_between_checkpoints
k39_waiting_600s_seed2,301.12026250000054,988241.215512,51295.685916,cp_incumbent,solver_report_between_checkpoints
k39_waiting_600s_seed2,303.2114549580001,988220.075168,51295.685916,cp_incumbent,solver_report_between_checkpoints
k39_waiting_600s_seed2,304.76003762500477,988147.352648,51295.685916,cp_incumbent,solver_report_between_checkpoints
k39_waiting_600s_seed2,311.6450540000005,987961.20824,51295.685916,cp_incumbent,solver_report_between_checkpoints
k39_waiting_600s_seed2,327.65056975000334,987934.989016,51295.685916,cp_incumbent,solver_report_between_checkpoints
k39_waiting_600s_seed2,333.5953328750038,987806.073704,51295.685916,cp_incumbent,solver_report_between_checkpoints
k39_waiting_600s_seed2,334.71654725000553,987791.074768,51295.685916,cp_incumbent,solver_report_between_checkpoints
k39_waiting_600s_seed2,338.2561607500029,987791.074768,51295.690401,cp_bound,solver_report_between_checkpoints
k39_waiting_600s_seed2,339.3221205410009,987791.074768,51295.752879,cp_bound,solver_report_between_checkpoints
k39_waiting_600s_seed2,352.0471725830066,987698.629312,51295.752879,cp_incumbent,solver_report_between_checkpoints
k39_waiting_600s_seed2,353.8952687500059,987698.629312,51295.769778,cp_bound,solver_report_between_checkpoints
k39_waiting_600s_seed2,354.89990829100134,987698.629312,51295.98132,cp_bound,solver_report_between_checkpoints
k39_waiting_600s_seed2,355.4397838330042,987698.629312,51295.982418,cp_bound,solver_report_between_checkpoints
k39_waiting_600s_seed2,356.66752170800464,987698.629312,51369.727187,cp_bound,solver_report_between_checkpoints
k39_waiting_600s_seed2,359.03298554100184,986175.353576,51374.931442,cp_incumbent,solver_report_between_checkpoints
k39_waiting_600s_seed2,360.4260441250008,986175.353576,51383.177568,cp_bound,solver_report_between_checkpoints
k39_waiting_600s_seed2,361.4617340830009,986175.353576,51760.548629,cp_bound,solver_report_between_checkpoints
k39_waiting_600s_seed2,364.28887812500034,986026.205976,51760.548629,cp_incumbent,solver_report_between_checkpoints
k39_waiting_600s_seed2,369.8564245000016,986022.487792,51760.548629,cp_incumbent,solver_report_between_checkpoints
k39_waiting_600s_seed2,370.58958412500215,986018.769608,51760.548629,cp_incumbent,solver_report_between_checkpoints
k39_waiting_600s_seed2,375.60694270800013,986018.769608,51761.268468,cp_bound,solver_report_between_checkpoints
k39_waiting_600s_seed2,376.8592432910009,986018.769608,52529.749993,cp_bound,solver_report_between_checkpoints
k39_waiting_600s_seed2,377.9085946250052,986018.769608,52572.315999,cp_bound,solver_report_between_checkpoints
k39_waiting_600s_seed2,379.6512526660008,986018.769608,52614.680641,cp_bound,solver_report_between_checkpoints
k39_waiting_600s_seed2,380.3654311250066,986018.769608,52788.856538,cp_bound,solver_report_between_checkpoints
k39_waiting_600s_seed2,380.9117468330005,986012.07748,52800.17577,cp_incumbent,solver_report_between_checkpoints
k39_waiting_600s_seed2,380.95120087500254,986012.07748,52964.466221,cp_bound,solver_report_between_checkpoints
k39_waiting_600s_seed2,382.16742120800336,986008.359296,52964.546217,cp_incumbent,solver_report_between_checkpoints
k39_waiting_600s_seed2,382.920070375003,986008.359296,52964.680903,cp_bound,solver_report_between_checkpoints
k39_waiting_600s_seed2,383.8260725,986004.641112,52964.680903,cp_incumbent,solver_report_between_checkpoints
k39_waiting_600s_seed2,384.11215575000097,986004.641112,52969.964282,cp_bound,solver_report_between_checkpoints
k39_waiting_600s_seed2,384.6789629160048,985997.948984,52970.036625,cp_incumbent,solver_report_between_checkpoints
k39_waiting_600s_seed2,385.1914619580057,985994.2308,52970.036625,cp_incumbent,solver_report_between_checkpoints
k39_waiting_600s_seed2,385.6627988330001,985994.2308,52970.037463,cp_bound,solver_report_between_checkpoints
k39_waiting_600s_seed2,387.0589461660056,985994.2308,53001.526694,cp_bound,solver_report_between_checkpoints
k39_waiting_600s_seed2,391.7209619580026,985994.2308,53002.248478,cp_bound,solver_report_between_checkpoints
k39_waiting_600s_seed2,391.97318208300567,985958.15792,53002.295167,cp_incumbent,solver_report_between_checkpoints
k39_waiting_600s_seed2,393.2641685830022,985958.15792,53006.228602,cp_bound,solver_report_between_checkpoints
k39_waiting_600s_seed2,403.68470025000715,985414.15792,53006.228602,cp_incumbent,solver_report_between_checkpoints
k39_waiting_600s_seed2,403.97334487500484,983582.962352,53006.228602,cp_incumbent,solver_report_between_checkpoints
k39_waiting_600s_seed2,405.11190737500146,983553.819496,53006.228602,cp_incumbent,solver_report_between_checkpoints
k39_waiting_600s_seed2,407.18486808300077,983553.81948,53006.228602,cp_incumbent,solver_report_between_checkpoints
k39_waiting_600s_seed2,407.2969084580036,983553.81948,53006.321356,cp_bound,solver_report_between_checkpoints
k39_waiting_600s_seed2,408.2795382500044,983553.81948,53018.604014,cp_bound,solver_report_between_checkpoints
k39_waiting_600s_seed2,410.6963781250015,983553.81948,53052.572402,cp_bound,solver_report_between_checkpoints
k39_waiting_600s_seed2,412.8431202910069,983553.81948,53068.544507,cp_bound,solver_report_between_checkpoints
k39_waiting_600s_seed2,413.4360316250022,983553.81948,53089.414123,cp_bound,solver_report_between_checkpoints
k39_waiting_600s_seed2,413.94325987500633,983553.81948,53726.800537,cp_bound,solver_report_between_checkpoints
k39_waiting_600s_seed2,414.77632829100185,983553.81948,53749.965126,cp_bound,solver_report_between_checkpoints
k39_waiting_600s_seed2,415.60917862500355,983553.81948,53825.780013,cp_bound,solver_report_between_checkpoints
k39_waiting_600s_seed2,416.4195088750057,983553.81948,53848.777719,cp_bound,solver_report_between_checkpoints
k39_waiting_600s_seed2,418.2112522500029,983553.81948,53934.58326,cp_bound,solver_report_between_checkpoints
k39_waiting_600s_seed2,419.24509216600563,983553.81948,54056.473673,cp_bound,solver_report_between_checkpoints
k39_waiting_600s_seed2,419.3979227500022,981863.3724,54056.664547,cp_incumbent,solver_report_between_checkpoints
k39_waiting_600s_seed2,420.79578566600685,981863.3724,54063.290718,cp_bound,solver_report_between_checkpoints
k39_waiting_600s_seed2,422.49530075000075,981863.3724,54083.3592,cp_bound,solver_report_between_checkpoints
k39_waiting_600s_seed2,422.9989883330054,981863.3724,54138.161128,cp_bound,solver_report_between_checkpoints
k39_waiting_600s_seed2,424.3472712080038,981863.3724,54203.615606,cp_bound,solver_report_between_checkpoints
k39_waiting_600s_seed2,425.02542579100555,981863.3724,54225.975793,cp_bound,solver_report_between_checkpoints
k39_waiting_600s_seed2,425.6149087080048,981863.3724,54226.587328,cp_bound,solver_report_between_checkpoints
k39_waiting_600s_seed2,426.18870725000306,981863.3724,54226.68386,cp_bound,solver_report_between_checkpoints
k39_waiting_600s_seed2,429.40646262500377,981620.491048,54226.68386,cp_incumbent,solver_report_between_checkpoints
k39_waiting_600s_seed2,430.22953495800175,981133.470312,54226.68386,cp_incumbent,solver_report_between_checkpoints
k39_waiting_600s_seed2,431.3215305000049,981123.366896,54226.68386,cp_incumbent,solver_report_between_checkpoints
k39_waiting_600s_seed2,431.6350397080023,981123.366896,54589.352513,cp_bound,solver_report_between_checkpoints
k39_waiting_600s_seed2,432.2984212080046,981123.366896,54645.111405,cp_bound,solver_report_between_checkpoints
k39_waiting_600s_seed2,433.17795650000335,981123.366896,54818.878238,cp_bound,solver_report_between_checkpoints
k39_waiting_600s_seed2,433.967888666004,981123.366896,54854.387495,cp_bound,solver_report_between_checkpoints
k39_waiting_600s_seed2,434.1356727080056,981113.26348,54869.718537,cp_incumbent,solver_report_between_checkpoints
k39_waiting_600s_seed2,434.2038119580029,981109.968448,54896.650312,cp_incumbent,solver_report_between_checkpoints
k39_waiting_600s_seed2,434.4898953330048,979714.367499,54896.650312,cp_incumbent,solver_report_between_checkpoints
k39_waiting_600s_seed2,434.5065934580052,979711.072467,54896.650312,cp_incumbent,solver_report_between_checkpoints
k39_waiting_600s_seed2,434.85165591600526,979711.072467,55091.698202,cp_bound,solver_report_between_checkpoints
k39_waiting_600s_seed2,435.88793170800636,979711.072467,56549.601684,cp_bound,solver_report_between_checkpoints
k39_waiting_600s_seed2,437.14139937500295,979711.072467,57076.652332,cp_bound,solver_report_between_checkpoints
k39_waiting_600s_seed2,437.7240626250059,979711.072467,58121.24325,cp_bound,solver_report_between_checkpoints
k39_waiting_600s_seed2,437.76645391600323,979607.833056,58121.24325,cp_incumbent,solver_report_between_checkpoints
k39_waiting_600s_seed2,438.6606957080003,979607.833056,58411.177024,cp_bound,solver_report_between_checkpoints
k39_waiting_600s_seed2,439.695412208006,979607.833056,58904.109955,cp_bound,solver_report_between_checkpoints
k39_waiting_600s_seed2,440.9464179580027,979607.833056,59397.100358,cp_bound,solver_report_between_checkpoints
k39_waiting_600s_seed2,451.001725208007,979333.908282,59397.100358,cp_incumbent,solver_report_between_checkpoints
k39_waiting_600s_seed2,451.7554219580052,979103.417098,59397.100358,cp_incumbent,solver_report_between_checkpoints
k39_waiting_600s_seed2,451.88647375000437,979021.173616,59397.100358,cp_incumbent,solver_report_between_checkpoints
k39_waiting_600s_seed2,453.8985287500036,978938.815696,59397.100358,cp_incumbent,solver_report_between_checkpoints
k39_waiting_600s_seed2,454.6804153750054,978938.815696,59550.180452,cp_bound,solver_report_between_checkpoints
k39_waiting_600s_seed2,455.6781242500001,978882.22576,60157.564809,cp_incumbent,solver_report_between_checkpoints
k39_waiting_600s_seed2,457.5649629160034,978882.22576,60244.989694,cp_bound,solver_report_between_checkpoints
k39_waiting_600s_seed2,458.29385137500503,978764.260456,60624.581535,cp_incumbent,solver_report_between_checkpoints
k39_waiting_600s_seed2,458.4263527910007,978764.260456,61557.156456,cp_bound,solver_report_between_checkpoints
k39_waiting_600s_seed2,459.3393673330065,978764.260456,62090.145582,cp_bound,solver_report_between_checkpoints
k39_waiting_600s_seed2,460.1000006660033,978764.260456,62428.379156,cp_bound,solver_report_between_checkpoints
k39_waiting_600s_seed2,460.5950037080038,978725.977656,62752.561457,cp_incumbent,solver_report_between_checkpoints
k39_waiting_600s_seed2,461.24436645800597,978725.977656,63111.162034,cp_bound,solver_report_between_checkpoints
k39_waiting_600s_seed2,462.5536645000029,978692.73528,64633.263046,cp_incumbent,solver_report_between_checkpoints
k39_waiting_600s_seed2,464.589662958002,978692.73528,65532.370002,cp_bound,solver_report_between_checkpoints
k39_waiting_600s_seed2,465.29242254100245,978692.73528,65694.623744,cp_bound,solver_report_between_checkpoints
k39_waiting_600s_seed2,466.340618000002,978682.631864,65694.623744,cp_incumbent,solver_report_between_checkpoints
k39_waiting_600s_seed2,476.23473679100425,978682.631864,66094.926682,cp_bound,solver_report_between_checkpoints
k39_waiting_600s_seed2,477.13522933300555,978682.631864,66240.243589,cp_bound,solver_report_between_checkpoints
k39_waiting_600s_seed2,477.76067241600686,978682.631864,66331.021297,cp_bound,solver_report_between_checkpoints
k39_waiting_600s_seed2,492.9586507910062,978682.631864,66441.390095,cp_bound,solver_report_between_checkpoints
k39_waiting_600s_seed2,493.908672000005,978682.631864,66672.671744,cp_bound,solver_report_between_checkpoints
k39_waiting_600s_seed2,494.43725654100126,978682.631864,66968.464025,cp_bound,solver_report_between_checkpoints
k39_waiting_600s_seed2,494.97911008300434,978682.631864,67087.820312,cp_bound,solver_report_between_checkpoints
k39_waiting_600s_seed2,495.67023766600323,978682.631864,67169.479926,cp_bound,solver_report_between_checkpoints
k39_waiting_600s_seed2,496.6807031660064,978682.631864,67171.41098,cp_bound,solver_report_between_checkpoints
k39_waiting_600s_seed2,500.2509211660072,978682.631864,67174.413057,cp_bound,solver_report_between_checkpoints
k39_waiting_600s_seed2,503.4770854160015,978682.631864,67184.746439,cp_bound,solver_report_between_checkpoints
k39_waiting_600s_seed2,504.5312862500068,978682.631864,67186.62058,cp_bound,solver_report_between_checkpoints
k39_waiting_600s_seed2,506.5792959580067,978682.631864,67192.748383,cp_bound,solver_report_between_checkpoints
k39_waiting_600s_seed2,507.8111398330002,978682.631864,67192.748385,cp_bound,solver_report_between_checkpoints
k39_waiting_600s_seed2,510.6587904160042,978682.631864,67202.481822,cp_bound,solver_report_between_checkpoints
k39_waiting_600s_seed2,513.0359567500054,978682.631864,67214.930628,cp_bound,solver_report_between_checkpoints
k39_waiting_600s_seed2,515.5368593330059,978682.631864,67217.124421,cp_bound,solver_report_between_checkpoints
k39_waiting_600s_seed2,519.5949510410064,978682.631864,67221.043888,cp_bound,solver_report_between_checkpoints
k39_waiting_600s_seed2,524.1102009580063,978682.631864,67252.276326,cp_bound,solver_report_between_checkpoints
k39_waiting_600s_seed2,526.4916387500052,978682.631864,67252.660983,cp_bound,solver_report_between_checkpoints
k39_waiting_600s_seed2,527.6182601660039,978682.631864,67253.162628,cp_bound,solver_report_between_checkpoints
k39_waiting_600s_seed2,529.5472574580053,978682.631864,67257.290674,cp_bound,solver_report_between_checkpoints
k39_waiting_600s_seed2,540.3895664160009,978678.387448,67257.290674,cp_incumbent,solver_report_between_checkpoints
k39_waiting_600s_seed2,544.1380402910072,978678.387448,67257.918157,cp_bound,solver_report_between_checkpoints
k39_waiting_600s_seed2,544.7990958750015,978678.387448,67262.077375,cp_bound,solver_report_between_checkpoints
k39_waiting_600s_seed2,545.7315176250049,978529.239848,67263.315027,cp_incumbent,solver_report_between_checkpoints
k39_waiting_600s_seed2,547.0388738750044,978529.239848,67265.339081,cp_bound,solver_report_between_checkpoints
k39_waiting_600s_seed2,547.546933291007,978529.239848,67271.456781,cp_bound,solver_report_between_checkpoints
k39_waiting_600s_seed2,548.2507382080003,978067.597768,67271.456781,cp_incumbent,solver_report_between_checkpoints
k39_waiting_600s_seed2,549.5068118330018,978067.597768,67272.024474,cp_bound,solver_report_between_checkpoints
k39_waiting_600s_seed2,551.9212074160023,978067.597768,67388.318755,cp_bound,solver_report_between_checkpoints
k39_waiting_600s_seed2,552.5800157080012,977976.13284,67388.996082,cp_incumbent,solver_report_between_checkpoints
k39_waiting_600s_seed2,553.5042588330034,977976.132816,67388.996082,cp_incumbent,solver_report_between_checkpoints
k39_waiting_600s_seed2,555.0533282500037,977976.132816,67389.679838,cp_bound,solver_report_between_checkpoints
k39_waiting_600s_seed2,555.7711439160048,977976.132816,67389.681382,cp_bound,solver_report_between_checkpoints
k39_waiting_600s_seed2,557.3386977080008,977975.199336,67389.681382,cp_incumbent,solver_report_between_checkpoints
k39_waiting_600s_seed2,557.6326433330032,977975.199336,67389.714729,cp_bound,solver_report_between_checkpoints
k39_waiting_600s_seed2,562.549366625004,977975.199336,67390.024288,cp_bound,solver_report_between_checkpoints
k39_waiting_600s_seed2,564.3897045000049,977975.199336,67390.526632,cp_bound,solver_report_between_checkpoints
k39_waiting_600s_seed2,565.4451650410047,977975.199336,67390.88832,cp_bound,solver_report_between_checkpoints
k39_waiting_600s_seed2,566.8979801250025,977975.199336,67666.555008,cp_bound,solver_report_between_checkpoints
k39_waiting_600s_seed2,567.8058776660037,977975.199336,67666.561714,cp_bound,solver_report_between_checkpoints
k39_waiting_600s_seed2,568.9153538750033,977975.199336,67718.004671,cp_bound,solver_report_between_checkpoints
k39_waiting_600s_seed2,570.8058137080006,977975.199336,67718.744949,cp_bound,solver_report_between_checkpoints
k39_waiting_600s_seed2,574.7093253330022,977975.199336,67719.192782,cp_bound,solver_report_between_checkpoints
k39_waiting_600s_seed2,577.0355180830011,977975.199336,67720.235162,cp_bound,solver_report_between_checkpoints
k39_waiting_600s_seed2,577.6806424160022,977975.199336,67720.298411,cp_bound,solver_report_between_checkpoints
k39_waiting_600s_seed2,581.1542200830008,977975.199336,67720.31636,cp_bound,solver_report_between_checkpoints
k39_waiting_600s_seed2,587.9417106660039,977862.719296,67720.31636,cp_incumbent,solver_report_between_checkpoints
k39_waiting_600s_seed2,588.9610060830018,977828.502488,67720.31636,cp_incumbent,solver_report_between_checkpoints
k39_waiting_600s_seed2,591.847503625002,977787.935616,67720.31636,cp_incumbent,solver_report_between_checkpoints
k39_waiting_600s_seed2,593.2078509580024,977515.935616,67720.31636,cp_incumbent,solver_report_between_checkpoints
k39_waiting_600s_seed2,596.0697575000013,977515.935616,67722.100695,cp_bound,solver_report_between_checkpoints
k39_waiting_600s_seed2,596.7808743330024,977515.935616,69519.631248,cp_bound,solver_report_between_checkpoints
k39_waiting_600s_seed2,597.3258978750018,977515.935616,70496.853878,cp_bound,solver_report_between_checkpoints
k39_waiting_600s_seed2,598.0913142080026,977515.935616,71439.647715,cp_bound,solver_report_between_checkpoints
k39_waiting_600s_seed2,599.7136544580062,977515.935616,71647.165613,cp_bound,solver_report_between_checkpoints
k39_waiting_600s_seed2,600.2813000830065,977515.935616,71720.290135,final,solver_report_between_checkpoints
matrix/diffuse_batch/all_stop,0.47109091699530836,635519.99808,0.0,network_build,solver_report_between_checkpoints
matrix/diffuse_batch/all_stop,0.851147374996799,635519.99808,635519.99808,solve_complete,solver_report_between_checkpoints
matrix/diffuse_batch/skip_stop,0.4487386670007254,635519.99808,0.0,network_build,solver_report_between_checkpoints
matrix/diffuse_batch/skip_stop,5.460235709004337,635519.99808,0.0,model_passengers,solver_report_between_checkpoints
matrix/diffuse_batch/skip_stop,10.466697750001913,635519.99808,0.0,presolve,solver_report_between_checkpoints
matrix/diffuse_batch/skip_stop,11.478578542002651,525730.9081600001,525730.9081600001,solve_complete,solver_report_between_checkpoints
matrix/diffuse_distributed/all_stop,0.7187748329961323,332987.27054699964,0.0,network_build,solver_report_between_checkpoints
matrix/diffuse_distributed/all_stop,1.6958582079969347,332987.27054699964,332987.27054699976,solve_complete,solver_report_between_checkpoints
matrix/diffuse_distributed/skip_stop,0.7234853340050904,332987.27054699964,0.0,network_build,solver_report_between_checkpoints
matrix/diffuse_distributed/skip_stop,5.734187167006894,332987.27054699964,0.0,model_passengers,solver_report_between_checkpoints
matrix/diffuse_distributed/skip_stop,10.751842959005444,332987.27054699964,0.0,model_passengers,solver_report_between_checkpoints
matrix/diffuse_distributed/skip_stop,15.76938450000307,332987.27054699964,0.0,model_passengers,solver_report_between_checkpoints
matrix/diffuse_distributed/skip_stop,20.780667209000967,332987.27054699964,0.0,presolve,solver_report_between_checkpoints
matrix/diffuse_distributed/skip_stop,25.78586187500332,332987.27054699964,0.0,presolve,solver_report_between_checkpoints
matrix/diffuse_distributed/skip_stop,30.788949125002546,332987.27054699964,0.0,presolve,solver_report_between_checkpoints
matrix/diffuse_distributed/skip_stop,35.78968125000392,332987.27054699964,0.0,presolve,solver_report_between_checkpoints
matrix/diffuse_distributed/skip_stop,40.79136683400429,332987.27054699964,217919.53564208082,branch_and_bound,solver_report_between_checkpoints
matrix/diffuse_distributed/skip_stop,45.79651683400152,332987.27054699964,217919.53564208082,branch_and_bound,solver_report_between_checkpoints
matrix/diffuse_distributed/skip_stop,50.801550916999986,332987.27054699964,217919.53564208082,branch_and_bound,solver_report_between_checkpoints
matrix/diffuse_distributed/skip_stop,55.802713667006174,332987.27054699964,217919.53564208082,branch_and_bound,solver_report_between_checkpoints
matrix/diffuse_distributed/skip_stop,60.80784366700391,332987.27054699964,217919.53564208082,branch_and_bound,solver_report_between_checkpoints
matrix/diffuse_distributed/skip_stop,65.81221795900638,332987.27054699964,217919.53564208082,branch_and_bound,solver_report_between_checkpoints
matrix/diffuse_distributed/skip_stop,70.81560079200426,332987.27054699964,217919.53564208082,branch_and_bound,solver_report_between_checkpoints
matrix/diffuse_distributed/skip_stop,75.81901350000408,332987.27054699964,217919.53564208082,branch_and_bound,solver_report_between_checkpoints
matrix/diffuse_distributed/skip_stop,80.82021887500014,332987.27054699964,217919.53564208082,branch_and_bound,solver_report_between_checkpoints
matrix/diffuse_distributed/skip_stop,85.82119012500334,332987.27054699964,217919.53564208082,branch_and_bound,solver_report_between_checkpoints
matrix/diffuse_distributed/skip_stop,90.82634554200195,332987.27054699964,217919.53564208082,branch_and_bound,solver_report_between_checkpoints
matrix/diffuse_distributed/skip_stop,95.8323221669998,332987.27054699964,217919.53564208082,branch_and_bound,solver_report_between_checkpoints
matrix/diffuse_distributed/skip_stop,100.83681300000171,332987.27054699964,217919.53564208082,branch_and_bound,solver_report_between_checkpoints
matrix/diffuse_distributed/skip_stop,105.83827220900275,332987.27054699964,217919.53564208082,branch_and_bound,solver_report_between_checkpoints
matrix/diffuse_distributed/skip_stop,109.6955772920046,332987.27054699964,217919.53564208082,solve_complete,solver_report_between_checkpoints
matrix/express_batch/all_stop,0.38381474999914644,977672.7254400001,0.0,network_build,solver_report_between_checkpoints
matrix/express_batch/all_stop,0.6166300409968244,977672.7254400001,977672.7254400002,solve_complete,solver_report_between_checkpoints
matrix/express_batch/skip_stop,0.3828105409993441,977672.7254400001,0.0,network_build,solver_report_between_checkpoints
matrix/express_batch/skip_stop,5.388014249998378,977672.7254400001,0.0,presolve,solver_report_between_checkpoints
matrix/express_batch/skip_stop,9.14205720800237,786850.9081600005,786850.9081600005,solve_complete,solver_report_between_checkpoints
matrix/express_distributed/all_stop,0.47483858299528947,609774.5436399999,0.0,network_build,solver_report_between_checkpoints
matrix/express_distributed/all_stop,1.066060874996765,609774.5436399999,609774.5436399997,solve_complete,solver_report_between_checkpoints
matrix/express_distributed/skip_stop,0.4812856670032488,609774.5436399999,0.0,network_build,solver_report_between_checkpoints
matrix/express_distributed/skip_stop,5.957883834002132,609774.5436399999,0.0,model_passengers,solver_report_between_checkpoints
matrix/express_distributed/skip_stop,10.989528417005204,609774.5436399999,0.0,model_passengers,solver_report_between_checkpoints
matrix/express_distributed/skip_stop,16.000931125003262,609774.5436399999,0.0,presolve,solver_report_between_checkpoints
matrix/express_distributed/skip_stop,21.00604929200199,609774.5436399999,0.0,presolve,solver_report_between_checkpoints
matrix/express_distributed/skip_stop,26.0073956250053,609774.5436399999,422797.5748266672,branch_and_bound,solver_report_between_checkpoints
matrix/express_distributed/skip_stop,31.01217658400128,609774.5436399999,422797.5748266672,branch_and_bound,solver_report_between_checkpoints
matrix/express_distributed/skip_stop,36.01255891700566,609774.5436399999,422797.5748266672,branch_and_bound,solver_report_between_checkpoints
matrix/express_distributed/skip_stop,41.01277637499879,423057.4536240003,422797.5748266672,branch_and_bound,solver_report_between_checkpoints
matrix/express_distributed/skip_stop,46.01795420900453,423057.4536240003,422797.5748266672,branch_and_bound,solver_report_between_checkpoints
matrix/express_distributed/skip_stop,51.025346209004056,423057.4536240003,422797.5748266672,branch_and_bound,solver_report_between_checkpoints
matrix/express_distributed/skip_stop,56.02573304199905,423057.4536240003,422797.5748266672,branch_and_bound,solver_report_between_checkpoints
matrix/express_distributed/skip_stop,61.026194459002,423057.4536240003,422797.5748266672,branch_and_bound,solver_report_between_checkpoints
matrix/express_distributed/skip_stop,66.0274840839993,423057.4536240003,422797.5748266672,branch_and_bound,solver_report_between_checkpoints
matrix/express_distributed/skip_stop,71.02801412500412,423057.4536240003,422797.5748266672,branch_and_bound,solver_report_between_checkpoints
matrix/express_distributed/skip_stop,76.03317791700101,423057.4536240003,422797.5748266672,branch_and_bound,solver_report_between_checkpoints
matrix/express_distributed/skip_stop,81.0383585419986,423057.4536240003,422798.6137828571,branch_and_bound,solver_report_between_checkpoints
matrix/express_distributed/skip_stop,86.04350200000044,423057.4536240003,422798.6137828571,branch_and_bound,solver_report_between_checkpoints
matrix/express_distributed/skip_stop,91.04455120900093,423057.4536240003,422798.6137828571,branch_and_bound,solver_report_between_checkpoints
matrix/express_distributed/skip_stop,96.04965520900441,423057.4536240003,422798.6137828571,branch_and_bound,solver_report_between_checkpoints
matrix/express_distributed/skip_stop,101.05084124999848,423057.4536240003,422798.6137828571,branch_and_bound,solver_report_between_checkpoints
matrix/express_distributed/skip_stop,106.05159945900232,423057.4536240003,422798.6137828571,branch_and_bound,solver_report_between_checkpoints
matrix/express_distributed/skip_stop,109.10235029199976,423057.4536240003,422798.6137828571,solve_complete,solver_report_between_checkpoints
matrix/local_batch/all_stop,0.367023083003005,340770.9081600001,0.0,network_build,solver_report_between_checkpoints
matrix/local_batch/all_stop,0.4971812500007218,340770.9081600001,340770.90815999964,solve_complete,solver_report_between_checkpoints
matrix/local_batch/skip_stop,0.36786429199855775,340770.9081600001,0.0,network_build,solver_report_between_checkpoints
matrix/local_batch/skip_stop,5.3730749579990515,340770.9081600001,0.0,presolve,solver_report_between_checkpoints
matrix/local_batch/skip_stop,6.168925041994953,340770.9081600001,340770.90815999964,solve_complete,solver_report_between_checkpoints
matrix/local_distributed/all_stop,0.4045491669967305,117149.08944000024,0.0,network_build,solver_report_between_checkpoints
matrix/local_distributed/all_stop,0.6382628749997821,117149.08944000024,117149.08944000036,solve_complete,solver_report_between_checkpoints
matrix/local_distributed/skip_stop,0.4050974999991013,117149.08944000024,0.0,network_build,solver_report_between_checkpoints
matrix/local_distributed/skip_stop,5.405552415999409,117149.08944000024,0.0,presolve,solver_report_between_checkpoints
matrix/local_distributed/skip_stop,10.405771290999837,117149.08944000024,0.0,presolve,solver_report_between_checkpoints
matrix/local_distributed/skip_stop,15.406750791000377,117149.08944000024,115130.18028332773,branch_and_bound,solver_report_between_checkpoints
matrix/local_distributed/skip_stop,20.41193579100218,117149.08944000024,115952.42938785457,branch_and_bound,solver_report_between_checkpoints
matrix/local_distributed/skip_stop,25.417114999996556,117149.08944000024,116047.20044349915,branch_and_bound,solver_report_between_checkpoints
matrix/local_distributed/skip_stop,30.422276582998165,117149.08944000024,116100.01730259426,branch_and_bound,solver_report_between_checkpoints
matrix/local_distributed/skip_stop,35.422692915999505,117149.08944000024,116100.01730259426,branch_and_bound,solver_report_between_checkpoints
matrix/local_distributed/skip_stop,40.424049499997636,117149.08944000024,116100.01730259426,branch_and_bound,solver_report_between_checkpoints
matrix/local_distributed/skip_stop,45.42604029100039,117149.08944000024,116100.01730259426,branch_and_bound,solver_report_between_checkpoints
matrix/local_distributed/skip_stop,50.43120591600018,117149.08944000024,116120.95908998547,branch_and_bound,solver_report_between_checkpoints
matrix/local_distributed/skip_stop,55.43160516599892,117149.08944000024,116127.27089915401,branch_and_bound,solver_report_between_checkpoints
matrix/local_distributed/skip_stop,60.4338459579958,117149.08944000024,116134.73982790392,branch_and_bound,solver_report_between_checkpoints
matrix/local_distributed/skip_stop,65.43903129099635,117149.08944000024,116404.45372803613,branch_and_bound,solver_report_between_checkpoints
matrix/local_distributed/skip_stop,70.44416754099802,117149.08944000024,116404.45372803613,branch_and_bound,solver_report_between_checkpoints
matrix/local_distributed/skip_stop,75.44500900000276,117149.08944000024,116404.45372803613,branch_and_bound,solver_report_between_checkpoints
matrix/local_distributed/skip_stop,80.44937200000277,117149.08944000024,116404.45372803613,branch_and_bound,solver_report_between_checkpoints
matrix/local_distributed/skip_stop,84.39945912500116,117149.08944000024,117149.08944000036,solve_complete,solver_report_between_checkpoints
